# robosuite plane_follow y-axis inverted curved slab (trough)
o curved_inverse_surface
v -0.17500000 -0.17500000 0.10500000
v -0.15166667 -0.17500000 0.10500000
v -0.12833333 -0.17500000 0.10500000
v -0.10500000 -0.17500000 0.10500000
v -0.08166667 -0.17500000 0.10500000
v -0.05833333 -0.17500000 0.10500000
v -0.03500000 -0.17500000 0.10500000
v -0.01166667 -0.17500000 0.10500000
v 0.01166667 -0.17500000 0.10500000
v 0.03500000 -0.17500000 0.10500000
v 0.05833333 -0.17500000 0.10500000
v 0.08166667 -0.17500000 0.10500000
v 0.10500000 -0.17500000 0.10500000
v 0.12833333 -0.17500000 0.10500000
v 0.15166667 -0.17500000 0.10500000
v 0.17500000 -0.17500000 0.10500000
v -0.17500000 -0.16944444 0.10000126
v -0.15166667 -0.16944444 0.10000126
v -0.12833333 -0.16944444 0.10000126
v -0.10500000 -0.16944444 0.10000126
v -0.08166667 -0.16944444 0.10000126
v -0.05833333 -0.16944444 0.10000126
v -0.03500000 -0.16944444 0.10000126
v -0.01166667 -0.16944444 0.10000126
v 0.01166667 -0.16944444 0.10000126
v 0.03500000 -0.16944444 0.10000126
v 0.05833333 -0.16944444 0.10000126
v 0.08166667 -0.16944444 0.10000126
v 0.10500000 -0.16944444 0.10000126
v 0.12833333 -0.16944444 0.10000126
v 0.15166667 -0.16944444 0.10000126
v 0.17500000 -0.16944444 0.10000126
v -0.17500000 -0.16388889 0.09516377
v -0.15166667 -0.16388889 0.09516377
v -0.12833333 -0.16388889 0.09516377
v -0.10500000 -0.16388889 0.09516377
v -0.08166667 -0.16388889 0.09516377
v -0.05833333 -0.16388889 0.09516377
v -0.03500000 -0.16388889 0.09516377
v -0.01166667 -0.16388889 0.09516377
v 0.01166667 -0.16388889 0.09516377
v 0.03500000 -0.16388889 0.09516377
v 0.05833333 -0.16388889 0.09516377
v 0.08166667 -0.16388889 0.09516377
v 0.10500000 -0.16388889 0.09516377
v 0.12833333 -0.16388889 0.09516377
v 0.15166667 -0.16388889 0.09516377
v 0.17500000 -0.16388889 0.09516377
v -0.17500000 -0.15833333 0.09048753
v -0.15166667 -0.15833333 0.09048753
v -0.12833333 -0.15833333 0.09048753
v -0.10500000 -0.15833333 0.09048753
v -0.08166667 -0.15833333 0.09048753
v -0.05833333 -0.15833333 0.09048753
v -0.03500000 -0.15833333 0.09048753
v -0.01166667 -0.15833333 0.09048753
v 0.01166667 -0.15833333 0.09048753
v 0.03500000 -0.15833333 0.09048753
v 0.05833333 -0.15833333 0.09048753
v 0.08166667 -0.15833333 0.09048753
v 0.10500000 -0.15833333 0.09048753
v 0.12833333 -0.15833333 0.09048753
v 0.15166667 -0.15833333 0.09048753
v 0.17500000 -0.15833333 0.09048753
v -0.17500000 -0.15277778 0.08597254
v -0.15166667 -0.15277778 0.08597254
v -0.12833333 -0.15277778 0.08597254
v -0.10500000 -0.15277778 0.08597254
v -0.08166667 -0.15277778 0.08597254
v -0.05833333 -0.15277778 0.08597254
v -0.03500000 -0.15277778 0.08597254
v -0.01166667 -0.15277778 0.08597254
v 0.01166667 -0.15277778 0.08597254
v 0.03500000 -0.15277778 0.08597254
v 0.05833333 -0.15277778 0.08597254
v 0.08166667 -0.15277778 0.08597254
v 0.10500000 -0.15277778 0.08597254
v 0.12833333 -0.15277778 0.08597254
v 0.15166667 -0.15277778 0.08597254
v 0.17500000 -0.15277778 0.08597254
v -0.17500000 -0.14722222 0.08161880
v -0.15166667 -0.14722222 0.08161880
v -0.12833333 -0.14722222 0.08161880
v -0.10500000 -0.14722222 0.08161880
v -0.08166667 -0.14722222 0.08161880
v -0.05833333 -0.14722222 0.08161880
v -0.03500000 -0.14722222 0.08161880
v -0.01166667 -0.14722222 0.08161880
v 0.01166667 -0.14722222 0.08161880
v 0.03500000 -0.14722222 0.08161880
v 0.05833333 -0.14722222 0.08161880
v 0.08166667 -0.14722222 0.08161880
v 0.10500000 -0.14722222 0.08161880
v 0.12833333 -0.14722222 0.08161880
v 0.15166667 -0.14722222 0.08161880
v 0.17500000 -0.14722222 0.08161880
v -0.17500000 -0.14166667 0.07742630
v -0.15166667 -0.14166667 0.07742630
v -0.12833333 -0.14166667 0.07742630
v -0.10500000 -0.14166667 0.07742630
v -0.08166667 -0.14166667 0.07742630
v -0.05833333 -0.14166667 0.07742630
v -0.03500000 -0.14166667 0.07742630
v -0.01166667 -0.14166667 0.07742630
v 0.01166667 -0.14166667 0.07742630
v 0.03500000 -0.14166667 0.07742630
v 0.05833333 -0.14166667 0.07742630
v 0.08166667 -0.14166667 0.07742630
v 0.10500000 -0.14166667 0.07742630
v 0.12833333 -0.14166667 0.07742630
v 0.15166667 -0.14166667 0.07742630
v 0.17500000 -0.14166667 0.07742630
v -0.17500000 -0.13611111 0.07339506
v -0.15166667 -0.13611111 0.07339506
v -0.12833333 -0.13611111 0.07339506
v -0.10500000 -0.13611111 0.07339506
v -0.08166667 -0.13611111 0.07339506
v -0.05833333 -0.13611111 0.07339506
v -0.03500000 -0.13611111 0.07339506
v -0.01166667 -0.13611111 0.07339506
v 0.01166667 -0.13611111 0.07339506
v 0.03500000 -0.13611111 0.07339506
v 0.05833333 -0.13611111 0.07339506
v 0.08166667 -0.13611111 0.07339506
v 0.10500000 -0.13611111 0.07339506
v 0.12833333 -0.13611111 0.07339506
v 0.15166667 -0.13611111 0.07339506
v 0.17500000 -0.13611111 0.07339506
v -0.17500000 -0.13055556 0.06952507
v -0.15166667 -0.13055556 0.06952507
v -0.12833333 -0.13055556 0.06952507
v -0.10500000 -0.13055556 0.06952507
v -0.08166667 -0.13055556 0.06952507
v -0.05833333 -0.13055556 0.06952507
v -0.03500000 -0.13055556 0.06952507
v -0.01166667 -0.13055556 0.06952507
v 0.01166667 -0.13055556 0.06952507
v 0.03500000 -0.13055556 0.06952507
v 0.05833333 -0.13055556 0.06952507
v 0.08166667 -0.13055556 0.06952507
v 0.10500000 -0.13055556 0.06952507
v 0.12833333 -0.13055556 0.06952507
v 0.15166667 -0.13055556 0.06952507
v 0.17500000 -0.13055556 0.06952507
v -0.17500000 -0.12500000 0.06581633
v -0.15166667 -0.12500000 0.06581633
v -0.12833333 -0.12500000 0.06581633
v -0.10500000 -0.12500000 0.06581633
v -0.08166667 -0.12500000 0.06581633
v -0.05833333 -0.12500000 0.06581633
v -0.03500000 -0.12500000 0.06581633
v -0.01166667 -0.12500000 0.06581633
v 0.01166667 -0.12500000 0.06581633
v 0.03500000 -0.12500000 0.06581633
v 0.05833333 -0.12500000 0.06581633
v 0.08166667 -0.12500000 0.06581633
v 0.10500000 -0.12500000 0.06581633
v 0.12833333 -0.12500000 0.06581633
v 0.15166667 -0.12500000 0.06581633
v 0.17500000 -0.12500000 0.06581633
v -0.17500000 -0.11944444 0.06226883
v -0.15166667 -0.11944444 0.06226883
v -0.12833333 -0.11944444 0.06226883
v -0.10500000 -0.11944444 0.06226883
v -0.08166667 -0.11944444 0.06226883
v -0.05833333 -0.11944444 0.06226883
v -0.03500000 -0.11944444 0.06226883
v -0.01166667 -0.11944444 0.06226883
v 0.01166667 -0.11944444 0.06226883
v 0.03500000 -0.11944444 0.06226883
v 0.05833333 -0.11944444 0.06226883
v 0.08166667 -0.11944444 0.06226883
v 0.10500000 -0.11944444 0.06226883
v 0.12833333 -0.11944444 0.06226883
v 0.15166667 -0.11944444 0.06226883
v 0.17500000 -0.11944444 0.06226883
v -0.17500000 -0.11388889 0.05888259
v -0.15166667 -0.11388889 0.05888259
v -0.12833333 -0.11388889 0.05888259
v -0.10500000 -0.11388889 0.05888259
v -0.08166667 -0.11388889 0.05888259
v -0.05833333 -0.11388889 0.05888259
v -0.03500000 -0.11388889 0.05888259
v -0.01166667 -0.11388889 0.05888259
v 0.01166667 -0.11388889 0.05888259
v 0.03500000 -0.11388889 0.05888259
v 0.05833333 -0.11388889 0.05888259
v 0.08166667 -0.11388889 0.05888259
v 0.10500000 -0.11388889 0.05888259
v 0.12833333 -0.11388889 0.05888259
v 0.15166667 -0.11388889 0.05888259
v 0.17500000 -0.11388889 0.05888259
v -0.17500000 -0.10833333 0.05565760
v -0.15166667 -0.10833333 0.05565760
v -0.12833333 -0.10833333 0.05565760
v -0.10500000 -0.10833333 0.05565760
v -0.08166667 -0.10833333 0.05565760
v -0.05833333 -0.10833333 0.05565760
v -0.03500000 -0.10833333 0.05565760
v -0.01166667 -0.10833333 0.05565760
v 0.01166667 -0.10833333 0.05565760
v 0.03500000 -0.10833333 0.05565760
v 0.05833333 -0.10833333 0.05565760
v 0.08166667 -0.10833333 0.05565760
v 0.10500000 -0.10833333 0.05565760
v 0.12833333 -0.10833333 0.05565760
v 0.15166667 -0.10833333 0.05565760
v 0.17500000 -0.10833333 0.05565760
v -0.17500000 -0.10277778 0.05259385
v -0.15166667 -0.10277778 0.05259385
v -0.12833333 -0.10277778 0.05259385
v -0.10500000 -0.10277778 0.05259385
v -0.08166667 -0.10277778 0.05259385
v -0.05833333 -0.10277778 0.05259385
v -0.03500000 -0.10277778 0.05259385
v -0.01166667 -0.10277778 0.05259385
v 0.01166667 -0.10277778 0.05259385
v 0.03500000 -0.10277778 0.05259385
v 0.05833333 -0.10277778 0.05259385
v 0.08166667 -0.10277778 0.05259385
v 0.10500000 -0.10277778 0.05259385
v 0.12833333 -0.10277778 0.05259385
v 0.15166667 -0.10277778 0.05259385
v 0.17500000 -0.10277778 0.05259385
v -0.17500000 -0.09722222 0.04969136
v -0.15166667 -0.09722222 0.04969136
v -0.12833333 -0.09722222 0.04969136
v -0.10500000 -0.09722222 0.04969136
v -0.08166667 -0.09722222 0.04969136
v -0.05833333 -0.09722222 0.04969136
v -0.03500000 -0.09722222 0.04969136
v -0.01166667 -0.09722222 0.04969136
v 0.01166667 -0.09722222 0.04969136
v 0.03500000 -0.09722222 0.04969136
v 0.05833333 -0.09722222 0.04969136
v 0.08166667 -0.09722222 0.04969136
v 0.10500000 -0.09722222 0.04969136
v 0.12833333 -0.09722222 0.04969136
v 0.15166667 -0.09722222 0.04969136
v 0.17500000 -0.09722222 0.04969136
v -0.17500000 -0.09166667 0.04695011
v -0.15166667 -0.09166667 0.04695011
v -0.12833333 -0.09166667 0.04695011
v -0.10500000 -0.09166667 0.04695011
v -0.08166667 -0.09166667 0.04695011
v -0.05833333 -0.09166667 0.04695011
v -0.03500000 -0.09166667 0.04695011
v -0.01166667 -0.09166667 0.04695011
v 0.01166667 -0.09166667 0.04695011
v 0.03500000 -0.09166667 0.04695011
v 0.05833333 -0.09166667 0.04695011
v 0.08166667 -0.09166667 0.04695011
v 0.10500000 -0.09166667 0.04695011
v 0.12833333 -0.09166667 0.04695011
v 0.15166667 -0.09166667 0.04695011
v 0.17500000 -0.09166667 0.04695011
v -0.17500000 -0.08611111 0.04437012
v -0.15166667 -0.08611111 0.04437012
v -0.12833333 -0.08611111 0.04437012
v -0.10500000 -0.08611111 0.04437012
v -0.08166667 -0.08611111 0.04437012
v -0.05833333 -0.08611111 0.04437012
v -0.03500000 -0.08611111 0.04437012
v -0.01166667 -0.08611111 0.04437012
v 0.01166667 -0.08611111 0.04437012
v 0.03500000 -0.08611111 0.04437012
v 0.05833333 -0.08611111 0.04437012
v 0.08166667 -0.08611111 0.04437012
v 0.10500000 -0.08611111 0.04437012
v 0.12833333 -0.08611111 0.04437012
v 0.15166667 -0.08611111 0.04437012
v 0.17500000 -0.08611111 0.04437012
v -0.17500000 -0.08055556 0.04195137
v -0.15166667 -0.08055556 0.04195137
v -0.12833333 -0.08055556 0.04195137
v -0.10500000 -0.08055556 0.04195137
v -0.08166667 -0.08055556 0.04195137
v -0.05833333 -0.08055556 0.04195137
v -0.03500000 -0.08055556 0.04195137
v -0.01166667 -0.08055556 0.04195137
v 0.01166667 -0.08055556 0.04195137
v 0.03500000 -0.08055556 0.04195137
v 0.05833333 -0.08055556 0.04195137
v 0.08166667 -0.08055556 0.04195137
v 0.10500000 -0.08055556 0.04195137
v 0.12833333 -0.08055556 0.04195137
v 0.15166667 -0.08055556 0.04195137
v 0.17500000 -0.08055556 0.04195137
v -0.17500000 -0.07500000 0.03969388
v -0.15166667 -0.07500000 0.03969388
v -0.12833333 -0.07500000 0.03969388
v -0.10500000 -0.07500000 0.03969388
v -0.08166667 -0.07500000 0.03969388
v -0.05833333 -0.07500000 0.03969388
v -0.03500000 -0.07500000 0.03969388
v -0.01166667 -0.07500000 0.03969388
v 0.01166667 -0.07500000 0.03969388
v 0.03500000 -0.07500000 0.03969388
v 0.05833333 -0.07500000 0.03969388
v 0.08166667 -0.07500000 0.03969388
v 0.10500000 -0.07500000 0.03969388
v 0.12833333 -0.07500000 0.03969388
v 0.15166667 -0.07500000 0.03969388
v 0.17500000 -0.07500000 0.03969388
v -0.17500000 -0.06944444 0.03759763
v -0.15166667 -0.06944444 0.03759763
v -0.12833333 -0.06944444 0.03759763
v -0.10500000 -0.06944444 0.03759763
v -0.08166667 -0.06944444 0.03759763
v -0.05833333 -0.06944444 0.03759763
v -0.03500000 -0.06944444 0.03759763
v -0.01166667 -0.06944444 0.03759763
v 0.01166667 -0.06944444 0.03759763
v 0.03500000 -0.06944444 0.03759763
v 0.05833333 -0.06944444 0.03759763
v 0.08166667 -0.06944444 0.03759763
v 0.10500000 -0.06944444 0.03759763
v 0.12833333 -0.06944444 0.03759763
v 0.15166667 -0.06944444 0.03759763
v 0.17500000 -0.06944444 0.03759763
v -0.17500000 -0.06388889 0.03566264
v -0.15166667 -0.06388889 0.03566264
v -0.12833333 -0.06388889 0.03566264
v -0.10500000 -0.06388889 0.03566264
v -0.08166667 -0.06388889 0.03566264
v -0.05833333 -0.06388889 0.03566264
v -0.03500000 -0.06388889 0.03566264
v -0.01166667 -0.06388889 0.03566264
v 0.01166667 -0.06388889 0.03566264
v 0.03500000 -0.06388889 0.03566264
v 0.05833333 -0.06388889 0.03566264
v 0.08166667 -0.06388889 0.03566264
v 0.10500000 -0.06388889 0.03566264
v 0.12833333 -0.06388889 0.03566264
v 0.15166667 -0.06388889 0.03566264
v 0.17500000 -0.06388889 0.03566264
v -0.17500000 -0.05833333 0.03388889
v -0.15166667 -0.05833333 0.03388889
v -0.12833333 -0.05833333 0.03388889
v -0.10500000 -0.05833333 0.03388889
v -0.08166667 -0.05833333 0.03388889
v -0.05833333 -0.05833333 0.03388889
v -0.03500000 -0.05833333 0.03388889
v -0.01166667 -0.05833333 0.03388889
v 0.01166667 -0.05833333 0.03388889
v 0.03500000 -0.05833333 0.03388889
v 0.05833333 -0.05833333 0.03388889
v 0.08166667 -0.05833333 0.03388889
v 0.10500000 -0.05833333 0.03388889
v 0.12833333 -0.05833333 0.03388889
v 0.15166667 -0.05833333 0.03388889
v 0.17500000 -0.05833333 0.03388889
v -0.17500000 -0.05277778 0.03227639
v -0.15166667 -0.05277778 0.03227639
v -0.12833333 -0.05277778 0.03227639
v -0.10500000 -0.05277778 0.03227639
v -0.08166667 -0.05277778 0.03227639
v -0.05833333 -0.05277778 0.03227639
v -0.03500000 -0.05277778 0.03227639
v -0.01166667 -0.05277778 0.03227639
v 0.01166667 -0.05277778 0.03227639
v 0.03500000 -0.05277778 0.03227639
v 0.05833333 -0.05277778 0.03227639
v 0.08166667 -0.05277778 0.03227639
v 0.10500000 -0.05277778 0.03227639
v 0.12833333 -0.05277778 0.03227639
v 0.15166667 -0.05277778 0.03227639
v 0.17500000 -0.05277778 0.03227639
v -0.17500000 -0.04722222 0.03082514
v -0.15166667 -0.04722222 0.03082514
v -0.12833333 -0.04722222 0.03082514
v -0.10500000 -0.04722222 0.03082514
v -0.08166667 -0.04722222 0.03082514
v -0.05833333 -0.04722222 0.03082514
v -0.03500000 -0.04722222 0.03082514
v -0.01166667 -0.04722222 0.03082514
v 0.01166667 -0.04722222 0.03082514
v 0.03500000 -0.04722222 0.03082514
v 0.05833333 -0.04722222 0.03082514
v 0.08166667 -0.04722222 0.03082514
v 0.10500000 -0.04722222 0.03082514
v 0.12833333 -0.04722222 0.03082514
v 0.15166667 -0.04722222 0.03082514
v 0.17500000 -0.04722222 0.03082514
v -0.17500000 -0.04166667 0.02953515
v -0.15166667 -0.04166667 0.02953515
v -0.12833333 -0.04166667 0.02953515
v -0.10500000 -0.04166667 0.02953515
v -0.08166667 -0.04166667 0.02953515
v -0.05833333 -0.04166667 0.02953515
v -0.03500000 -0.04166667 0.02953515
v -0.01166667 -0.04166667 0.02953515
v 0.01166667 -0.04166667 0.02953515
v 0.03500000 -0.04166667 0.02953515
v 0.05833333 -0.04166667 0.02953515
v 0.08166667 -0.04166667 0.02953515
v 0.10500000 -0.04166667 0.02953515
v 0.12833333 -0.04166667 0.02953515
v 0.15166667 -0.04166667 0.02953515
v 0.17500000 -0.04166667 0.02953515
v -0.17500000 -0.03611111 0.02840640
v -0.15166667 -0.03611111 0.02840640
v -0.12833333 -0.03611111 0.02840640
v -0.10500000 -0.03611111 0.02840640
v -0.08166667 -0.03611111 0.02840640
v -0.05833333 -0.03611111 0.02840640
v -0.03500000 -0.03611111 0.02840640
v -0.01166667 -0.03611111 0.02840640
v 0.01166667 -0.03611111 0.02840640
v 0.03500000 -0.03611111 0.02840640
v 0.05833333 -0.03611111 0.02840640
v 0.08166667 -0.03611111 0.02840640
v 0.10500000 -0.03611111 0.02840640
v 0.12833333 -0.03611111 0.02840640
v 0.15166667 -0.03611111 0.02840640
v 0.17500000 -0.03611111 0.02840640
v -0.17500000 -0.03055556 0.02743890
v -0.15166667 -0.03055556 0.02743890
v -0.12833333 -0.03055556 0.02743890
v -0.10500000 -0.03055556 0.02743890
v -0.08166667 -0.03055556 0.02743890
v -0.05833333 -0.03055556 0.02743890
v -0.03500000 -0.03055556 0.02743890
v -0.01166667 -0.03055556 0.02743890
v 0.01166667 -0.03055556 0.02743890
v 0.03500000 -0.03055556 0.02743890
v 0.05833333 -0.03055556 0.02743890
v 0.08166667 -0.03055556 0.02743890
v 0.10500000 -0.03055556 0.02743890
v 0.12833333 -0.03055556 0.02743890
v 0.15166667 -0.03055556 0.02743890
v 0.17500000 -0.03055556 0.02743890
v -0.17500000 -0.02500000 0.02663265
v -0.15166667 -0.02500000 0.02663265
v -0.12833333 -0.02500000 0.02663265
v -0.10500000 -0.02500000 0.02663265
v -0.08166667 -0.02500000 0.02663265
v -0.05833333 -0.02500000 0.02663265
v -0.03500000 -0.02500000 0.02663265
v -0.01166667 -0.02500000 0.02663265
v 0.01166667 -0.02500000 0.02663265
v 0.03500000 -0.02500000 0.02663265
v 0.05833333 -0.02500000 0.02663265
v 0.08166667 -0.02500000 0.02663265
v 0.10500000 -0.02500000 0.02663265
v 0.12833333 -0.02500000 0.02663265
v 0.15166667 -0.02500000 0.02663265
v 0.17500000 -0.02500000 0.02663265
v -0.17500000 -0.01944444 0.02598765
v -0.15166667 -0.01944444 0.02598765
v -0.12833333 -0.01944444 0.02598765
v -0.10500000 -0.01944444 0.02598765
v -0.08166667 -0.01944444 0.02598765
v -0.05833333 -0.01944444 0.02598765
v -0.03500000 -0.01944444 0.02598765
v -0.01166667 -0.01944444 0.02598765
v 0.01166667 -0.01944444 0.02598765
v 0.03500000 -0.01944444 0.02598765
v 0.05833333 -0.01944444 0.02598765
v 0.08166667 -0.01944444 0.02598765
v 0.10500000 -0.01944444 0.02598765
v 0.12833333 -0.01944444 0.02598765
v 0.15166667 -0.01944444 0.02598765
v 0.17500000 -0.01944444 0.02598765
v -0.17500000 -0.01388889 0.02550391
v -0.15166667 -0.01388889 0.02550391
v -0.12833333 -0.01388889 0.02550391
v -0.10500000 -0.01388889 0.02550391
v -0.08166667 -0.01388889 0.02550391
v -0.05833333 -0.01388889 0.02550391
v -0.03500000 -0.01388889 0.02550391
v -0.01166667 -0.01388889 0.02550391
v 0.01166667 -0.01388889 0.02550391
v 0.03500000 -0.01388889 0.02550391
v 0.05833333 -0.01388889 0.02550391
v 0.08166667 -0.01388889 0.02550391
v 0.10500000 -0.01388889 0.02550391
v 0.12833333 -0.01388889 0.02550391
v 0.15166667 -0.01388889 0.02550391
v 0.17500000 -0.01388889 0.02550391
v -0.17500000 -0.00833333 0.02518141
v -0.15166667 -0.00833333 0.02518141
v -0.12833333 -0.00833333 0.02518141
v -0.10500000 -0.00833333 0.02518141
v -0.08166667 -0.00833333 0.02518141
v -0.05833333 -0.00833333 0.02518141
v -0.03500000 -0.00833333 0.02518141
v -0.01166667 -0.00833333 0.02518141
v 0.01166667 -0.00833333 0.02518141
v 0.03500000 -0.00833333 0.02518141
v 0.05833333 -0.00833333 0.02518141
v 0.08166667 -0.00833333 0.02518141
v 0.10500000 -0.00833333 0.02518141
v 0.12833333 -0.00833333 0.02518141
v 0.15166667 -0.00833333 0.02518141
v 0.17500000 -0.00833333 0.02518141
v -0.17500000 -0.00277778 0.02502016
v -0.15166667 -0.00277778 0.02502016
v -0.12833333 -0.00277778 0.02502016
v -0.10500000 -0.00277778 0.02502016
v -0.08166667 -0.00277778 0.02502016
v -0.05833333 -0.00277778 0.02502016
v -0.03500000 -0.00277778 0.02502016
v -0.01166667 -0.00277778 0.02502016
v 0.01166667 -0.00277778 0.02502016
v 0.03500000 -0.00277778 0.02502016
v 0.05833333 -0.00277778 0.02502016
v 0.08166667 -0.00277778 0.02502016
v 0.10500000 -0.00277778 0.02502016
v 0.12833333 -0.00277778 0.02502016
v 0.15166667 -0.00277778 0.02502016
v 0.17500000 -0.00277778 0.02502016
v -0.17500000 0.00277778 0.02502016
v -0.15166667 0.00277778 0.02502016
v -0.12833333 0.00277778 0.02502016
v -0.10500000 0.00277778 0.02502016
v -0.08166667 0.00277778 0.02502016
v -0.05833333 0.00277778 0.02502016
v -0.03500000 0.00277778 0.02502016
v -0.01166667 0.00277778 0.02502016
v 0.01166667 0.00277778 0.02502016
v 0.03500000 0.00277778 0.02502016
v 0.05833333 0.00277778 0.02502016
v 0.08166667 0.00277778 0.02502016
v 0.10500000 0.00277778 0.02502016
v 0.12833333 0.00277778 0.02502016
v 0.15166667 0.00277778 0.02502016
v 0.17500000 0.00277778 0.02502016
v -0.17500000 0.00833333 0.02518141
v -0.15166667 0.00833333 0.02518141
v -0.12833333 0.00833333 0.02518141
v -0.10500000 0.00833333 0.02518141
v -0.08166667 0.00833333 0.02518141
v -0.05833333 0.00833333 0.02518141
v -0.03500000 0.00833333 0.02518141
v -0.01166667 0.00833333 0.02518141
v 0.01166667 0.00833333 0.02518141
v 0.03500000 0.00833333 0.02518141
v 0.05833333 0.00833333 0.02518141
v 0.08166667 0.00833333 0.02518141
v 0.10500000 0.00833333 0.02518141
v 0.12833333 0.00833333 0.02518141
v 0.15166667 0.00833333 0.02518141
v 0.17500000 0.00833333 0.02518141
v -0.17500000 0.01388889 0.02550391
v -0.15166667 0.01388889 0.02550391
v -0.12833333 0.01388889 0.02550391
v -0.10500000 0.01388889 0.02550391
v -0.08166667 0.01388889 0.02550391
v -0.05833333 0.01388889 0.02550391
v -0.03500000 0.01388889 0.02550391
v -0.01166667 0.01388889 0.02550391
v 0.01166667 0.01388889 0.02550391
v 0.03500000 0.01388889 0.02550391
v 0.05833333 0.01388889 0.02550391
v 0.08166667 0.01388889 0.02550391
v 0.10500000 0.01388889 0.02550391
v 0.12833333 0.01388889 0.02550391
v 0.15166667 0.01388889 0.02550391
v 0.17500000 0.01388889 0.02550391
v -0.17500000 0.01944444 0.02598765
v -0.15166667 0.01944444 0.02598765
v -0.12833333 0.01944444 0.02598765
v -0.10500000 0.01944444 0.02598765
v -0.08166667 0.01944444 0.02598765
v -0.05833333 0.01944444 0.02598765
v -0.03500000 0.01944444 0.02598765
v -0.01166667 0.01944444 0.02598765
v 0.01166667 0.01944444 0.02598765
v 0.03500000 0.01944444 0.02598765
v 0.05833333 0.01944444 0.02598765
v 0.08166667 0.01944444 0.02598765
v 0.10500000 0.01944444 0.02598765
v 0.12833333 0.01944444 0.02598765
v 0.15166667 0.01944444 0.02598765
v 0.17500000 0.01944444 0.02598765
v -0.17500000 0.02500000 0.02663265
v -0.15166667 0.02500000 0.02663265
v -0.12833333 0.02500000 0.02663265
v -0.10500000 0.02500000 0.02663265
v -0.08166667 0.02500000 0.02663265
v -0.05833333 0.02500000 0.02663265
v -0.03500000 0.02500000 0.02663265
v -0.01166667 0.02500000 0.02663265
v 0.01166667 0.02500000 0.02663265
v 0.03500000 0.02500000 0.02663265
v 0.05833333 0.02500000 0.02663265
v 0.08166667 0.02500000 0.02663265
v 0.10500000 0.02500000 0.02663265
v 0.12833333 0.02500000 0.02663265
v 0.15166667 0.02500000 0.02663265
v 0.17500000 0.02500000 0.02663265
v -0.17500000 0.03055556 0.02743890
v -0.15166667 0.03055556 0.02743890
v -0.12833333 0.03055556 0.02743890
v -0.10500000 0.03055556 0.02743890
v -0.08166667 0.03055556 0.02743890
v -0.05833333 0.03055556 0.02743890
v -0.03500000 0.03055556 0.02743890
v -0.01166667 0.03055556 0.02743890
v 0.01166667 0.03055556 0.02743890
v 0.03500000 0.03055556 0.02743890
v 0.05833333 0.03055556 0.02743890
v 0.08166667 0.03055556 0.02743890
v 0.10500000 0.03055556 0.02743890
v 0.12833333 0.03055556 0.02743890
v 0.15166667 0.03055556 0.02743890
v 0.17500000 0.03055556 0.02743890
v -0.17500000 0.03611111 0.02840640
v -0.15166667 0.03611111 0.02840640
v -0.12833333 0.03611111 0.02840640
v -0.10500000 0.03611111 0.02840640
v -0.08166667 0.03611111 0.02840640
v -0.05833333 0.03611111 0.02840640
v -0.03500000 0.03611111 0.02840640
v -0.01166667 0.03611111 0.02840640
v 0.01166667 0.03611111 0.02840640
v 0.03500000 0.03611111 0.02840640
v 0.05833333 0.03611111 0.02840640
v 0.08166667 0.03611111 0.02840640
v 0.10500000 0.03611111 0.02840640
v 0.12833333 0.03611111 0.02840640
v 0.15166667 0.03611111 0.02840640
v 0.17500000 0.03611111 0.02840640
v -0.17500000 0.04166667 0.02953515
v -0.15166667 0.04166667 0.02953515
v -0.12833333 0.04166667 0.02953515
v -0.10500000 0.04166667 0.02953515
v -0.08166667 0.04166667 0.02953515
v -0.05833333 0.04166667 0.02953515
v -0.03500000 0.04166667 0.02953515
v -0.01166667 0.04166667 0.02953515
v 0.01166667 0.04166667 0.02953515
v 0.03500000 0.04166667 0.02953515
v 0.05833333 0.04166667 0.02953515
v 0.08166667 0.04166667 0.02953515
v 0.10500000 0.04166667 0.02953515
v 0.12833333 0.04166667 0.02953515
v 0.15166667 0.04166667 0.02953515
v 0.17500000 0.04166667 0.02953515
v -0.17500000 0.04722222 0.03082514
v -0.15166667 0.04722222 0.03082514
v -0.12833333 0.04722222 0.03082514
v -0.10500000 0.04722222 0.03082514
v -0.08166667 0.04722222 0.03082514
v -0.05833333 0.04722222 0.03082514
v -0.03500000 0.04722222 0.03082514
v -0.01166667 0.04722222 0.03082514
v 0.01166667 0.04722222 0.03082514
v 0.03500000 0.04722222 0.03082514
v 0.05833333 0.04722222 0.03082514
v 0.08166667 0.04722222 0.03082514
v 0.10500000 0.04722222 0.03082514
v 0.12833333 0.04722222 0.03082514
v 0.15166667 0.04722222 0.03082514
v 0.17500000 0.04722222 0.03082514
v -0.17500000 0.05277778 0.03227639
v -0.15166667 0.05277778 0.03227639
v -0.12833333 0.05277778 0.03227639
v -0.10500000 0.05277778 0.03227639
v -0.08166667 0.05277778 0.03227639
v -0.05833333 0.05277778 0.03227639
v -0.03500000 0.05277778 0.03227639
v -0.01166667 0.05277778 0.03227639
v 0.01166667 0.05277778 0.03227639
v 0.03500000 0.05277778 0.03227639
v 0.05833333 0.05277778 0.03227639
v 0.08166667 0.05277778 0.03227639
v 0.10500000 0.05277778 0.03227639
v 0.12833333 0.05277778 0.03227639
v 0.15166667 0.05277778 0.03227639
v 0.17500000 0.05277778 0.03227639
v -0.17500000 0.05833333 0.03388889
v -0.15166667 0.05833333 0.03388889
v -0.12833333 0.05833333 0.03388889
v -0.10500000 0.05833333 0.03388889
v -0.08166667 0.05833333 0.03388889
v -0.05833333 0.05833333 0.03388889
v -0.03500000 0.05833333 0.03388889
v -0.01166667 0.05833333 0.03388889
v 0.01166667 0.05833333 0.03388889
v 0.03500000 0.05833333 0.03388889
v 0.05833333 0.05833333 0.03388889
v 0.08166667 0.05833333 0.03388889
v 0.10500000 0.05833333 0.03388889
v 0.12833333 0.05833333 0.03388889
v 0.15166667 0.05833333 0.03388889
v 0.17500000 0.05833333 0.03388889
v -0.17500000 0.06388889 0.03566264
v -0.15166667 0.06388889 0.03566264
v -0.12833333 0.06388889 0.03566264
v -0.10500000 0.06388889 0.03566264
v -0.08166667 0.06388889 0.03566264
v -0.05833333 0.06388889 0.03566264
v -0.03500000 0.06388889 0.03566264
v -0.01166667 0.06388889 0.03566264
v 0.01166667 0.06388889 0.03566264
v 0.03500000 0.06388889 0.03566264
v 0.05833333 0.06388889 0.03566264
v 0.08166667 0.06388889 0.03566264
v 0.10500000 0.06388889 0.03566264
v 0.12833333 0.06388889 0.03566264
v 0.15166667 0.06388889 0.03566264
v 0.17500000 0.06388889 0.03566264
v -0.17500000 0.06944444 0.03759763
v -0.15166667 0.06944444 0.03759763
v -0.12833333 0.06944444 0.03759763
v -0.10500000 0.06944444 0.03759763
v -0.08166667 0.06944444 0.03759763
v -0.05833333 0.06944444 0.03759763
v -0.03500000 0.06944444 0.03759763
v -0.01166667 0.06944444 0.03759763
v 0.01166667 0.06944444 0.03759763
v 0.03500000 0.06944444 0.03759763
v 0.05833333 0.06944444 0.03759763
v 0.08166667 0.06944444 0.03759763
v 0.10500000 0.06944444 0.03759763
v 0.12833333 0.06944444 0.03759763
v 0.15166667 0.06944444 0.03759763
v 0.17500000 0.06944444 0.03759763
v -0.17500000 0.07500000 0.03969388
v -0.15166667 0.07500000 0.03969388
v -0.12833333 0.07500000 0.03969388
v -0.10500000 0.07500000 0.03969388
v -0.08166667 0.07500000 0.03969388
v -0.05833333 0.07500000 0.03969388
v -0.03500000 0.07500000 0.03969388
v -0.01166667 0.07500000 0.03969388
v 0.01166667 0.07500000 0.03969388
v 0.03500000 0.07500000 0.03969388
v 0.05833333 0.07500000 0.03969388
v 0.08166667 0.07500000 0.03969388
v 0.10500000 0.07500000 0.03969388
v 0.12833333 0.07500000 0.03969388
v 0.15166667 0.07500000 0.03969388
v 0.17500000 0.07500000 0.03969388
v -0.17500000 0.08055556 0.04195137
v -0.15166667 0.08055556 0.04195137
v -0.12833333 0.08055556 0.04195137
v -0.10500000 0.08055556 0.04195137
v -0.08166667 0.08055556 0.04195137
v -0.05833333 0.08055556 0.04195137
v -0.03500000 0.08055556 0.04195137
v -0.01166667 0.08055556 0.04195137
v 0.01166667 0.08055556 0.04195137
v 0.03500000 0.08055556 0.04195137
v 0.05833333 0.08055556 0.04195137
v 0.08166667 0.08055556 0.04195137
v 0.10500000 0.08055556 0.04195137
v 0.12833333 0.08055556 0.04195137
v 0.15166667 0.08055556 0.04195137
v 0.17500000 0.08055556 0.04195137
v -0.17500000 0.08611111 0.04437012
v -0.15166667 0.08611111 0.04437012
v -0.12833333 0.08611111 0.04437012
v -0.10500000 0.08611111 0.04437012
v -0.08166667 0.08611111 0.04437012
v -0.05833333 0.08611111 0.04437012
v -0.03500000 0.08611111 0.04437012
v -0.01166667 0.08611111 0.04437012
v 0.01166667 0.08611111 0.04437012
v 0.03500000 0.08611111 0.04437012
v 0.05833333 0.08611111 0.04437012
v 0.08166667 0.08611111 0.04437012
v 0.10500000 0.08611111 0.04437012
v 0.12833333 0.08611111 0.04437012
v 0.15166667 0.08611111 0.04437012
v 0.17500000 0.08611111 0.04437012
v -0.17500000 0.09166667 0.04695011
v -0.15166667 0.09166667 0.04695011
v -0.12833333 0.09166667 0.04695011
v -0.10500000 0.09166667 0.04695011
v -0.08166667 0.09166667 0.04695011
v -0.05833333 0.09166667 0.04695011
v -0.03500000 0.09166667 0.04695011
v -0.01166667 0.09166667 0.04695011
v 0.01166667 0.09166667 0.04695011
v 0.03500000 0.09166667 0.04695011
v 0.05833333 0.09166667 0.04695011
v 0.08166667 0.09166667 0.04695011
v 0.10500000 0.09166667 0.04695011
v 0.12833333 0.09166667 0.04695011
v 0.15166667 0.09166667 0.04695011
v 0.17500000 0.09166667 0.04695011
v -0.17500000 0.09722222 0.04969136
v -0.15166667 0.09722222 0.04969136
v -0.12833333 0.09722222 0.04969136
v -0.10500000 0.09722222 0.04969136
v -0.08166667 0.09722222 0.04969136
v -0.05833333 0.09722222 0.04969136
v -0.03500000 0.09722222 0.04969136
v -0.01166667 0.09722222 0.04969136
v 0.01166667 0.09722222 0.04969136
v 0.03500000 0.09722222 0.04969136
v 0.05833333 0.09722222 0.04969136
v 0.08166667 0.09722222 0.04969136
v 0.10500000 0.09722222 0.04969136
v 0.12833333 0.09722222 0.04969136
v 0.15166667 0.09722222 0.04969136
v 0.17500000 0.09722222 0.04969136
v -0.17500000 0.10277778 0.05259385
v -0.15166667 0.10277778 0.05259385
v -0.12833333 0.10277778 0.05259385
v -0.10500000 0.10277778 0.05259385
v -0.08166667 0.10277778 0.05259385
v -0.05833333 0.10277778 0.05259385
v -0.03500000 0.10277778 0.05259385
v -0.01166667 0.10277778 0.05259385
v 0.01166667 0.10277778 0.05259385
v 0.03500000 0.10277778 0.05259385
v 0.05833333 0.10277778 0.05259385
v 0.08166667 0.10277778 0.05259385
v 0.10500000 0.10277778 0.05259385
v 0.12833333 0.10277778 0.05259385
v 0.15166667 0.10277778 0.05259385
v 0.17500000 0.10277778 0.05259385
v -0.17500000 0.10833333 0.05565760
v -0.15166667 0.10833333 0.05565760
v -0.12833333 0.10833333 0.05565760
v -0.10500000 0.10833333 0.05565760
v -0.08166667 0.10833333 0.05565760
v -0.05833333 0.10833333 0.05565760
v -0.03500000 0.10833333 0.05565760
v -0.01166667 0.10833333 0.05565760
v 0.01166667 0.10833333 0.05565760
v 0.03500000 0.10833333 0.05565760
v 0.05833333 0.10833333 0.05565760
v 0.08166667 0.10833333 0.05565760
v 0.10500000 0.10833333 0.05565760
v 0.12833333 0.10833333 0.05565760
v 0.15166667 0.10833333 0.05565760
v 0.17500000 0.10833333 0.05565760
v -0.17500000 0.11388889 0.05888259
v -0.15166667 0.11388889 0.05888259
v -0.12833333 0.11388889 0.05888259
v -0.10500000 0.11388889 0.05888259
v -0.08166667 0.11388889 0.05888259
v -0.05833333 0.11388889 0.05888259
v -0.03500000 0.11388889 0.05888259
v -0.01166667 0.11388889 0.05888259
v 0.01166667 0.11388889 0.05888259
v 0.03500000 0.11388889 0.05888259
v 0.05833333 0.11388889 0.05888259
v 0.08166667 0.11388889 0.05888259
v 0.10500000 0.11388889 0.05888259
v 0.12833333 0.11388889 0.05888259
v 0.15166667 0.11388889 0.05888259
v 0.17500000 0.11388889 0.05888259
v -0.17500000 0.11944444 0.06226883
v -0.15166667 0.11944444 0.06226883
v -0.12833333 0.11944444 0.06226883
v -0.10500000 0.11944444 0.06226883
v -0.08166667 0.11944444 0.06226883
v -0.05833333 0.11944444 0.06226883
v -0.03500000 0.11944444 0.06226883
v -0.01166667 0.11944444 0.06226883
v 0.01166667 0.11944444 0.06226883
v 0.03500000 0.11944444 0.06226883
v 0.05833333 0.11944444 0.06226883
v 0.08166667 0.11944444 0.06226883
v 0.10500000 0.11944444 0.06226883
v 0.12833333 0.11944444 0.06226883
v 0.15166667 0.11944444 0.06226883
v 0.17500000 0.11944444 0.06226883
v -0.17500000 0.12500000 0.06581633
v -0.15166667 0.12500000 0.06581633
v -0.12833333 0.12500000 0.06581633
v -0.10500000 0.12500000 0.06581633
v -0.08166667 0.12500000 0.06581633
v -0.05833333 0.12500000 0.06581633
v -0.03500000 0.12500000 0.06581633
v -0.01166667 0.12500000 0.06581633
v 0.01166667 0.12500000 0.06581633
v 0.03500000 0.12500000 0.06581633
v 0.05833333 0.12500000 0.06581633
v 0.08166667 0.12500000 0.06581633
v 0.10500000 0.12500000 0.06581633
v 0.12833333 0.12500000 0.06581633
v 0.15166667 0.12500000 0.06581633
v 0.17500000 0.12500000 0.06581633
v -0.17500000 0.13055556 0.06952507
v -0.15166667 0.13055556 0.06952507
v -0.12833333 0.13055556 0.06952507
v -0.10500000 0.13055556 0.06952507
v -0.08166667 0.13055556 0.06952507
v -0.05833333 0.13055556 0.06952507
v -0.03500000 0.13055556 0.06952507
v -0.01166667 0.13055556 0.06952507
v 0.01166667 0.13055556 0.06952507
v 0.03500000 0.13055556 0.06952507
v 0.05833333 0.13055556 0.06952507
v 0.08166667 0.13055556 0.06952507
v 0.10500000 0.13055556 0.06952507
v 0.12833333 0.13055556 0.06952507
v 0.15166667 0.13055556 0.06952507
v 0.17500000 0.13055556 0.06952507
v -0.17500000 0.13611111 0.07339506
v -0.15166667 0.13611111 0.07339506
v -0.12833333 0.13611111 0.07339506
v -0.10500000 0.13611111 0.07339506
v -0.08166667 0.13611111 0.07339506
v -0.05833333 0.13611111 0.07339506
v -0.03500000 0.13611111 0.07339506
v -0.01166667 0.13611111 0.07339506
v 0.01166667 0.13611111 0.07339506
v 0.03500000 0.13611111 0.07339506
v 0.05833333 0.13611111 0.07339506
v 0.08166667 0.13611111 0.07339506
v 0.10500000 0.13611111 0.07339506
v 0.12833333 0.13611111 0.07339506
v 0.15166667 0.13611111 0.07339506
v 0.17500000 0.13611111 0.07339506
v -0.17500000 0.14166667 0.07742630
v -0.15166667 0.14166667 0.07742630
v -0.12833333 0.14166667 0.07742630
v -0.10500000 0.14166667 0.07742630
v -0.08166667 0.14166667 0.07742630
v -0.05833333 0.14166667 0.07742630
v -0.03500000 0.14166667 0.07742630
v -0.01166667 0.14166667 0.07742630
v 0.01166667 0.14166667 0.07742630
v 0.03500000 0.14166667 0.07742630
v 0.05833333 0.14166667 0.07742630
v 0.08166667 0.14166667 0.07742630
v 0.10500000 0.14166667 0.07742630
v 0.12833333 0.14166667 0.07742630
v 0.15166667 0.14166667 0.07742630
v 0.17500000 0.14166667 0.07742630
v -0.17500000 0.14722222 0.08161880
v -0.15166667 0.14722222 0.08161880
v -0.12833333 0.14722222 0.08161880
v -0.10500000 0.14722222 0.08161880
v -0.08166667 0.14722222 0.08161880
v -0.05833333 0.14722222 0.08161880
v -0.03500000 0.14722222 0.08161880
v -0.01166667 0.14722222 0.08161880
v 0.01166667 0.14722222 0.08161880
v 0.03500000 0.14722222 0.08161880
v 0.05833333 0.14722222 0.08161880
v 0.08166667 0.14722222 0.08161880
v 0.10500000 0.14722222 0.08161880
v 0.12833333 0.14722222 0.08161880
v 0.15166667 0.14722222 0.08161880
v 0.17500000 0.14722222 0.08161880
v -0.17500000 0.15277778 0.08597254
v -0.15166667 0.15277778 0.08597254
v -0.12833333 0.15277778 0.08597254
v -0.10500000 0.15277778 0.08597254
v -0.08166667 0.15277778 0.08597254
v -0.05833333 0.15277778 0.08597254
v -0.03500000 0.15277778 0.08597254
v -0.01166667 0.15277778 0.08597254
v 0.01166667 0.15277778 0.08597254
v 0.03500000 0.15277778 0.08597254
v 0.05833333 0.15277778 0.08597254
v 0.08166667 0.15277778 0.08597254
v 0.10500000 0.15277778 0.08597254
v 0.12833333 0.15277778 0.08597254
v 0.15166667 0.15277778 0.08597254
v 0.17500000 0.15277778 0.08597254
v -0.17500000 0.15833333 0.09048753
v -0.15166667 0.15833333 0.09048753
v -0.12833333 0.15833333 0.09048753
v -0.10500000 0.15833333 0.09048753
v -0.08166667 0.15833333 0.09048753
v -0.05833333 0.15833333 0.09048753
v -0.03500000 0.15833333 0.09048753
v -0.01166667 0.15833333 0.09048753
v 0.01166667 0.15833333 0.09048753
v 0.03500000 0.15833333 0.09048753
v 0.05833333 0.15833333 0.09048753
v 0.08166667 0.15833333 0.09048753
v 0.10500000 0.15833333 0.09048753
v 0.12833333 0.15833333 0.09048753
v 0.15166667 0.15833333 0.09048753
v 0.17500000 0.15833333 0.09048753
v -0.17500000 0.16388889 0.09516377
v -0.15166667 0.16388889 0.09516377
v -0.12833333 0.16388889 0.09516377
v -0.10500000 0.16388889 0.09516377
v -0.08166667 0.16388889 0.09516377
v -0.05833333 0.16388889 0.09516377
v -0.03500000 0.16388889 0.09516377
v -0.01166667 0.16388889 0.09516377
v 0.01166667 0.16388889 0.09516377
v 0.03500000 0.16388889 0.09516377
v 0.05833333 0.16388889 0.09516377
v 0.08166667 0.16388889 0.09516377
v 0.10500000 0.16388889 0.09516377
v 0.12833333 0.16388889 0.09516377
v 0.15166667 0.16388889 0.09516377
v 0.17500000 0.16388889 0.09516377
v -0.17500000 0.16944444 0.10000126
v -0.15166667 0.16944444 0.10000126
v -0.12833333 0.16944444 0.10000126
v -0.10500000 0.16944444 0.10000126
v -0.08166667 0.16944444 0.10000126
v -0.05833333 0.16944444 0.10000126
v -0.03500000 0.16944444 0.10000126
v -0.01166667 0.16944444 0.10000126
v 0.01166667 0.16944444 0.10000126
v 0.03500000 0.16944444 0.10000126
v 0.05833333 0.16944444 0.10000126
v 0.08166667 0.16944444 0.10000126
v 0.10500000 0.16944444 0.10000126
v 0.12833333 0.16944444 0.10000126
v 0.15166667 0.16944444 0.10000126
v 0.17500000 0.16944444 0.10000126
v -0.17500000 0.17500000 0.10500000
v -0.15166667 0.17500000 0.10500000
v -0.12833333 0.17500000 0.10500000
v -0.10500000 0.17500000 0.10500000
v -0.08166667 0.17500000 0.10500000
v -0.05833333 0.17500000 0.10500000
v -0.03500000 0.17500000 0.10500000
v -0.01166667 0.17500000 0.10500000
v 0.01166667 0.17500000 0.10500000
v 0.03500000 0.17500000 0.10500000
v 0.05833333 0.17500000 0.10500000
v 0.08166667 0.17500000 0.10500000
v 0.10500000 0.17500000 0.10500000
v 0.12833333 0.17500000 0.10500000
v 0.15166667 0.17500000 0.10500000
v 0.17500000 0.17500000 0.10500000
v -0.17500000 -0.17500000 0.00000000
v -0.15166667 -0.17500000 0.00000000
v -0.12833333 -0.17500000 0.00000000
v -0.10500000 -0.17500000 0.00000000
v -0.08166667 -0.17500000 0.00000000
v -0.05833333 -0.17500000 0.00000000
v -0.03500000 -0.17500000 0.00000000
v -0.01166667 -0.17500000 0.00000000
v 0.01166667 -0.17500000 0.00000000
v 0.03500000 -0.17500000 0.00000000
v 0.05833333 -0.17500000 0.00000000
v 0.08166667 -0.17500000 0.00000000
v 0.10500000 -0.17500000 0.00000000
v 0.12833333 -0.17500000 0.00000000
v 0.15166667 -0.17500000 0.00000000
v 0.17500000 -0.17500000 0.00000000
v -0.17500000 -0.16944444 0.00000000
v -0.15166667 -0.16944444 0.00000000
v -0.12833333 -0.16944444 0.00000000
v -0.10500000 -0.16944444 0.00000000
v -0.08166667 -0.16944444 0.00000000
v -0.05833333 -0.16944444 0.00000000
v -0.03500000 -0.16944444 0.00000000
v -0.01166667 -0.16944444 0.00000000
v 0.01166667 -0.16944444 0.00000000
v 0.03500000 -0.16944444 0.00000000
v 0.05833333 -0.16944444 0.00000000
v 0.08166667 -0.16944444 0.00000000
v 0.10500000 -0.16944444 0.00000000
v 0.12833333 -0.16944444 0.00000000
v 0.15166667 -0.16944444 0.00000000
v 0.17500000 -0.16944444 0.00000000
v -0.17500000 -0.16388889 0.00000000
v -0.15166667 -0.16388889 0.00000000
v -0.12833333 -0.16388889 0.00000000
v -0.10500000 -0.16388889 0.00000000
v -0.08166667 -0.16388889 0.00000000
v -0.05833333 -0.16388889 0.00000000
v -0.03500000 -0.16388889 0.00000000
v -0.01166667 -0.16388889 0.00000000
v 0.01166667 -0.16388889 0.00000000
v 0.03500000 -0.16388889 0.00000000
v 0.05833333 -0.16388889 0.00000000
v 0.08166667 -0.16388889 0.00000000
v 0.10500000 -0.16388889 0.00000000
v 0.12833333 -0.16388889 0.00000000
v 0.15166667 -0.16388889 0.00000000
v 0.17500000 -0.16388889 0.00000000
v -0.17500000 -0.15833333 0.00000000
v -0.15166667 -0.15833333 0.00000000
v -0.12833333 -0.15833333 0.00000000
v -0.10500000 -0.15833333 0.00000000
v -0.08166667 -0.15833333 0.00000000
v -0.05833333 -0.15833333 0.00000000
v -0.03500000 -0.15833333 0.00000000
v -0.01166667 -0.15833333 0.00000000
v 0.01166667 -0.15833333 0.00000000
v 0.03500000 -0.15833333 0.00000000
v 0.05833333 -0.15833333 0.00000000
v 0.08166667 -0.15833333 0.00000000
v 0.10500000 -0.15833333 0.00000000
v 0.12833333 -0.15833333 0.00000000
v 0.15166667 -0.15833333 0.00000000
v 0.17500000 -0.15833333 0.00000000
v -0.17500000 -0.15277778 0.00000000
v -0.15166667 -0.15277778 0.00000000
v -0.12833333 -0.15277778 0.00000000
v -0.10500000 -0.15277778 0.00000000
v -0.08166667 -0.15277778 0.00000000
v -0.05833333 -0.15277778 0.00000000
v -0.03500000 -0.15277778 0.00000000
v -0.01166667 -0.15277778 0.00000000
v 0.01166667 -0.15277778 0.00000000
v 0.03500000 -0.15277778 0.00000000
v 0.05833333 -0.15277778 0.00000000
v 0.08166667 -0.15277778 0.00000000
v 0.10500000 -0.15277778 0.00000000
v 0.12833333 -0.15277778 0.00000000
v 0.15166667 -0.15277778 0.00000000
v 0.17500000 -0.15277778 0.00000000
v -0.17500000 -0.14722222 0.00000000
v -0.15166667 -0.14722222 0.00000000
v -0.12833333 -0.14722222 0.00000000
v -0.10500000 -0.14722222 0.00000000
v -0.08166667 -0.14722222 0.00000000
v -0.05833333 -0.14722222 0.00000000
v -0.03500000 -0.14722222 0.00000000
v -0.01166667 -0.14722222 0.00000000
v 0.01166667 -0.14722222 0.00000000
v 0.03500000 -0.14722222 0.00000000
v 0.05833333 -0.14722222 0.00000000
v 0.08166667 -0.14722222 0.00000000
v 0.10500000 -0.14722222 0.00000000
v 0.12833333 -0.14722222 0.00000000
v 0.15166667 -0.14722222 0.00000000
v 0.17500000 -0.14722222 0.00000000
v -0.17500000 -0.14166667 0.00000000
v -0.15166667 -0.14166667 0.00000000
v -0.12833333 -0.14166667 0.00000000
v -0.10500000 -0.14166667 0.00000000
v -0.08166667 -0.14166667 0.00000000
v -0.05833333 -0.14166667 0.00000000
v -0.03500000 -0.14166667 0.00000000
v -0.01166667 -0.14166667 0.00000000
v 0.01166667 -0.14166667 0.00000000
v 0.03500000 -0.14166667 0.00000000
v 0.05833333 -0.14166667 0.00000000
v 0.08166667 -0.14166667 0.00000000
v 0.10500000 -0.14166667 0.00000000
v 0.12833333 -0.14166667 0.00000000
v 0.15166667 -0.14166667 0.00000000
v 0.17500000 -0.14166667 0.00000000
v -0.17500000 -0.13611111 0.00000000
v -0.15166667 -0.13611111 0.00000000
v -0.12833333 -0.13611111 0.00000000
v -0.10500000 -0.13611111 0.00000000
v -0.08166667 -0.13611111 0.00000000
v -0.05833333 -0.13611111 0.00000000
v -0.03500000 -0.13611111 0.00000000
v -0.01166667 -0.13611111 0.00000000
v 0.01166667 -0.13611111 0.00000000
v 0.03500000 -0.13611111 0.00000000
v 0.05833333 -0.13611111 0.00000000
v 0.08166667 -0.13611111 0.00000000
v 0.10500000 -0.13611111 0.00000000
v 0.12833333 -0.13611111 0.00000000
v 0.15166667 -0.13611111 0.00000000
v 0.17500000 -0.13611111 0.00000000
v -0.17500000 -0.13055556 0.00000000
v -0.15166667 -0.13055556 0.00000000
v -0.12833333 -0.13055556 0.00000000
v -0.10500000 -0.13055556 0.00000000
v -0.08166667 -0.13055556 0.00000000
v -0.05833333 -0.13055556 0.00000000
v -0.03500000 -0.13055556 0.00000000
v -0.01166667 -0.13055556 0.00000000
v 0.01166667 -0.13055556 0.00000000
v 0.03500000 -0.13055556 0.00000000
v 0.05833333 -0.13055556 0.00000000
v 0.08166667 -0.13055556 0.00000000
v 0.10500000 -0.13055556 0.00000000
v 0.12833333 -0.13055556 0.00000000
v 0.15166667 -0.13055556 0.00000000
v 0.17500000 -0.13055556 0.00000000
v -0.17500000 -0.12500000 0.00000000
v -0.15166667 -0.12500000 0.00000000
v -0.12833333 -0.12500000 0.00000000
v -0.10500000 -0.12500000 0.00000000
v -0.08166667 -0.12500000 0.00000000
v -0.05833333 -0.12500000 0.00000000
v -0.03500000 -0.12500000 0.00000000
v -0.01166667 -0.12500000 0.00000000
v 0.01166667 -0.12500000 0.00000000
v 0.03500000 -0.12500000 0.00000000
v 0.05833333 -0.12500000 0.00000000
v 0.08166667 -0.12500000 0.00000000
v 0.10500000 -0.12500000 0.00000000
v 0.12833333 -0.12500000 0.00000000
v 0.15166667 -0.12500000 0.00000000
v 0.17500000 -0.12500000 0.00000000
v -0.17500000 -0.11944444 0.00000000
v -0.15166667 -0.11944444 0.00000000
v -0.12833333 -0.11944444 0.00000000
v -0.10500000 -0.11944444 0.00000000
v -0.08166667 -0.11944444 0.00000000
v -0.05833333 -0.11944444 0.00000000
v -0.03500000 -0.11944444 0.00000000
v -0.01166667 -0.11944444 0.00000000
v 0.01166667 -0.11944444 0.00000000
v 0.03500000 -0.11944444 0.00000000
v 0.05833333 -0.11944444 0.00000000
v 0.08166667 -0.11944444 0.00000000
v 0.10500000 -0.11944444 0.00000000
v 0.12833333 -0.11944444 0.00000000
v 0.15166667 -0.11944444 0.00000000
v 0.17500000 -0.11944444 0.00000000
v -0.17500000 -0.11388889 0.00000000
v -0.15166667 -0.11388889 0.00000000
v -0.12833333 -0.11388889 0.00000000
v -0.10500000 -0.11388889 0.00000000
v -0.08166667 -0.11388889 0.00000000
v -0.05833333 -0.11388889 0.00000000
v -0.03500000 -0.11388889 0.00000000
v -0.01166667 -0.11388889 0.00000000
v 0.01166667 -0.11388889 0.00000000
v 0.03500000 -0.11388889 0.00000000
v 0.05833333 -0.11388889 0.00000000
v 0.08166667 -0.11388889 0.00000000
v 0.10500000 -0.11388889 0.00000000
v 0.12833333 -0.11388889 0.00000000
v 0.15166667 -0.11388889 0.00000000
v 0.17500000 -0.11388889 0.00000000
v -0.17500000 -0.10833333 0.00000000
v -0.15166667 -0.10833333 0.00000000
v -0.12833333 -0.10833333 0.00000000
v -0.10500000 -0.10833333 0.00000000
v -0.08166667 -0.10833333 0.00000000
v -0.05833333 -0.10833333 0.00000000
v -0.03500000 -0.10833333 0.00000000
v -0.01166667 -0.10833333 0.00000000
v 0.01166667 -0.10833333 0.00000000
v 0.03500000 -0.10833333 0.00000000
v 0.05833333 -0.10833333 0.00000000
v 0.08166667 -0.10833333 0.00000000
v 0.10500000 -0.10833333 0.00000000
v 0.12833333 -0.10833333 0.00000000
v 0.15166667 -0.10833333 0.00000000
v 0.17500000 -0.10833333 0.00000000
v -0.17500000 -0.10277778 0.00000000
v -0.15166667 -0.10277778 0.00000000
v -0.12833333 -0.10277778 0.00000000
v -0.10500000 -0.10277778 0.00000000
v -0.08166667 -0.10277778 0.00000000
v -0.05833333 -0.10277778 0.00000000
v -0.03500000 -0.10277778 0.00000000
v -0.01166667 -0.10277778 0.00000000
v 0.01166667 -0.10277778 0.00000000
v 0.03500000 -0.10277778 0.00000000
v 0.05833333 -0.10277778 0.00000000
v 0.08166667 -0.10277778 0.00000000
v 0.10500000 -0.10277778 0.00000000
v 0.12833333 -0.10277778 0.00000000
v 0.15166667 -0.10277778 0.00000000
v 0.17500000 -0.10277778 0.00000000
v -0.17500000 -0.09722222 0.00000000
v -0.15166667 -0.09722222 0.00000000
v -0.12833333 -0.09722222 0.00000000
v -0.10500000 -0.09722222 0.00000000
v -0.08166667 -0.09722222 0.00000000
v -0.05833333 -0.09722222 0.00000000
v -0.03500000 -0.09722222 0.00000000
v -0.01166667 -0.09722222 0.00000000
v 0.01166667 -0.09722222 0.00000000
v 0.03500000 -0.09722222 0.00000000
v 0.05833333 -0.09722222 0.00000000
v 0.08166667 -0.09722222 0.00000000
v 0.10500000 -0.09722222 0.00000000
v 0.12833333 -0.09722222 0.00000000
v 0.15166667 -0.09722222 0.00000000
v 0.17500000 -0.09722222 0.00000000
v -0.17500000 -0.09166667 0.00000000
v -0.15166667 -0.09166667 0.00000000
v -0.12833333 -0.09166667 0.00000000
v -0.10500000 -0.09166667 0.00000000
v -0.08166667 -0.09166667 0.00000000
v -0.05833333 -0.09166667 0.00000000
v -0.03500000 -0.09166667 0.00000000
v -0.01166667 -0.09166667 0.00000000
v 0.01166667 -0.09166667 0.00000000
v 0.03500000 -0.09166667 0.00000000
v 0.05833333 -0.09166667 0.00000000
v 0.08166667 -0.09166667 0.00000000
v 0.10500000 -0.09166667 0.00000000
v 0.12833333 -0.09166667 0.00000000
v 0.15166667 -0.09166667 0.00000000
v 0.17500000 -0.09166667 0.00000000
v -0.17500000 -0.08611111 0.00000000
v -0.15166667 -0.08611111 0.00000000
v -0.12833333 -0.08611111 0.00000000
v -0.10500000 -0.08611111 0.00000000
v -0.08166667 -0.08611111 0.00000000
v -0.05833333 -0.08611111 0.00000000
v -0.03500000 -0.08611111 0.00000000
v -0.01166667 -0.08611111 0.00000000
v 0.01166667 -0.08611111 0.00000000
v 0.03500000 -0.08611111 0.00000000
v 0.05833333 -0.08611111 0.00000000
v 0.08166667 -0.08611111 0.00000000
v 0.10500000 -0.08611111 0.00000000
v 0.12833333 -0.08611111 0.00000000
v 0.15166667 -0.08611111 0.00000000
v 0.17500000 -0.08611111 0.00000000
v -0.17500000 -0.08055556 0.00000000
v -0.15166667 -0.08055556 0.00000000
v -0.12833333 -0.08055556 0.00000000
v -0.10500000 -0.08055556 0.00000000
v -0.08166667 -0.08055556 0.00000000
v -0.05833333 -0.08055556 0.00000000
v -0.03500000 -0.08055556 0.00000000
v -0.01166667 -0.08055556 0.00000000
v 0.01166667 -0.08055556 0.00000000
v 0.03500000 -0.08055556 0.00000000
v 0.05833333 -0.08055556 0.00000000
v 0.08166667 -0.08055556 0.00000000
v 0.10500000 -0.08055556 0.00000000
v 0.12833333 -0.08055556 0.00000000
v 0.15166667 -0.08055556 0.00000000
v 0.17500000 -0.08055556 0.00000000
v -0.17500000 -0.07500000 0.00000000
v -0.15166667 -0.07500000 0.00000000
v -0.12833333 -0.07500000 0.00000000
v -0.10500000 -0.07500000 0.00000000
v -0.08166667 -0.07500000 0.00000000
v -0.05833333 -0.07500000 0.00000000
v -0.03500000 -0.07500000 0.00000000
v -0.01166667 -0.07500000 0.00000000
v 0.01166667 -0.07500000 0.00000000
v 0.03500000 -0.07500000 0.00000000
v 0.05833333 -0.07500000 0.00000000
v 0.08166667 -0.07500000 0.00000000
v 0.10500000 -0.07500000 0.00000000
v 0.12833333 -0.07500000 0.00000000
v 0.15166667 -0.07500000 0.00000000
v 0.17500000 -0.07500000 0.00000000
v -0.17500000 -0.06944444 0.00000000
v -0.15166667 -0.06944444 0.00000000
v -0.12833333 -0.06944444 0.00000000
v -0.10500000 -0.06944444 0.00000000
v -0.08166667 -0.06944444 0.00000000
v -0.05833333 -0.06944444 0.00000000
v -0.03500000 -0.06944444 0.00000000
v -0.01166667 -0.06944444 0.00000000
v 0.01166667 -0.06944444 0.00000000
v 0.03500000 -0.06944444 0.00000000
v 0.05833333 -0.06944444 0.00000000
v 0.08166667 -0.06944444 0.00000000
v 0.10500000 -0.06944444 0.00000000
v 0.12833333 -0.06944444 0.00000000
v 0.15166667 -0.06944444 0.00000000
v 0.17500000 -0.06944444 0.00000000
v -0.17500000 -0.06388889 0.00000000
v -0.15166667 -0.06388889 0.00000000
v -0.12833333 -0.06388889 0.00000000
v -0.10500000 -0.06388889 0.00000000
v -0.08166667 -0.06388889 0.00000000
v -0.05833333 -0.06388889 0.00000000
v -0.03500000 -0.06388889 0.00000000
v -0.01166667 -0.06388889 0.00000000
v 0.01166667 -0.06388889 0.00000000
v 0.03500000 -0.06388889 0.00000000
v 0.05833333 -0.06388889 0.00000000
v 0.08166667 -0.06388889 0.00000000
v 0.10500000 -0.06388889 0.00000000
v 0.12833333 -0.06388889 0.00000000
v 0.15166667 -0.06388889 0.00000000
v 0.17500000 -0.06388889 0.00000000
v -0.17500000 -0.05833333 0.00000000
v -0.15166667 -0.05833333 0.00000000
v -0.12833333 -0.05833333 0.00000000
v -0.10500000 -0.05833333 0.00000000
v -0.08166667 -0.05833333 0.00000000
v -0.05833333 -0.05833333 0.00000000
v -0.03500000 -0.05833333 0.00000000
v -0.01166667 -0.05833333 0.00000000
v 0.01166667 -0.05833333 0.00000000
v 0.03500000 -0.05833333 0.00000000
v 0.05833333 -0.05833333 0.00000000
v 0.08166667 -0.05833333 0.00000000
v 0.10500000 -0.05833333 0.00000000
v 0.12833333 -0.05833333 0.00000000
v 0.15166667 -0.05833333 0.00000000
v 0.17500000 -0.05833333 0.00000000
v -0.17500000 -0.05277778 0.00000000
v -0.15166667 -0.05277778 0.00000000
v -0.12833333 -0.05277778 0.00000000
v -0.10500000 -0.05277778 0.00000000
v -0.08166667 -0.05277778 0.00000000
v -0.05833333 -0.05277778 0.00000000
v -0.03500000 -0.05277778 0.00000000
v -0.01166667 -0.05277778 0.00000000
v 0.01166667 -0.05277778 0.00000000
v 0.03500000 -0.05277778 0.00000000
v 0.05833333 -0.05277778 0.00000000
v 0.08166667 -0.05277778 0.00000000
v 0.10500000 -0.05277778 0.00000000
v 0.12833333 -0.05277778 0.00000000
v 0.15166667 -0.05277778 0.00000000
v 0.17500000 -0.05277778 0.00000000
v -0.17500000 -0.04722222 0.00000000
v -0.15166667 -0.04722222 0.00000000
v -0.12833333 -0.04722222 0.00000000
v -0.10500000 -0.04722222 0.00000000
v -0.08166667 -0.04722222 0.00000000
v -0.05833333 -0.04722222 0.00000000
v -0.03500000 -0.04722222 0.00000000
v -0.01166667 -0.04722222 0.00000000
v 0.01166667 -0.04722222 0.00000000
v 0.03500000 -0.04722222 0.00000000
v 0.05833333 -0.04722222 0.00000000
v 0.08166667 -0.04722222 0.00000000
v 0.10500000 -0.04722222 0.00000000
v 0.12833333 -0.04722222 0.00000000
v 0.15166667 -0.04722222 0.00000000
v 0.17500000 -0.04722222 0.00000000
v -0.17500000 -0.04166667 0.00000000
v -0.15166667 -0.04166667 0.00000000
v -0.12833333 -0.04166667 0.00000000
v -0.10500000 -0.04166667 0.00000000
v -0.08166667 -0.04166667 0.00000000
v -0.05833333 -0.04166667 0.00000000
v -0.03500000 -0.04166667 0.00000000
v -0.01166667 -0.04166667 0.00000000
v 0.01166667 -0.04166667 0.00000000
v 0.03500000 -0.04166667 0.00000000
v 0.05833333 -0.04166667 0.00000000
v 0.08166667 -0.04166667 0.00000000
v 0.10500000 -0.04166667 0.00000000
v 0.12833333 -0.04166667 0.00000000
v 0.15166667 -0.04166667 0.00000000
v 0.17500000 -0.04166667 0.00000000
v -0.17500000 -0.03611111 0.00000000
v -0.15166667 -0.03611111 0.00000000
v -0.12833333 -0.03611111 0.00000000
v -0.10500000 -0.03611111 0.00000000
v -0.08166667 -0.03611111 0.00000000
v -0.05833333 -0.03611111 0.00000000
v -0.03500000 -0.03611111 0.00000000
v -0.01166667 -0.03611111 0.00000000
v 0.01166667 -0.03611111 0.00000000
v 0.03500000 -0.03611111 0.00000000
v 0.05833333 -0.03611111 0.00000000
v 0.08166667 -0.03611111 0.00000000
v 0.10500000 -0.03611111 0.00000000
v 0.12833333 -0.03611111 0.00000000
v 0.15166667 -0.03611111 0.00000000
v 0.17500000 -0.03611111 0.00000000
v -0.17500000 -0.03055556 0.00000000
v -0.15166667 -0.03055556 0.00000000
v -0.12833333 -0.03055556 0.00000000
v -0.10500000 -0.03055556 0.00000000
v -0.08166667 -0.03055556 0.00000000
v -0.05833333 -0.03055556 0.00000000
v -0.03500000 -0.03055556 0.00000000
v -0.01166667 -0.03055556 0.00000000
v 0.01166667 -0.03055556 0.00000000
v 0.03500000 -0.03055556 0.00000000
v 0.05833333 -0.03055556 0.00000000
v 0.08166667 -0.03055556 0.00000000
v 0.10500000 -0.03055556 0.00000000
v 0.12833333 -0.03055556 0.00000000
v 0.15166667 -0.03055556 0.00000000
v 0.17500000 -0.03055556 0.00000000
v -0.17500000 -0.02500000 0.00000000
v -0.15166667 -0.02500000 0.00000000
v -0.12833333 -0.02500000 0.00000000
v -0.10500000 -0.02500000 0.00000000
v -0.08166667 -0.02500000 0.00000000
v -0.05833333 -0.02500000 0.00000000
v -0.03500000 -0.02500000 0.00000000
v -0.01166667 -0.02500000 0.00000000
v 0.01166667 -0.02500000 0.00000000
v 0.03500000 -0.02500000 0.00000000
v 0.05833333 -0.02500000 0.00000000
v 0.08166667 -0.02500000 0.00000000
v 0.10500000 -0.02500000 0.00000000
v 0.12833333 -0.02500000 0.00000000
v 0.15166667 -0.02500000 0.00000000
v 0.17500000 -0.02500000 0.00000000
v -0.17500000 -0.01944444 0.00000000
v -0.15166667 -0.01944444 0.00000000
v -0.12833333 -0.01944444 0.00000000
v -0.10500000 -0.01944444 0.00000000
v -0.08166667 -0.01944444 0.00000000
v -0.05833333 -0.01944444 0.00000000
v -0.03500000 -0.01944444 0.00000000
v -0.01166667 -0.01944444 0.00000000
v 0.01166667 -0.01944444 0.00000000
v 0.03500000 -0.01944444 0.00000000
v 0.05833333 -0.01944444 0.00000000
v 0.08166667 -0.01944444 0.00000000
v 0.10500000 -0.01944444 0.00000000
v 0.12833333 -0.01944444 0.00000000
v 0.15166667 -0.01944444 0.00000000
v 0.17500000 -0.01944444 0.00000000
v -0.17500000 -0.01388889 0.00000000
v -0.15166667 -0.01388889 0.00000000
v -0.12833333 -0.01388889 0.00000000
v -0.10500000 -0.01388889 0.00000000
v -0.08166667 -0.01388889 0.00000000
v -0.05833333 -0.01388889 0.00000000
v -0.03500000 -0.01388889 0.00000000
v -0.01166667 -0.01388889 0.00000000
v 0.01166667 -0.01388889 0.00000000
v 0.03500000 -0.01388889 0.00000000
v 0.05833333 -0.01388889 0.00000000
v 0.08166667 -0.01388889 0.00000000
v 0.10500000 -0.01388889 0.00000000
v 0.12833333 -0.01388889 0.00000000
v 0.15166667 -0.01388889 0.00000000
v 0.17500000 -0.01388889 0.00000000
v -0.17500000 -0.00833333 0.00000000
v -0.15166667 -0.00833333 0.00000000
v -0.12833333 -0.00833333 0.00000000
v -0.10500000 -0.00833333 0.00000000
v -0.08166667 -0.00833333 0.00000000
v -0.05833333 -0.00833333 0.00000000
v -0.03500000 -0.00833333 0.00000000
v -0.01166667 -0.00833333 0.00000000
v 0.01166667 -0.00833333 0.00000000
v 0.03500000 -0.00833333 0.00000000
v 0.05833333 -0.00833333 0.00000000
v 0.08166667 -0.00833333 0.00000000
v 0.10500000 -0.00833333 0.00000000
v 0.12833333 -0.00833333 0.00000000
v 0.15166667 -0.00833333 0.00000000
v 0.17500000 -0.00833333 0.00000000
v -0.17500000 -0.00277778 0.00000000
v -0.15166667 -0.00277778 0.00000000
v -0.12833333 -0.00277778 0.00000000
v -0.10500000 -0.00277778 0.00000000
v -0.08166667 -0.00277778 0.00000000
v -0.05833333 -0.00277778 0.00000000
v -0.03500000 -0.00277778 0.00000000
v -0.01166667 -0.00277778 0.00000000
v 0.01166667 -0.00277778 0.00000000
v 0.03500000 -0.00277778 0.00000000
v 0.05833333 -0.00277778 0.00000000
v 0.08166667 -0.00277778 0.00000000
v 0.10500000 -0.00277778 0.00000000
v 0.12833333 -0.00277778 0.00000000
v 0.15166667 -0.00277778 0.00000000
v 0.17500000 -0.00277778 0.00000000
v -0.17500000 0.00277778 0.00000000
v -0.15166667 0.00277778 0.00000000
v -0.12833333 0.00277778 0.00000000
v -0.10500000 0.00277778 0.00000000
v -0.08166667 0.00277778 0.00000000
v -0.05833333 0.00277778 0.00000000
v -0.03500000 0.00277778 0.00000000
v -0.01166667 0.00277778 0.00000000
v 0.01166667 0.00277778 0.00000000
v 0.03500000 0.00277778 0.00000000
v 0.05833333 0.00277778 0.00000000
v 0.08166667 0.00277778 0.00000000
v 0.10500000 0.00277778 0.00000000
v 0.12833333 0.00277778 0.00000000
v 0.15166667 0.00277778 0.00000000
v 0.17500000 0.00277778 0.00000000
v -0.17500000 0.00833333 0.00000000
v -0.15166667 0.00833333 0.00000000
v -0.12833333 0.00833333 0.00000000
v -0.10500000 0.00833333 0.00000000
v -0.08166667 0.00833333 0.00000000
v -0.05833333 0.00833333 0.00000000
v -0.03500000 0.00833333 0.00000000
v -0.01166667 0.00833333 0.00000000
v 0.01166667 0.00833333 0.00000000
v 0.03500000 0.00833333 0.00000000
v 0.05833333 0.00833333 0.00000000
v 0.08166667 0.00833333 0.00000000
v 0.10500000 0.00833333 0.00000000
v 0.12833333 0.00833333 0.00000000
v 0.15166667 0.00833333 0.00000000
v 0.17500000 0.00833333 0.00000000
v -0.17500000 0.01388889 0.00000000
v -0.15166667 0.01388889 0.00000000
v -0.12833333 0.01388889 0.00000000
v -0.10500000 0.01388889 0.00000000
v -0.08166667 0.01388889 0.00000000
v -0.05833333 0.01388889 0.00000000
v -0.03500000 0.01388889 0.00000000
v -0.01166667 0.01388889 0.00000000
v 0.01166667 0.01388889 0.00000000
v 0.03500000 0.01388889 0.00000000
v 0.05833333 0.01388889 0.00000000
v 0.08166667 0.01388889 0.00000000
v 0.10500000 0.01388889 0.00000000
v 0.12833333 0.01388889 0.00000000
v 0.15166667 0.01388889 0.00000000
v 0.17500000 0.01388889 0.00000000
v -0.17500000 0.01944444 0.00000000
v -0.15166667 0.01944444 0.00000000
v -0.12833333 0.01944444 0.00000000
v -0.10500000 0.01944444 0.00000000
v -0.08166667 0.01944444 0.00000000
v -0.05833333 0.01944444 0.00000000
v -0.03500000 0.01944444 0.00000000
v -0.01166667 0.01944444 0.00000000
v 0.01166667 0.01944444 0.00000000
v 0.03500000 0.01944444 0.00000000
v 0.05833333 0.01944444 0.00000000
v 0.08166667 0.01944444 0.00000000
v 0.10500000 0.01944444 0.00000000
v 0.12833333 0.01944444 0.00000000
v 0.15166667 0.01944444 0.00000000
v 0.17500000 0.01944444 0.00000000
v -0.17500000 0.02500000 0.00000000
v -0.15166667 0.02500000 0.00000000
v -0.12833333 0.02500000 0.00000000
v -0.10500000 0.02500000 0.00000000
v -0.08166667 0.02500000 0.00000000
v -0.05833333 0.02500000 0.00000000
v -0.03500000 0.02500000 0.00000000
v -0.01166667 0.02500000 0.00000000
v 0.01166667 0.02500000 0.00000000
v 0.03500000 0.02500000 0.00000000
v 0.05833333 0.02500000 0.00000000
v 0.08166667 0.02500000 0.00000000
v 0.10500000 0.02500000 0.00000000
v 0.12833333 0.02500000 0.00000000
v 0.15166667 0.02500000 0.00000000
v 0.17500000 0.02500000 0.00000000
v -0.17500000 0.03055556 0.00000000
v -0.15166667 0.03055556 0.00000000
v -0.12833333 0.03055556 0.00000000
v -0.10500000 0.03055556 0.00000000
v -0.08166667 0.03055556 0.00000000
v -0.05833333 0.03055556 0.00000000
v -0.03500000 0.03055556 0.00000000
v -0.01166667 0.03055556 0.00000000
v 0.01166667 0.03055556 0.00000000
v 0.03500000 0.03055556 0.00000000
v 0.05833333 0.03055556 0.00000000
v 0.08166667 0.03055556 0.00000000
v 0.10500000 0.03055556 0.00000000
v 0.12833333 0.03055556 0.00000000
v 0.15166667 0.03055556 0.00000000
v 0.17500000 0.03055556 0.00000000
v -0.17500000 0.03611111 0.00000000
v -0.15166667 0.03611111 0.00000000
v -0.12833333 0.03611111 0.00000000
v -0.10500000 0.03611111 0.00000000
v -0.08166667 0.03611111 0.00000000
v -0.05833333 0.03611111 0.00000000
v -0.03500000 0.03611111 0.00000000
v -0.01166667 0.03611111 0.00000000
v 0.01166667 0.03611111 0.00000000
v 0.03500000 0.03611111 0.00000000
v 0.05833333 0.03611111 0.00000000
v 0.08166667 0.03611111 0.00000000
v 0.10500000 0.03611111 0.00000000
v 0.12833333 0.03611111 0.00000000
v 0.15166667 0.03611111 0.00000000
v 0.17500000 0.03611111 0.00000000
v -0.17500000 0.04166667 0.00000000
v -0.15166667 0.04166667 0.00000000
v -0.12833333 0.04166667 0.00000000
v -0.10500000 0.04166667 0.00000000
v -0.08166667 0.04166667 0.00000000
v -0.05833333 0.04166667 0.00000000
v -0.03500000 0.04166667 0.00000000
v -0.01166667 0.04166667 0.00000000
v 0.01166667 0.04166667 0.00000000
v 0.03500000 0.04166667 0.00000000
v 0.05833333 0.04166667 0.00000000
v 0.08166667 0.04166667 0.00000000
v 0.10500000 0.04166667 0.00000000
v 0.12833333 0.04166667 0.00000000
v 0.15166667 0.04166667 0.00000000
v 0.17500000 0.04166667 0.00000000
v -0.17500000 0.04722222 0.00000000
v -0.15166667 0.04722222 0.00000000
v -0.12833333 0.04722222 0.00000000
v -0.10500000 0.04722222 0.00000000
v -0.08166667 0.04722222 0.00000000
v -0.05833333 0.04722222 0.00000000
v -0.03500000 0.04722222 0.00000000
v -0.01166667 0.04722222 0.00000000
v 0.01166667 0.04722222 0.00000000
v 0.03500000 0.04722222 0.00000000
v 0.05833333 0.04722222 0.00000000
v 0.08166667 0.04722222 0.00000000
v 0.10500000 0.04722222 0.00000000
v 0.12833333 0.04722222 0.00000000
v 0.15166667 0.04722222 0.00000000
v 0.17500000 0.04722222 0.00000000
v -0.17500000 0.05277778 0.00000000
v -0.15166667 0.05277778 0.00000000
v -0.12833333 0.05277778 0.00000000
v -0.10500000 0.05277778 0.00000000
v -0.08166667 0.05277778 0.00000000
v -0.05833333 0.05277778 0.00000000
v -0.03500000 0.05277778 0.00000000
v -0.01166667 0.05277778 0.00000000
v 0.01166667 0.05277778 0.00000000
v 0.03500000 0.05277778 0.00000000
v 0.05833333 0.05277778 0.00000000
v 0.08166667 0.05277778 0.00000000
v 0.10500000 0.05277778 0.00000000
v 0.12833333 0.05277778 0.00000000
v 0.15166667 0.05277778 0.00000000
v 0.17500000 0.05277778 0.00000000
v -0.17500000 0.05833333 0.00000000
v -0.15166667 0.05833333 0.00000000
v -0.12833333 0.05833333 0.00000000
v -0.10500000 0.05833333 0.00000000
v -0.08166667 0.05833333 0.00000000
v -0.05833333 0.05833333 0.00000000
v -0.03500000 0.05833333 0.00000000
v -0.01166667 0.05833333 0.00000000
v 0.01166667 0.05833333 0.00000000
v 0.03500000 0.05833333 0.00000000
v 0.05833333 0.05833333 0.00000000
v 0.08166667 0.05833333 0.00000000
v 0.10500000 0.05833333 0.00000000
v 0.12833333 0.05833333 0.00000000
v 0.15166667 0.05833333 0.00000000
v 0.17500000 0.05833333 0.00000000
v -0.17500000 0.06388889 0.00000000
v -0.15166667 0.06388889 0.00000000
v -0.12833333 0.06388889 0.00000000
v -0.10500000 0.06388889 0.00000000
v -0.08166667 0.06388889 0.00000000
v -0.05833333 0.06388889 0.00000000
v -0.03500000 0.06388889 0.00000000
v -0.01166667 0.06388889 0.00000000
v 0.01166667 0.06388889 0.00000000
v 0.03500000 0.06388889 0.00000000
v 0.05833333 0.06388889 0.00000000
v 0.08166667 0.06388889 0.00000000
v 0.10500000 0.06388889 0.00000000
v 0.12833333 0.06388889 0.00000000
v 0.15166667 0.06388889 0.00000000
v 0.17500000 0.06388889 0.00000000
v -0.17500000 0.06944444 0.00000000
v -0.15166667 0.06944444 0.00000000
v -0.12833333 0.06944444 0.00000000
v -0.10500000 0.06944444 0.00000000
v -0.08166667 0.06944444 0.00000000
v -0.05833333 0.06944444 0.00000000
v -0.03500000 0.06944444 0.00000000
v -0.01166667 0.06944444 0.00000000
v 0.01166667 0.06944444 0.00000000
v 0.03500000 0.06944444 0.00000000
v 0.05833333 0.06944444 0.00000000
v 0.08166667 0.06944444 0.00000000
v 0.10500000 0.06944444 0.00000000
v 0.12833333 0.06944444 0.00000000
v 0.15166667 0.06944444 0.00000000
v 0.17500000 0.06944444 0.00000000
v -0.17500000 0.07500000 0.00000000
v -0.15166667 0.07500000 0.00000000
v -0.12833333 0.07500000 0.00000000
v -0.10500000 0.07500000 0.00000000
v -0.08166667 0.07500000 0.00000000
v -0.05833333 0.07500000 0.00000000
v -0.03500000 0.07500000 0.00000000
v -0.01166667 0.07500000 0.00000000
v 0.01166667 0.07500000 0.00000000
v 0.03500000 0.07500000 0.00000000
v 0.05833333 0.07500000 0.00000000
v 0.08166667 0.07500000 0.00000000
v 0.10500000 0.07500000 0.00000000
v 0.12833333 0.07500000 0.00000000
v 0.15166667 0.07500000 0.00000000
v 0.17500000 0.07500000 0.00000000
v -0.17500000 0.08055556 0.00000000
v -0.15166667 0.08055556 0.00000000
v -0.12833333 0.08055556 0.00000000
v -0.10500000 0.08055556 0.00000000
v -0.08166667 0.08055556 0.00000000
v -0.05833333 0.08055556 0.00000000
v -0.03500000 0.08055556 0.00000000
v -0.01166667 0.08055556 0.00000000
v 0.01166667 0.08055556 0.00000000
v 0.03500000 0.08055556 0.00000000
v 0.05833333 0.08055556 0.00000000
v 0.08166667 0.08055556 0.00000000
v 0.10500000 0.08055556 0.00000000
v 0.12833333 0.08055556 0.00000000
v 0.15166667 0.08055556 0.00000000
v 0.17500000 0.08055556 0.00000000
v -0.17500000 0.08611111 0.00000000
v -0.15166667 0.08611111 0.00000000
v -0.12833333 0.08611111 0.00000000
v -0.10500000 0.08611111 0.00000000
v -0.08166667 0.08611111 0.00000000
v -0.05833333 0.08611111 0.00000000
v -0.03500000 0.08611111 0.00000000
v -0.01166667 0.08611111 0.00000000
v 0.01166667 0.08611111 0.00000000
v 0.03500000 0.08611111 0.00000000
v 0.05833333 0.08611111 0.00000000
v 0.08166667 0.08611111 0.00000000
v 0.10500000 0.08611111 0.00000000
v 0.12833333 0.08611111 0.00000000
v 0.15166667 0.08611111 0.00000000
v 0.17500000 0.08611111 0.00000000
v -0.17500000 0.09166667 0.00000000
v -0.15166667 0.09166667 0.00000000
v -0.12833333 0.09166667 0.00000000
v -0.10500000 0.09166667 0.00000000
v -0.08166667 0.09166667 0.00000000
v -0.05833333 0.09166667 0.00000000
v -0.03500000 0.09166667 0.00000000
v -0.01166667 0.09166667 0.00000000
v 0.01166667 0.09166667 0.00000000
v 0.03500000 0.09166667 0.00000000
v 0.05833333 0.09166667 0.00000000
v 0.08166667 0.09166667 0.00000000
v 0.10500000 0.09166667 0.00000000
v 0.12833333 0.09166667 0.00000000
v 0.15166667 0.09166667 0.00000000
v 0.17500000 0.09166667 0.00000000
v -0.17500000 0.09722222 0.00000000
v -0.15166667 0.09722222 0.00000000
v -0.12833333 0.09722222 0.00000000
v -0.10500000 0.09722222 0.00000000
v -0.08166667 0.09722222 0.00000000
v -0.05833333 0.09722222 0.00000000
v -0.03500000 0.09722222 0.00000000
v -0.01166667 0.09722222 0.00000000
v 0.01166667 0.09722222 0.00000000
v 0.03500000 0.09722222 0.00000000
v 0.05833333 0.09722222 0.00000000
v 0.08166667 0.09722222 0.00000000
v 0.10500000 0.09722222 0.00000000
v 0.12833333 0.09722222 0.00000000
v 0.15166667 0.09722222 0.00000000
v 0.17500000 0.09722222 0.00000000
v -0.17500000 0.10277778 0.00000000
v -0.15166667 0.10277778 0.00000000
v -0.12833333 0.10277778 0.00000000
v -0.10500000 0.10277778 0.00000000
v -0.08166667 0.10277778 0.00000000
v -0.05833333 0.10277778 0.00000000
v -0.03500000 0.10277778 0.00000000
v -0.01166667 0.10277778 0.00000000
v 0.01166667 0.10277778 0.00000000
v 0.03500000 0.10277778 0.00000000
v 0.05833333 0.10277778 0.00000000
v 0.08166667 0.10277778 0.00000000
v 0.10500000 0.10277778 0.00000000
v 0.12833333 0.10277778 0.00000000
v 0.15166667 0.10277778 0.00000000
v 0.17500000 0.10277778 0.00000000
v -0.17500000 0.10833333 0.00000000
v -0.15166667 0.10833333 0.00000000
v -0.12833333 0.10833333 0.00000000
v -0.10500000 0.10833333 0.00000000
v -0.08166667 0.10833333 0.00000000
v -0.05833333 0.10833333 0.00000000
v -0.03500000 0.10833333 0.00000000
v -0.01166667 0.10833333 0.00000000
v 0.01166667 0.10833333 0.00000000
v 0.03500000 0.10833333 0.00000000
v 0.05833333 0.10833333 0.00000000
v 0.08166667 0.10833333 0.00000000
v 0.10500000 0.10833333 0.00000000
v 0.12833333 0.10833333 0.00000000
v 0.15166667 0.10833333 0.00000000
v 0.17500000 0.10833333 0.00000000
v -0.17500000 0.11388889 0.00000000
v -0.15166667 0.11388889 0.00000000
v -0.12833333 0.11388889 0.00000000
v -0.10500000 0.11388889 0.00000000
v -0.08166667 0.11388889 0.00000000
v -0.05833333 0.11388889 0.00000000
v -0.03500000 0.11388889 0.00000000
v -0.01166667 0.11388889 0.00000000
v 0.01166667 0.11388889 0.00000000
v 0.03500000 0.11388889 0.00000000
v 0.05833333 0.11388889 0.00000000
v 0.08166667 0.11388889 0.00000000
v 0.10500000 0.11388889 0.00000000
v 0.12833333 0.11388889 0.00000000
v 0.15166667 0.11388889 0.00000000
v 0.17500000 0.11388889 0.00000000
v -0.17500000 0.11944444 0.00000000
v -0.15166667 0.11944444 0.00000000
v -0.12833333 0.11944444 0.00000000
v -0.10500000 0.11944444 0.00000000
v -0.08166667 0.11944444 0.00000000
v -0.05833333 0.11944444 0.00000000
v -0.03500000 0.11944444 0.00000000
v -0.01166667 0.11944444 0.00000000
v 0.01166667 0.11944444 0.00000000
v 0.03500000 0.11944444 0.00000000
v 0.05833333 0.11944444 0.00000000
v 0.08166667 0.11944444 0.00000000
v 0.10500000 0.11944444 0.00000000
v 0.12833333 0.11944444 0.00000000
v 0.15166667 0.11944444 0.00000000
v 0.17500000 0.11944444 0.00000000
v -0.17500000 0.12500000 0.00000000
v -0.15166667 0.12500000 0.00000000
v -0.12833333 0.12500000 0.00000000
v -0.10500000 0.12500000 0.00000000
v -0.08166667 0.12500000 0.00000000
v -0.05833333 0.12500000 0.00000000
v -0.03500000 0.12500000 0.00000000
v -0.01166667 0.12500000 0.00000000
v 0.01166667 0.12500000 0.00000000
v 0.03500000 0.12500000 0.00000000
v 0.05833333 0.12500000 0.00000000
v 0.08166667 0.12500000 0.00000000
v 0.10500000 0.12500000 0.00000000
v 0.12833333 0.12500000 0.00000000
v 0.15166667 0.12500000 0.00000000
v 0.17500000 0.12500000 0.00000000
v -0.17500000 0.13055556 0.00000000
v -0.15166667 0.13055556 0.00000000
v -0.12833333 0.13055556 0.00000000
v -0.10500000 0.13055556 0.00000000
v -0.08166667 0.13055556 0.00000000
v -0.05833333 0.13055556 0.00000000
v -0.03500000 0.13055556 0.00000000
v -0.01166667 0.13055556 0.00000000
v 0.01166667 0.13055556 0.00000000
v 0.03500000 0.13055556 0.00000000
v 0.05833333 0.13055556 0.00000000
v 0.08166667 0.13055556 0.00000000
v 0.10500000 0.13055556 0.00000000
v 0.12833333 0.13055556 0.00000000
v 0.15166667 0.13055556 0.00000000
v 0.17500000 0.13055556 0.00000000
v -0.17500000 0.13611111 0.00000000
v -0.15166667 0.13611111 0.00000000
v -0.12833333 0.13611111 0.00000000
v -0.10500000 0.13611111 0.00000000
v -0.08166667 0.13611111 0.00000000
v -0.05833333 0.13611111 0.00000000
v -0.03500000 0.13611111 0.00000000
v -0.01166667 0.13611111 0.00000000
v 0.01166667 0.13611111 0.00000000
v 0.03500000 0.13611111 0.00000000
v 0.05833333 0.13611111 0.00000000
v 0.08166667 0.13611111 0.00000000
v 0.10500000 0.13611111 0.00000000
v 0.12833333 0.13611111 0.00000000
v 0.15166667 0.13611111 0.00000000
v 0.17500000 0.13611111 0.00000000
v -0.17500000 0.14166667 0.00000000
v -0.15166667 0.14166667 0.00000000
v -0.12833333 0.14166667 0.00000000
v -0.10500000 0.14166667 0.00000000
v -0.08166667 0.14166667 0.00000000
v -0.05833333 0.14166667 0.00000000
v -0.03500000 0.14166667 0.00000000
v -0.01166667 0.14166667 0.00000000
v 0.01166667 0.14166667 0.00000000
v 0.03500000 0.14166667 0.00000000
v 0.05833333 0.14166667 0.00000000
v 0.08166667 0.14166667 0.00000000
v 0.10500000 0.14166667 0.00000000
v 0.12833333 0.14166667 0.00000000
v 0.15166667 0.14166667 0.00000000
v 0.17500000 0.14166667 0.00000000
v -0.17500000 0.14722222 0.00000000
v -0.15166667 0.14722222 0.00000000
v -0.12833333 0.14722222 0.00000000
v -0.10500000 0.14722222 0.00000000
v -0.08166667 0.14722222 0.00000000
v -0.05833333 0.14722222 0.00000000
v -0.03500000 0.14722222 0.00000000
v -0.01166667 0.14722222 0.00000000
v 0.01166667 0.14722222 0.00000000
v 0.03500000 0.14722222 0.00000000
v 0.05833333 0.14722222 0.00000000
v 0.08166667 0.14722222 0.00000000
v 0.10500000 0.14722222 0.00000000
v 0.12833333 0.14722222 0.00000000
v 0.15166667 0.14722222 0.00000000
v 0.17500000 0.14722222 0.00000000
v -0.17500000 0.15277778 0.00000000
v -0.15166667 0.15277778 0.00000000
v -0.12833333 0.15277778 0.00000000
v -0.10500000 0.15277778 0.00000000
v -0.08166667 0.15277778 0.00000000
v -0.05833333 0.15277778 0.00000000
v -0.03500000 0.15277778 0.00000000
v -0.01166667 0.15277778 0.00000000
v 0.01166667 0.15277778 0.00000000
v 0.03500000 0.15277778 0.00000000
v 0.05833333 0.15277778 0.00000000
v 0.08166667 0.15277778 0.00000000
v 0.10500000 0.15277778 0.00000000
v 0.12833333 0.15277778 0.00000000
v 0.15166667 0.15277778 0.00000000
v 0.17500000 0.15277778 0.00000000
v -0.17500000 0.15833333 0.00000000
v -0.15166667 0.15833333 0.00000000
v -0.12833333 0.15833333 0.00000000
v -0.10500000 0.15833333 0.00000000
v -0.08166667 0.15833333 0.00000000
v -0.05833333 0.15833333 0.00000000
v -0.03500000 0.15833333 0.00000000
v -0.01166667 0.15833333 0.00000000
v 0.01166667 0.15833333 0.00000000
v 0.03500000 0.15833333 0.00000000
v 0.05833333 0.15833333 0.00000000
v 0.08166667 0.15833333 0.00000000
v 0.10500000 0.15833333 0.00000000
v 0.12833333 0.15833333 0.00000000
v 0.15166667 0.15833333 0.00000000
v 0.17500000 0.15833333 0.00000000
v -0.17500000 0.16388889 0.00000000
v -0.15166667 0.16388889 0.00000000
v -0.12833333 0.16388889 0.00000000
v -0.10500000 0.16388889 0.00000000
v -0.08166667 0.16388889 0.00000000
v -0.05833333 0.16388889 0.00000000
v -0.03500000 0.16388889 0.00000000
v -0.01166667 0.16388889 0.00000000
v 0.01166667 0.16388889 0.00000000
v 0.03500000 0.16388889 0.00000000
v 0.05833333 0.16388889 0.00000000
v 0.08166667 0.16388889 0.00000000
v 0.10500000 0.16388889 0.00000000
v 0.12833333 0.16388889 0.00000000
v 0.15166667 0.16388889 0.00000000
v 0.17500000 0.16388889 0.00000000
v -0.17500000 0.16944444 0.00000000
v -0.15166667 0.16944444 0.00000000
v -0.12833333 0.16944444 0.00000000
v -0.10500000 0.16944444 0.00000000
v -0.08166667 0.16944444 0.00000000
v -0.05833333 0.16944444 0.00000000
v -0.03500000 0.16944444 0.00000000
v -0.01166667 0.16944444 0.00000000
v 0.01166667 0.16944444 0.00000000
v 0.03500000 0.16944444 0.00000000
v 0.05833333 0.16944444 0.00000000
v 0.08166667 0.16944444 0.00000000
v 0.10500000 0.16944444 0.00000000
v 0.12833333 0.16944444 0.00000000
v 0.15166667 0.16944444 0.00000000
v 0.17500000 0.16944444 0.00000000
v -0.17500000 0.17500000 0.00000000
v -0.15166667 0.17500000 0.00000000
v -0.12833333 0.17500000 0.00000000
v -0.10500000 0.17500000 0.00000000
v -0.08166667 0.17500000 0.00000000
v -0.05833333 0.17500000 0.00000000
v -0.03500000 0.17500000 0.00000000
v -0.01166667 0.17500000 0.00000000
v 0.01166667 0.17500000 0.00000000
v 0.03500000 0.17500000 0.00000000
v 0.05833333 0.17500000 0.00000000
v 0.08166667 0.17500000 0.00000000
v 0.10500000 0.17500000 0.00000000
v 0.12833333 0.17500000 0.00000000
v 0.15166667 0.17500000 0.00000000
v 0.17500000 0.17500000 0.00000000
f 1 2 17
f 2 18 17
f 2 3 18
f 3 19 18
f 3 4 19
f 4 20 19
f 4 5 20
f 5 21 20
f 5 6 21
f 6 22 21
f 6 7 22
f 7 23 22
f 7 8 23
f 8 24 23
f 8 9 24
f 9 25 24
f 9 10 25
f 10 26 25
f 10 11 26
f 11 27 26
f 11 12 27
f 12 28 27
f 12 13 28
f 13 29 28
f 13 14 29
f 14 30 29
f 14 15 30
f 15 31 30
f 15 16 31
f 16 32 31
f 17 18 33
f 18 34 33
f 18 19 34
f 19 35 34
f 19 20 35
f 20 36 35
f 20 21 36
f 21 37 36
f 21 22 37
f 22 38 37
f 22 23 38
f 23 39 38
f 23 24 39
f 24 40 39
f 24 25 40
f 25 41 40
f 25 26 41
f 26 42 41
f 26 27 42
f 27 43 42
f 27 28 43
f 28 44 43
f 28 29 44
f 29 45 44
f 29 30 45
f 30 46 45
f 30 31 46
f 31 47 46
f 31 32 47
f 32 48 47
f 33 34 49
f 34 50 49
f 34 35 50
f 35 51 50
f 35 36 51
f 36 52 51
f 36 37 52
f 37 53 52
f 37 38 53
f 38 54 53
f 38 39 54
f 39 55 54
f 39 40 55
f 40 56 55
f 40 41 56
f 41 57 56
f 41 42 57
f 42 58 57
f 42 43 58
f 43 59 58
f 43 44 59
f 44 60 59
f 44 45 60
f 45 61 60
f 45 46 61
f 46 62 61
f 46 47 62
f 47 63 62
f 47 48 63
f 48 64 63
f 49 50 65
f 50 66 65
f 50 51 66
f 51 67 66
f 51 52 67
f 52 68 67
f 52 53 68
f 53 69 68
f 53 54 69
f 54 70 69
f 54 55 70
f 55 71 70
f 55 56 71
f 56 72 71
f 56 57 72
f 57 73 72
f 57 58 73
f 58 74 73
f 58 59 74
f 59 75 74
f 59 60 75
f 60 76 75
f 60 61 76
f 61 77 76
f 61 62 77
f 62 78 77
f 62 63 78
f 63 79 78
f 63 64 79
f 64 80 79
f 65 66 81
f 66 82 81
f 66 67 82
f 67 83 82
f 67 68 83
f 68 84 83
f 68 69 84
f 69 85 84
f 69 70 85
f 70 86 85
f 70 71 86
f 71 87 86
f 71 72 87
f 72 88 87
f 72 73 88
f 73 89 88
f 73 74 89
f 74 90 89
f 74 75 90
f 75 91 90
f 75 76 91
f 76 92 91
f 76 77 92
f 77 93 92
f 77 78 93
f 78 94 93
f 78 79 94
f 79 95 94
f 79 80 95
f 80 96 95
f 81 82 97
f 82 98 97
f 82 83 98
f 83 99 98
f 83 84 99
f 84 100 99
f 84 85 100
f 85 101 100
f 85 86 101
f 86 102 101
f 86 87 102
f 87 103 102
f 87 88 103
f 88 104 103
f 88 89 104
f 89 105 104
f 89 90 105
f 90 106 105
f 90 91 106
f 91 107 106
f 91 92 107
f 92 108 107
f 92 93 108
f 93 109 108
f 93 94 109
f 94 110 109
f 94 95 110
f 95 111 110
f 95 96 111
f 96 112 111
f 97 98 113
f 98 114 113
f 98 99 114
f 99 115 114
f 99 100 115
f 100 116 115
f 100 101 116
f 101 117 116
f 101 102 117
f 102 118 117
f 102 103 118
f 103 119 118
f 103 104 119
f 104 120 119
f 104 105 120
f 105 121 120
f 105 106 121
f 106 122 121
f 106 107 122
f 107 123 122
f 107 108 123
f 108 124 123
f 108 109 124
f 109 125 124
f 109 110 125
f 110 126 125
f 110 111 126
f 111 127 126
f 111 112 127
f 112 128 127
f 113 114 129
f 114 130 129
f 114 115 130
f 115 131 130
f 115 116 131
f 116 132 131
f 116 117 132
f 117 133 132
f 117 118 133
f 118 134 133
f 118 119 134
f 119 135 134
f 119 120 135
f 120 136 135
f 120 121 136
f 121 137 136
f 121 122 137
f 122 138 137
f 122 123 138
f 123 139 138
f 123 124 139
f 124 140 139
f 124 125 140
f 125 141 140
f 125 126 141
f 126 142 141
f 126 127 142
f 127 143 142
f 127 128 143
f 128 144 143
f 129 130 145
f 130 146 145
f 130 131 146
f 131 147 146
f 131 132 147
f 132 148 147
f 132 133 148
f 133 149 148
f 133 134 149
f 134 150 149
f 134 135 150
f 135 151 150
f 135 136 151
f 136 152 151
f 136 137 152
f 137 153 152
f 137 138 153
f 138 154 153
f 138 139 154
f 139 155 154
f 139 140 155
f 140 156 155
f 140 141 156
f 141 157 156
f 141 142 157
f 142 158 157
f 142 143 158
f 143 159 158
f 143 144 159
f 144 160 159
f 145 146 161
f 146 162 161
f 146 147 162
f 147 163 162
f 147 148 163
f 148 164 163
f 148 149 164
f 149 165 164
f 149 150 165
f 150 166 165
f 150 151 166
f 151 167 166
f 151 152 167
f 152 168 167
f 152 153 168
f 153 169 168
f 153 154 169
f 154 170 169
f 154 155 170
f 155 171 170
f 155 156 171
f 156 172 171
f 156 157 172
f 157 173 172
f 157 158 173
f 158 174 173
f 158 159 174
f 159 175 174
f 159 160 175
f 160 176 175
f 161 162 177
f 162 178 177
f 162 163 178
f 163 179 178
f 163 164 179
f 164 180 179
f 164 165 180
f 165 181 180
f 165 166 181
f 166 182 181
f 166 167 182
f 167 183 182
f 167 168 183
f 168 184 183
f 168 169 184
f 169 185 184
f 169 170 185
f 170 186 185
f 170 171 186
f 171 187 186
f 171 172 187
f 172 188 187
f 172 173 188
f 173 189 188
f 173 174 189
f 174 190 189
f 174 175 190
f 175 191 190
f 175 176 191
f 176 192 191
f 177 178 193
f 178 194 193
f 178 179 194
f 179 195 194
f 179 180 195
f 180 196 195
f 180 181 196
f 181 197 196
f 181 182 197
f 182 198 197
f 182 183 198
f 183 199 198
f 183 184 199
f 184 200 199
f 184 185 200
f 185 201 200
f 185 186 201
f 186 202 201
f 186 187 202
f 187 203 202
f 187 188 203
f 188 204 203
f 188 189 204
f 189 205 204
f 189 190 205
f 190 206 205
f 190 191 206
f 191 207 206
f 191 192 207
f 192 208 207
f 193 194 209
f 194 210 209
f 194 195 210
f 195 211 210
f 195 196 211
f 196 212 211
f 196 197 212
f 197 213 212
f 197 198 213
f 198 214 213
f 198 199 214
f 199 215 214
f 199 200 215
f 200 216 215
f 200 201 216
f 201 217 216
f 201 202 217
f 202 218 217
f 202 203 218
f 203 219 218
f 203 204 219
f 204 220 219
f 204 205 220
f 205 221 220
f 205 206 221
f 206 222 221
f 206 207 222
f 207 223 222
f 207 208 223
f 208 224 223
f 209 210 225
f 210 226 225
f 210 211 226
f 211 227 226
f 211 212 227
f 212 228 227
f 212 213 228
f 213 229 228
f 213 214 229
f 214 230 229
f 214 215 230
f 215 231 230
f 215 216 231
f 216 232 231
f 216 217 232
f 217 233 232
f 217 218 233
f 218 234 233
f 218 219 234
f 219 235 234
f 219 220 235
f 220 236 235
f 220 221 236
f 221 237 236
f 221 222 237
f 222 238 237
f 222 223 238
f 223 239 238
f 223 224 239
f 224 240 239
f 225 226 241
f 226 242 241
f 226 227 242
f 227 243 242
f 227 228 243
f 228 244 243
f 228 229 244
f 229 245 244
f 229 230 245
f 230 246 245
f 230 231 246
f 231 247 246
f 231 232 247
f 232 248 247
f 232 233 248
f 233 249 248
f 233 234 249
f 234 250 249
f 234 235 250
f 235 251 250
f 235 236 251
f 236 252 251
f 236 237 252
f 237 253 252
f 237 238 253
f 238 254 253
f 238 239 254
f 239 255 254
f 239 240 255
f 240 256 255
f 241 242 257
f 242 258 257
f 242 243 258
f 243 259 258
f 243 244 259
f 244 260 259
f 244 245 260
f 245 261 260
f 245 246 261
f 246 262 261
f 246 247 262
f 247 263 262
f 247 248 263
f 248 264 263
f 248 249 264
f 249 265 264
f 249 250 265
f 250 266 265
f 250 251 266
f 251 267 266
f 251 252 267
f 252 268 267
f 252 253 268
f 253 269 268
f 253 254 269
f 254 270 269
f 254 255 270
f 255 271 270
f 255 256 271
f 256 272 271
f 257 258 273
f 258 274 273
f 258 259 274
f 259 275 274
f 259 260 275
f 260 276 275
f 260 261 276
f 261 277 276
f 261 262 277
f 262 278 277
f 262 263 278
f 263 279 278
f 263 264 279
f 264 280 279
f 264 265 280
f 265 281 280
f 265 266 281
f 266 282 281
f 266 267 282
f 267 283 282
f 267 268 283
f 268 284 283
f 268 269 284
f 269 285 284
f 269 270 285
f 270 286 285
f 270 271 286
f 271 287 286
f 271 272 287
f 272 288 287
f 273 274 289
f 274 290 289
f 274 275 290
f 275 291 290
f 275 276 291
f 276 292 291
f 276 277 292
f 277 293 292
f 277 278 293
f 278 294 293
f 278 279 294
f 279 295 294
f 279 280 295
f 280 296 295
f 280 281 296
f 281 297 296
f 281 282 297
f 282 298 297
f 282 283 298
f 283 299 298
f 283 284 299
f 284 300 299
f 284 285 300
f 285 301 300
f 285 286 301
f 286 302 301
f 286 287 302
f 287 303 302
f 287 288 303
f 288 304 303
f 289 290 305
f 290 306 305
f 290 291 306
f 291 307 306
f 291 292 307
f 292 308 307
f 292 293 308
f 293 309 308
f 293 294 309
f 294 310 309
f 294 295 310
f 295 311 310
f 295 296 311
f 296 312 311
f 296 297 312
f 297 313 312
f 297 298 313
f 298 314 313
f 298 299 314
f 299 315 314
f 299 300 315
f 300 316 315
f 300 301 316
f 301 317 316
f 301 302 317
f 302 318 317
f 302 303 318
f 303 319 318
f 303 304 319
f 304 320 319
f 305 306 321
f 306 322 321
f 306 307 322
f 307 323 322
f 307 308 323
f 308 324 323
f 308 309 324
f 309 325 324
f 309 310 325
f 310 326 325
f 310 311 326
f 311 327 326
f 311 312 327
f 312 328 327
f 312 313 328
f 313 329 328
f 313 314 329
f 314 330 329
f 314 315 330
f 315 331 330
f 315 316 331
f 316 332 331
f 316 317 332
f 317 333 332
f 317 318 333
f 318 334 333
f 318 319 334
f 319 335 334
f 319 320 335
f 320 336 335
f 321 322 337
f 322 338 337
f 322 323 338
f 323 339 338
f 323 324 339
f 324 340 339
f 324 325 340
f 325 341 340
f 325 326 341
f 326 342 341
f 326 327 342
f 327 343 342
f 327 328 343
f 328 344 343
f 328 329 344
f 329 345 344
f 329 330 345
f 330 346 345
f 330 331 346
f 331 347 346
f 331 332 347
f 332 348 347
f 332 333 348
f 333 349 348
f 333 334 349
f 334 350 349
f 334 335 350
f 335 351 350
f 335 336 351
f 336 352 351
f 337 338 353
f 338 354 353
f 338 339 354
f 339 355 354
f 339 340 355
f 340 356 355
f 340 341 356
f 341 357 356
f 341 342 357
f 342 358 357
f 342 343 358
f 343 359 358
f 343 344 359
f 344 360 359
f 344 345 360
f 345 361 360
f 345 346 361
f 346 362 361
f 346 347 362
f 347 363 362
f 347 348 363
f 348 364 363
f 348 349 364
f 349 365 364
f 349 350 365
f 350 366 365
f 350 351 366
f 351 367 366
f 351 352 367
f 352 368 367
f 353 354 369
f 354 370 369
f 354 355 370
f 355 371 370
f 355 356 371
f 356 372 371
f 356 357 372
f 357 373 372
f 357 358 373
f 358 374 373
f 358 359 374
f 359 375 374
f 359 360 375
f 360 376 375
f 360 361 376
f 361 377 376
f 361 362 377
f 362 378 377
f 362 363 378
f 363 379 378
f 363 364 379
f 364 380 379
f 364 365 380
f 365 381 380
f 365 366 381
f 366 382 381
f 366 367 382
f 367 383 382
f 367 368 383
f 368 384 383
f 369 370 385
f 370 386 385
f 370 371 386
f 371 387 386
f 371 372 387
f 372 388 387
f 372 373 388
f 373 389 388
f 373 374 389
f 374 390 389
f 374 375 390
f 375 391 390
f 375 376 391
f 376 392 391
f 376 377 392
f 377 393 392
f 377 378 393
f 378 394 393
f 378 379 394
f 379 395 394
f 379 380 395
f 380 396 395
f 380 381 396
f 381 397 396
f 381 382 397
f 382 398 397
f 382 383 398
f 383 399 398
f 383 384 399
f 384 400 399
f 385 386 401
f 386 402 401
f 386 387 402
f 387 403 402
f 387 388 403
f 388 404 403
f 388 389 404
f 389 405 404
f 389 390 405
f 390 406 405
f 390 391 406
f 391 407 406
f 391 392 407
f 392 408 407
f 392 393 408
f 393 409 408
f 393 394 409
f 394 410 409
f 394 395 410
f 395 411 410
f 395 396 411
f 396 412 411
f 396 397 412
f 397 413 412
f 397 398 413
f 398 414 413
f 398 399 414
f 399 415 414
f 399 400 415
f 400 416 415
f 401 402 417
f 402 418 417
f 402 403 418
f 403 419 418
f 403 404 419
f 404 420 419
f 404 405 420
f 405 421 420
f 405 406 421
f 406 422 421
f 406 407 422
f 407 423 422
f 407 408 423
f 408 424 423
f 408 409 424
f 409 425 424
f 409 410 425
f 410 426 425
f 410 411 426
f 411 427 426
f 411 412 427
f 412 428 427
f 412 413 428
f 413 429 428
f 413 414 429
f 414 430 429
f 414 415 430
f 415 431 430
f 415 416 431
f 416 432 431
f 417 418 433
f 418 434 433
f 418 419 434
f 419 435 434
f 419 420 435
f 420 436 435
f 420 421 436
f 421 437 436
f 421 422 437
f 422 438 437
f 422 423 438
f 423 439 438
f 423 424 439
f 424 440 439
f 424 425 440
f 425 441 440
f 425 426 441
f 426 442 441
f 426 427 442
f 427 443 442
f 427 428 443
f 428 444 443
f 428 429 444
f 429 445 444
f 429 430 445
f 430 446 445
f 430 431 446
f 431 447 446
f 431 432 447
f 432 448 447
f 433 434 449
f 434 450 449
f 434 435 450
f 435 451 450
f 435 436 451
f 436 452 451
f 436 437 452
f 437 453 452
f 437 438 453
f 438 454 453
f 438 439 454
f 439 455 454
f 439 440 455
f 440 456 455
f 440 441 456
f 441 457 456
f 441 442 457
f 442 458 457
f 442 443 458
f 443 459 458
f 443 444 459
f 444 460 459
f 444 445 460
f 445 461 460
f 445 446 461
f 446 462 461
f 446 447 462
f 447 463 462
f 447 448 463
f 448 464 463
f 449 450 465
f 450 466 465
f 450 451 466
f 451 467 466
f 451 452 467
f 452 468 467
f 452 453 468
f 453 469 468
f 453 454 469
f 454 470 469
f 454 455 470
f 455 471 470
f 455 456 471
f 456 472 471
f 456 457 472
f 457 473 472
f 457 458 473
f 458 474 473
f 458 459 474
f 459 475 474
f 459 460 475
f 460 476 475
f 460 461 476
f 461 477 476
f 461 462 477
f 462 478 477
f 462 463 478
f 463 479 478
f 463 464 479
f 464 480 479
f 465 466 481
f 466 482 481
f 466 467 482
f 467 483 482
f 467 468 483
f 468 484 483
f 468 469 484
f 469 485 484
f 469 470 485
f 470 486 485
f 470 471 486
f 471 487 486
f 471 472 487
f 472 488 487
f 472 473 488
f 473 489 488
f 473 474 489
f 474 490 489
f 474 475 490
f 475 491 490
f 475 476 491
f 476 492 491
f 476 477 492
f 477 493 492
f 477 478 493
f 478 494 493
f 478 479 494
f 479 495 494
f 479 480 495
f 480 496 495
f 481 482 497
f 482 498 497
f 482 483 498
f 483 499 498
f 483 484 499
f 484 500 499
f 484 485 500
f 485 501 500
f 485 486 501
f 486 502 501
f 486 487 502
f 487 503 502
f 487 488 503
f 488 504 503
f 488 489 504
f 489 505 504
f 489 490 505
f 490 506 505
f 490 491 506
f 491 507 506
f 491 492 507
f 492 508 507
f 492 493 508
f 493 509 508
f 493 494 509
f 494 510 509
f 494 495 510
f 495 511 510
f 495 496 511
f 496 512 511
f 497 498 513
f 498 514 513
f 498 499 514
f 499 515 514
f 499 500 515
f 500 516 515
f 500 501 516
f 501 517 516
f 501 502 517
f 502 518 517
f 502 503 518
f 503 519 518
f 503 504 519
f 504 520 519
f 504 505 520
f 505 521 520
f 505 506 521
f 506 522 521
f 506 507 522
f 507 523 522
f 507 508 523
f 508 524 523
f 508 509 524
f 509 525 524
f 509 510 525
f 510 526 525
f 510 511 526
f 511 527 526
f 511 512 527
f 512 528 527
f 513 514 529
f 514 530 529
f 514 515 530
f 515 531 530
f 515 516 531
f 516 532 531
f 516 517 532
f 517 533 532
f 517 518 533
f 518 534 533
f 518 519 534
f 519 535 534
f 519 520 535
f 520 536 535
f 520 521 536
f 521 537 536
f 521 522 537
f 522 538 537
f 522 523 538
f 523 539 538
f 523 524 539
f 524 540 539
f 524 525 540
f 525 541 540
f 525 526 541
f 526 542 541
f 526 527 542
f 527 543 542
f 527 528 543
f 528 544 543
f 529 530 545
f 530 546 545
f 530 531 546
f 531 547 546
f 531 532 547
f 532 548 547
f 532 533 548
f 533 549 548
f 533 534 549
f 534 550 549
f 534 535 550
f 535 551 550
f 535 536 551
f 536 552 551
f 536 537 552
f 537 553 552
f 537 538 553
f 538 554 553
f 538 539 554
f 539 555 554
f 539 540 555
f 540 556 555
f 540 541 556
f 541 557 556
f 541 542 557
f 542 558 557
f 542 543 558
f 543 559 558
f 543 544 559
f 544 560 559
f 545 546 561
f 546 562 561
f 546 547 562
f 547 563 562
f 547 548 563
f 548 564 563
f 548 549 564
f 549 565 564
f 549 550 565
f 550 566 565
f 550 551 566
f 551 567 566
f 551 552 567
f 552 568 567
f 552 553 568
f 553 569 568
f 553 554 569
f 554 570 569
f 554 555 570
f 555 571 570
f 555 556 571
f 556 572 571
f 556 557 572
f 557 573 572
f 557 558 573
f 558 574 573
f 558 559 574
f 559 575 574
f 559 560 575
f 560 576 575
f 561 562 577
f 562 578 577
f 562 563 578
f 563 579 578
f 563 564 579
f 564 580 579
f 564 565 580
f 565 581 580
f 565 566 581
f 566 582 581
f 566 567 582
f 567 583 582
f 567 568 583
f 568 584 583
f 568 569 584
f 569 585 584
f 569 570 585
f 570 586 585
f 570 571 586
f 571 587 586
f 571 572 587
f 572 588 587
f 572 573 588
f 573 589 588
f 573 574 589
f 574 590 589
f 574 575 590
f 575 591 590
f 575 576 591
f 576 592 591
f 577 578 593
f 578 594 593
f 578 579 594
f 579 595 594
f 579 580 595
f 580 596 595
f 580 581 596
f 581 597 596
f 581 582 597
f 582 598 597
f 582 583 598
f 583 599 598
f 583 584 599
f 584 600 599
f 584 585 600
f 585 601 600
f 585 586 601
f 586 602 601
f 586 587 602
f 587 603 602
f 587 588 603
f 588 604 603
f 588 589 604
f 589 605 604
f 589 590 605
f 590 606 605
f 590 591 606
f 591 607 606
f 591 592 607
f 592 608 607
f 593 594 609
f 594 610 609
f 594 595 610
f 595 611 610
f 595 596 611
f 596 612 611
f 596 597 612
f 597 613 612
f 597 598 613
f 598 614 613
f 598 599 614
f 599 615 614
f 599 600 615
f 600 616 615
f 600 601 616
f 601 617 616
f 601 602 617
f 602 618 617
f 602 603 618
f 603 619 618
f 603 604 619
f 604 620 619
f 604 605 620
f 605 621 620
f 605 606 621
f 606 622 621
f 606 607 622
f 607 623 622
f 607 608 623
f 608 624 623
f 609 610 625
f 610 626 625
f 610 611 626
f 611 627 626
f 611 612 627
f 612 628 627
f 612 613 628
f 613 629 628
f 613 614 629
f 614 630 629
f 614 615 630
f 615 631 630
f 615 616 631
f 616 632 631
f 616 617 632
f 617 633 632
f 617 618 633
f 618 634 633
f 618 619 634
f 619 635 634
f 619 620 635
f 620 636 635
f 620 621 636
f 621 637 636
f 621 622 637
f 622 638 637
f 622 623 638
f 623 639 638
f 623 624 639
f 624 640 639
f 625 626 641
f 626 642 641
f 626 627 642
f 627 643 642
f 627 628 643
f 628 644 643
f 628 629 644
f 629 645 644
f 629 630 645
f 630 646 645
f 630 631 646
f 631 647 646
f 631 632 647
f 632 648 647
f 632 633 648
f 633 649 648
f 633 634 649
f 634 650 649
f 634 635 650
f 635 651 650
f 635 636 651
f 636 652 651
f 636 637 652
f 637 653 652
f 637 638 653
f 638 654 653
f 638 639 654
f 639 655 654
f 639 640 655
f 640 656 655
f 641 642 657
f 642 658 657
f 642 643 658
f 643 659 658
f 643 644 659
f 644 660 659
f 644 645 660
f 645 661 660
f 645 646 661
f 646 662 661
f 646 647 662
f 647 663 662
f 647 648 663
f 648 664 663
f 648 649 664
f 649 665 664
f 649 650 665
f 650 666 665
f 650 651 666
f 651 667 666
f 651 652 667
f 652 668 667
f 652 653 668
f 653 669 668
f 653 654 669
f 654 670 669
f 654 655 670
f 655 671 670
f 655 656 671
f 656 672 671
f 657 658 673
f 658 674 673
f 658 659 674
f 659 675 674
f 659 660 675
f 660 676 675
f 660 661 676
f 661 677 676
f 661 662 677
f 662 678 677
f 662 663 678
f 663 679 678
f 663 664 679
f 664 680 679
f 664 665 680
f 665 681 680
f 665 666 681
f 666 682 681
f 666 667 682
f 667 683 682
f 667 668 683
f 668 684 683
f 668 669 684
f 669 685 684
f 669 670 685
f 670 686 685
f 670 671 686
f 671 687 686
f 671 672 687
f 672 688 687
f 673 674 689
f 674 690 689
f 674 675 690
f 675 691 690
f 675 676 691
f 676 692 691
f 676 677 692
f 677 693 692
f 677 678 693
f 678 694 693
f 678 679 694
f 679 695 694
f 679 680 695
f 680 696 695
f 680 681 696
f 681 697 696
f 681 682 697
f 682 698 697
f 682 683 698
f 683 699 698
f 683 684 699
f 684 700 699
f 684 685 700
f 685 701 700
f 685 686 701
f 686 702 701
f 686 687 702
f 687 703 702
f 687 688 703
f 688 704 703
f 689 690 705
f 690 706 705
f 690 691 706
f 691 707 706
f 691 692 707
f 692 708 707
f 692 693 708
f 693 709 708
f 693 694 709
f 694 710 709
f 694 695 710
f 695 711 710
f 695 696 711
f 696 712 711
f 696 697 712
f 697 713 712
f 697 698 713
f 698 714 713
f 698 699 714
f 699 715 714
f 699 700 715
f 700 716 715
f 700 701 716
f 701 717 716
f 701 702 717
f 702 718 717
f 702 703 718
f 703 719 718
f 703 704 719
f 704 720 719
f 705 706 721
f 706 722 721
f 706 707 722
f 707 723 722
f 707 708 723
f 708 724 723
f 708 709 724
f 709 725 724
f 709 710 725
f 710 726 725
f 710 711 726
f 711 727 726
f 711 712 727
f 712 728 727
f 712 713 728
f 713 729 728
f 713 714 729
f 714 730 729
f 714 715 730
f 715 731 730
f 715 716 731
f 716 732 731
f 716 717 732
f 717 733 732
f 717 718 733
f 718 734 733
f 718 719 734
f 719 735 734
f 719 720 735
f 720 736 735
f 721 722 737
f 722 738 737
f 722 723 738
f 723 739 738
f 723 724 739
f 724 740 739
f 724 725 740
f 725 741 740
f 725 726 741
f 726 742 741
f 726 727 742
f 727 743 742
f 727 728 743
f 728 744 743
f 728 729 744
f 729 745 744
f 729 730 745
f 730 746 745
f 730 731 746
f 731 747 746
f 731 732 747
f 732 748 747
f 732 733 748
f 733 749 748
f 733 734 749
f 734 750 749
f 734 735 750
f 735 751 750
f 735 736 751
f 736 752 751
f 737 738 753
f 738 754 753
f 738 739 754
f 739 755 754
f 739 740 755
f 740 756 755
f 740 741 756
f 741 757 756
f 741 742 757
f 742 758 757
f 742 743 758
f 743 759 758
f 743 744 759
f 744 760 759
f 744 745 760
f 745 761 760
f 745 746 761
f 746 762 761
f 746 747 762
f 747 763 762
f 747 748 763
f 748 764 763
f 748 749 764
f 749 765 764
f 749 750 765
f 750 766 765
f 750 751 766
f 751 767 766
f 751 752 767
f 752 768 767
f 753 754 769
f 754 770 769
f 754 755 770
f 755 771 770
f 755 756 771
f 756 772 771
f 756 757 772
f 757 773 772
f 757 758 773
f 758 774 773
f 758 759 774
f 759 775 774
f 759 760 775
f 760 776 775
f 760 761 776
f 761 777 776
f 761 762 777
f 762 778 777
f 762 763 778
f 763 779 778
f 763 764 779
f 764 780 779
f 764 765 780
f 765 781 780
f 765 766 781
f 766 782 781
f 766 767 782
f 767 783 782
f 767 768 783
f 768 784 783
f 769 770 785
f 770 786 785
f 770 771 786
f 771 787 786
f 771 772 787
f 772 788 787
f 772 773 788
f 773 789 788
f 773 774 789
f 774 790 789
f 774 775 790
f 775 791 790
f 775 776 791
f 776 792 791
f 776 777 792
f 777 793 792
f 777 778 793
f 778 794 793
f 778 779 794
f 779 795 794
f 779 780 795
f 780 796 795
f 780 781 796
f 781 797 796
f 781 782 797
f 782 798 797
f 782 783 798
f 783 799 798
f 783 784 799
f 784 800 799
f 785 786 801
f 786 802 801
f 786 787 802
f 787 803 802
f 787 788 803
f 788 804 803
f 788 789 804
f 789 805 804
f 789 790 805
f 790 806 805
f 790 791 806
f 791 807 806
f 791 792 807
f 792 808 807
f 792 793 808
f 793 809 808
f 793 794 809
f 794 810 809
f 794 795 810
f 795 811 810
f 795 796 811
f 796 812 811
f 796 797 812
f 797 813 812
f 797 798 813
f 798 814 813
f 798 799 814
f 799 815 814
f 799 800 815
f 800 816 815
f 801 802 817
f 802 818 817
f 802 803 818
f 803 819 818
f 803 804 819
f 804 820 819
f 804 805 820
f 805 821 820
f 805 806 821
f 806 822 821
f 806 807 822
f 807 823 822
f 807 808 823
f 808 824 823
f 808 809 824
f 809 825 824
f 809 810 825
f 810 826 825
f 810 811 826
f 811 827 826
f 811 812 827
f 812 828 827
f 812 813 828
f 813 829 828
f 813 814 829
f 814 830 829
f 814 815 830
f 815 831 830
f 815 816 831
f 816 832 831
f 817 818 833
f 818 834 833
f 818 819 834
f 819 835 834
f 819 820 835
f 820 836 835
f 820 821 836
f 821 837 836
f 821 822 837
f 822 838 837
f 822 823 838
f 823 839 838
f 823 824 839
f 824 840 839
f 824 825 840
f 825 841 840
f 825 826 841
f 826 842 841
f 826 827 842
f 827 843 842
f 827 828 843
f 828 844 843
f 828 829 844
f 829 845 844
f 829 830 845
f 830 846 845
f 830 831 846
f 831 847 846
f 831 832 847
f 832 848 847
f 833 834 849
f 834 850 849
f 834 835 850
f 835 851 850
f 835 836 851
f 836 852 851
f 836 837 852
f 837 853 852
f 837 838 853
f 838 854 853
f 838 839 854
f 839 855 854
f 839 840 855
f 840 856 855
f 840 841 856
f 841 857 856
f 841 842 857
f 842 858 857
f 842 843 858
f 843 859 858
f 843 844 859
f 844 860 859
f 844 845 860
f 845 861 860
f 845 846 861
f 846 862 861
f 846 847 862
f 847 863 862
f 847 848 863
f 848 864 863
f 849 850 865
f 850 866 865
f 850 851 866
f 851 867 866
f 851 852 867
f 852 868 867
f 852 853 868
f 853 869 868
f 853 854 869
f 854 870 869
f 854 855 870
f 855 871 870
f 855 856 871
f 856 872 871
f 856 857 872
f 857 873 872
f 857 858 873
f 858 874 873
f 858 859 874
f 859 875 874
f 859 860 875
f 860 876 875
f 860 861 876
f 861 877 876
f 861 862 877
f 862 878 877
f 862 863 878
f 863 879 878
f 863 864 879
f 864 880 879
f 865 866 881
f 866 882 881
f 866 867 882
f 867 883 882
f 867 868 883
f 868 884 883
f 868 869 884
f 869 885 884
f 869 870 885
f 870 886 885
f 870 871 886
f 871 887 886
f 871 872 887
f 872 888 887
f 872 873 888
f 873 889 888
f 873 874 889
f 874 890 889
f 874 875 890
f 875 891 890
f 875 876 891
f 876 892 891
f 876 877 892
f 877 893 892
f 877 878 893
f 878 894 893
f 878 879 894
f 879 895 894
f 879 880 895
f 880 896 895
f 881 882 897
f 882 898 897
f 882 883 898
f 883 899 898
f 883 884 899
f 884 900 899
f 884 885 900
f 885 901 900
f 885 886 901
f 886 902 901
f 886 887 902
f 887 903 902
f 887 888 903
f 888 904 903
f 888 889 904
f 889 905 904
f 889 890 905
f 890 906 905
f 890 891 906
f 891 907 906
f 891 892 907
f 892 908 907
f 892 893 908
f 893 909 908
f 893 894 909
f 894 910 909
f 894 895 910
f 895 911 910
f 895 896 911
f 896 912 911
f 897 898 913
f 898 914 913
f 898 899 914
f 899 915 914
f 899 900 915
f 900 916 915
f 900 901 916
f 901 917 916
f 901 902 917
f 902 918 917
f 902 903 918
f 903 919 918
f 903 904 919
f 904 920 919
f 904 905 920
f 905 921 920
f 905 906 921
f 906 922 921
f 906 907 922
f 907 923 922
f 907 908 923
f 908 924 923
f 908 909 924
f 909 925 924
f 909 910 925
f 910 926 925
f 910 911 926
f 911 927 926
f 911 912 927
f 912 928 927
f 913 914 929
f 914 930 929
f 914 915 930
f 915 931 930
f 915 916 931
f 916 932 931
f 916 917 932
f 917 933 932
f 917 918 933
f 918 934 933
f 918 919 934
f 919 935 934
f 919 920 935
f 920 936 935
f 920 921 936
f 921 937 936
f 921 922 937
f 922 938 937
f 922 923 938
f 923 939 938
f 923 924 939
f 924 940 939
f 924 925 940
f 925 941 940
f 925 926 941
f 926 942 941
f 926 927 942
f 927 943 942
f 927 928 943
f 928 944 943
f 929 930 945
f 930 946 945
f 930 931 946
f 931 947 946
f 931 932 947
f 932 948 947
f 932 933 948
f 933 949 948
f 933 934 949
f 934 950 949
f 934 935 950
f 935 951 950
f 935 936 951
f 936 952 951
f 936 937 952
f 937 953 952
f 937 938 953
f 938 954 953
f 938 939 954
f 939 955 954
f 939 940 955
f 940 956 955
f 940 941 956
f 941 957 956
f 941 942 957
f 942 958 957
f 942 943 958
f 943 959 958
f 943 944 959
f 944 960 959
f 945 946 961
f 946 962 961
f 946 947 962
f 947 963 962
f 947 948 963
f 948 964 963
f 948 949 964
f 949 965 964
f 949 950 965
f 950 966 965
f 950 951 966
f 951 967 966
f 951 952 967
f 952 968 967
f 952 953 968
f 953 969 968
f 953 954 969
f 954 970 969
f 954 955 970
f 955 971 970
f 955 956 971
f 956 972 971
f 956 957 972
f 957 973 972
f 957 958 973
f 958 974 973
f 958 959 974
f 959 975 974
f 959 960 975
f 960 976 975
f 961 962 977
f 962 978 977
f 962 963 978
f 963 979 978
f 963 964 979
f 964 980 979
f 964 965 980
f 965 981 980
f 965 966 981
f 966 982 981
f 966 967 982
f 967 983 982
f 967 968 983
f 968 984 983
f 968 969 984
f 969 985 984
f 969 970 985
f 970 986 985
f 970 971 986
f 971 987 986
f 971 972 987
f 972 988 987
f 972 973 988
f 973 989 988
f 973 974 989
f 974 990 989
f 974 975 990
f 975 991 990
f 975 976 991
f 976 992 991
f 977 978 993
f 978 994 993
f 978 979 994
f 979 995 994
f 979 980 995
f 980 996 995
f 980 981 996
f 981 997 996
f 981 982 997
f 982 998 997
f 982 983 998
f 983 999 998
f 983 984 999
f 984 1000 999
f 984 985 1000
f 985 1001 1000
f 985 986 1001
f 986 1002 1001
f 986 987 1002
f 987 1003 1002
f 987 988 1003
f 988 1004 1003
f 988 989 1004
f 989 1005 1004
f 989 990 1005
f 990 1006 1005
f 990 991 1006
f 991 1007 1006
f 991 992 1007
f 992 1008 1007
f 993 994 1009
f 994 1010 1009
f 994 995 1010
f 995 1011 1010
f 995 996 1011
f 996 1012 1011
f 996 997 1012
f 997 1013 1012
f 997 998 1013
f 998 1014 1013
f 998 999 1014
f 999 1015 1014
f 999 1000 1015
f 1000 1016 1015
f 1000 1001 1016
f 1001 1017 1016
f 1001 1002 1017
f 1002 1018 1017
f 1002 1003 1018
f 1003 1019 1018
f 1003 1004 1019
f 1004 1020 1019
f 1004 1005 1020
f 1005 1021 1020
f 1005 1006 1021
f 1006 1022 1021
f 1006 1007 1022
f 1007 1023 1022
f 1007 1008 1023
f 1008 1024 1023
f 1025 1041 1026
f 1026 1041 1042
f 1026 1042 1027
f 1027 1042 1043
f 1027 1043 1028
f 1028 1043 1044
f 1028 1044 1029
f 1029 1044 1045
f 1029 1045 1030
f 1030 1045 1046
f 1030 1046 1031
f 1031 1046 1047
f 1031 1047 1032
f 1032 1047 1048
f 1032 1048 1033
f 1033 1048 1049
f 1033 1049 1034
f 1034 1049 1050
f 1034 1050 1035
f 1035 1050 1051
f 1035 1051 1036
f 1036 1051 1052
f 1036 1052 1037
f 1037 1052 1053
f 1037 1053 1038
f 1038 1053 1054
f 1038 1054 1039
f 1039 1054 1055
f 1039 1055 1040
f 1040 1055 1056
f 1041 1057 1042
f 1042 1057 1058
f 1042 1058 1043
f 1043 1058 1059
f 1043 1059 1044
f 1044 1059 1060
f 1044 1060 1045
f 1045 1060 1061
f 1045 1061 1046
f 1046 1061 1062
f 1046 1062 1047
f 1047 1062 1063
f 1047 1063 1048
f 1048 1063 1064
f 1048 1064 1049
f 1049 1064 1065
f 1049 1065 1050
f 1050 1065 1066
f 1050 1066 1051
f 1051 1066 1067
f 1051 1067 1052
f 1052 1067 1068
f 1052 1068 1053
f 1053 1068 1069
f 1053 1069 1054
f 1054 1069 1070
f 1054 1070 1055
f 1055 1070 1071
f 1055 1071 1056
f 1056 1071 1072
f 1057 1073 1058
f 1058 1073 1074
f 1058 1074 1059
f 1059 1074 1075
f 1059 1075 1060
f 1060 1075 1076
f 1060 1076 1061
f 1061 1076 1077
f 1061 1077 1062
f 1062 1077 1078
f 1062 1078 1063
f 1063 1078 1079
f 1063 1079 1064
f 1064 1079 1080
f 1064 1080 1065
f 1065 1080 1081
f 1065 1081 1066
f 1066 1081 1082
f 1066 1082 1067
f 1067 1082 1083
f 1067 1083 1068
f 1068 1083 1084
f 1068 1084 1069
f 1069 1084 1085
f 1069 1085 1070
f 1070 1085 1086
f 1070 1086 1071
f 1071 1086 1087
f 1071 1087 1072
f 1072 1087 1088
f 1073 1089 1074
f 1074 1089 1090
f 1074 1090 1075
f 1075 1090 1091
f 1075 1091 1076
f 1076 1091 1092
f 1076 1092 1077
f 1077 1092 1093
f 1077 1093 1078
f 1078 1093 1094
f 1078 1094 1079
f 1079 1094 1095
f 1079 1095 1080
f 1080 1095 1096
f 1080 1096 1081
f 1081 1096 1097
f 1081 1097 1082
f 1082 1097 1098
f 1082 1098 1083
f 1083 1098 1099
f 1083 1099 1084
f 1084 1099 1100
f 1084 1100 1085
f 1085 1100 1101
f 1085 1101 1086
f 1086 1101 1102
f 1086 1102 1087
f 1087 1102 1103
f 1087 1103 1088
f 1088 1103 1104
f 1089 1105 1090
f 1090 1105 1106
f 1090 1106 1091
f 1091 1106 1107
f 1091 1107 1092
f 1092 1107 1108
f 1092 1108 1093
f 1093 1108 1109
f 1093 1109 1094
f 1094 1109 1110
f 1094 1110 1095
f 1095 1110 1111
f 1095 1111 1096
f 1096 1111 1112
f 1096 1112 1097
f 1097 1112 1113
f 1097 1113 1098
f 1098 1113 1114
f 1098 1114 1099
f 1099 1114 1115
f 1099 1115 1100
f 1100 1115 1116
f 1100 1116 1101
f 1101 1116 1117
f 1101 1117 1102
f 1102 1117 1118
f 1102 1118 1103
f 1103 1118 1119
f 1103 1119 1104
f 1104 1119 1120
f 1105 1121 1106
f 1106 1121 1122
f 1106 1122 1107
f 1107 1122 1123
f 1107 1123 1108
f 1108 1123 1124
f 1108 1124 1109
f 1109 1124 1125
f 1109 1125 1110
f 1110 1125 1126
f 1110 1126 1111
f 1111 1126 1127
f 1111 1127 1112
f 1112 1127 1128
f 1112 1128 1113
f 1113 1128 1129
f 1113 1129 1114
f 1114 1129 1130
f 1114 1130 1115
f 1115 1130 1131
f 1115 1131 1116
f 1116 1131 1132
f 1116 1132 1117
f 1117 1132 1133
f 1117 1133 1118
f 1118 1133 1134
f 1118 1134 1119
f 1119 1134 1135
f 1119 1135 1120
f 1120 1135 1136
f 1121 1137 1122
f 1122 1137 1138
f 1122 1138 1123
f 1123 1138 1139
f 1123 1139 1124
f 1124 1139 1140
f 1124 1140 1125
f 1125 1140 1141
f 1125 1141 1126
f 1126 1141 1142
f 1126 1142 1127
f 1127 1142 1143
f 1127 1143 1128
f 1128 1143 1144
f 1128 1144 1129
f 1129 1144 1145
f 1129 1145 1130
f 1130 1145 1146
f 1130 1146 1131
f 1131 1146 1147
f 1131 1147 1132
f 1132 1147 1148
f 1132 1148 1133
f 1133 1148 1149
f 1133 1149 1134
f 1134 1149 1150
f 1134 1150 1135
f 1135 1150 1151
f 1135 1151 1136
f 1136 1151 1152
f 1137 1153 1138
f 1138 1153 1154
f 1138 1154 1139
f 1139 1154 1155
f 1139 1155 1140
f 1140 1155 1156
f 1140 1156 1141
f 1141 1156 1157
f 1141 1157 1142
f 1142 1157 1158
f 1142 1158 1143
f 1143 1158 1159
f 1143 1159 1144
f 1144 1159 1160
f 1144 1160 1145
f 1145 1160 1161
f 1145 1161 1146
f 1146 1161 1162
f 1146 1162 1147
f 1147 1162 1163
f 1147 1163 1148
f 1148 1163 1164
f 1148 1164 1149
f 1149 1164 1165
f 1149 1165 1150
f 1150 1165 1166
f 1150 1166 1151
f 1151 1166 1167
f 1151 1167 1152
f 1152 1167 1168
f 1153 1169 1154
f 1154 1169 1170
f 1154 1170 1155
f 1155 1170 1171
f 1155 1171 1156
f 1156 1171 1172
f 1156 1172 1157
f 1157 1172 1173
f 1157 1173 1158
f 1158 1173 1174
f 1158 1174 1159
f 1159 1174 1175
f 1159 1175 1160
f 1160 1175 1176
f 1160 1176 1161
f 1161 1176 1177
f 1161 1177 1162
f 1162 1177 1178
f 1162 1178 1163
f 1163 1178 1179
f 1163 1179 1164
f 1164 1179 1180
f 1164 1180 1165
f 1165 1180 1181
f 1165 1181 1166
f 1166 1181 1182
f 1166 1182 1167
f 1167 1182 1183
f 1167 1183 1168
f 1168 1183 1184
f 1169 1185 1170
f 1170 1185 1186
f 1170 1186 1171
f 1171 1186 1187
f 1171 1187 1172
f 1172 1187 1188
f 1172 1188 1173
f 1173 1188 1189
f 1173 1189 1174
f 1174 1189 1190
f 1174 1190 1175
f 1175 1190 1191
f 1175 1191 1176
f 1176 1191 1192
f 1176 1192 1177
f 1177 1192 1193
f 1177 1193 1178
f 1178 1193 1194
f 1178 1194 1179
f 1179 1194 1195
f 1179 1195 1180
f 1180 1195 1196
f 1180 1196 1181
f 1181 1196 1197
f 1181 1197 1182
f 1182 1197 1198
f 1182 1198 1183
f 1183 1198 1199
f 1183 1199 1184
f 1184 1199 1200
f 1185 1201 1186
f 1186 1201 1202
f 1186 1202 1187
f 1187 1202 1203
f 1187 1203 1188
f 1188 1203 1204
f 1188 1204 1189
f 1189 1204 1205
f 1189 1205 1190
f 1190 1205 1206
f 1190 1206 1191
f 1191 1206 1207
f 1191 1207 1192
f 1192 1207 1208
f 1192 1208 1193
f 1193 1208 1209
f 1193 1209 1194
f 1194 1209 1210
f 1194 1210 1195
f 1195 1210 1211
f 1195 1211 1196
f 1196 1211 1212
f 1196 1212 1197
f 1197 1212 1213
f 1197 1213 1198
f 1198 1213 1214
f 1198 1214 1199
f 1199 1214 1215
f 1199 1215 1200
f 1200 1215 1216
f 1201 1217 1202
f 1202 1217 1218
f 1202 1218 1203
f 1203 1218 1219
f 1203 1219 1204
f 1204 1219 1220
f 1204 1220 1205
f 1205 1220 1221
f 1205 1221 1206
f 1206 1221 1222
f 1206 1222 1207
f 1207 1222 1223
f 1207 1223 1208
f 1208 1223 1224
f 1208 1224 1209
f 1209 1224 1225
f 1209 1225 1210
f 1210 1225 1226
f 1210 1226 1211
f 1211 1226 1227
f 1211 1227 1212
f 1212 1227 1228
f 1212 1228 1213
f 1213 1228 1229
f 1213 1229 1214
f 1214 1229 1230
f 1214 1230 1215
f 1215 1230 1231
f 1215 1231 1216
f 1216 1231 1232
f 1217 1233 1218
f 1218 1233 1234
f 1218 1234 1219
f 1219 1234 1235
f 1219 1235 1220
f 1220 1235 1236
f 1220 1236 1221
f 1221 1236 1237
f 1221 1237 1222
f 1222 1237 1238
f 1222 1238 1223
f 1223 1238 1239
f 1223 1239 1224
f 1224 1239 1240
f 1224 1240 1225
f 1225 1240 1241
f 1225 1241 1226
f 1226 1241 1242
f 1226 1242 1227
f 1227 1242 1243
f 1227 1243 1228
f 1228 1243 1244
f 1228 1244 1229
f 1229 1244 1245
f 1229 1245 1230
f 1230 1245 1246
f 1230 1246 1231
f 1231 1246 1247
f 1231 1247 1232
f 1232 1247 1248
f 1233 1249 1234
f 1234 1249 1250
f 1234 1250 1235
f 1235 1250 1251
f 1235 1251 1236
f 1236 1251 1252
f 1236 1252 1237
f 1237 1252 1253
f 1237 1253 1238
f 1238 1253 1254
f 1238 1254 1239
f 1239 1254 1255
f 1239 1255 1240
f 1240 1255 1256
f 1240 1256 1241
f 1241 1256 1257
f 1241 1257 1242
f 1242 1257 1258
f 1242 1258 1243
f 1243 1258 1259
f 1243 1259 1244
f 1244 1259 1260
f 1244 1260 1245
f 1245 1260 1261
f 1245 1261 1246
f 1246 1261 1262
f 1246 1262 1247
f 1247 1262 1263
f 1247 1263 1248
f 1248 1263 1264
f 1249 1265 1250
f 1250 1265 1266
f 1250 1266 1251
f 1251 1266 1267
f 1251 1267 1252
f 1252 1267 1268
f 1252 1268 1253
f 1253 1268 1269
f 1253 1269 1254
f 1254 1269 1270
f 1254 1270 1255
f 1255 1270 1271
f 1255 1271 1256
f 1256 1271 1272
f 1256 1272 1257
f 1257 1272 1273
f 1257 1273 1258
f 1258 1273 1274
f 1258 1274 1259
f 1259 1274 1275
f 1259 1275 1260
f 1260 1275 1276
f 1260 1276 1261
f 1261 1276 1277
f 1261 1277 1262
f 1262 1277 1278
f 1262 1278 1263
f 1263 1278 1279
f 1263 1279 1264
f 1264 1279 1280
f 1265 1281 1266
f 1266 1281 1282
f 1266 1282 1267
f 1267 1282 1283
f 1267 1283 1268
f 1268 1283 1284
f 1268 1284 1269
f 1269 1284 1285
f 1269 1285 1270
f 1270 1285 1286
f 1270 1286 1271
f 1271 1286 1287
f 1271 1287 1272
f 1272 1287 1288
f 1272 1288 1273
f 1273 1288 1289
f 1273 1289 1274
f 1274 1289 1290
f 1274 1290 1275
f 1275 1290 1291
f 1275 1291 1276
f 1276 1291 1292
f 1276 1292 1277
f 1277 1292 1293
f 1277 1293 1278
f 1278 1293 1294
f 1278 1294 1279
f 1279 1294 1295
f 1279 1295 1280
f 1280 1295 1296
f 1281 1297 1282
f 1282 1297 1298
f 1282 1298 1283
f 1283 1298 1299
f 1283 1299 1284
f 1284 1299 1300
f 1284 1300 1285
f 1285 1300 1301
f 1285 1301 1286
f 1286 1301 1302
f 1286 1302 1287
f 1287 1302 1303
f 1287 1303 1288
f 1288 1303 1304
f 1288 1304 1289
f 1289 1304 1305
f 1289 1305 1290
f 1290 1305 1306
f 1290 1306 1291
f 1291 1306 1307
f 1291 1307 1292
f 1292 1307 1308
f 1292 1308 1293
f 1293 1308 1309
f 1293 1309 1294
f 1294 1309 1310
f 1294 1310 1295
f 1295 1310 1311
f 1295 1311 1296
f 1296 1311 1312
f 1297 1313 1298
f 1298 1313 1314
f 1298 1314 1299
f 1299 1314 1315
f 1299 1315 1300
f 1300 1315 1316
f 1300 1316 1301
f 1301 1316 1317
f 1301 1317 1302
f 1302 1317 1318
f 1302 1318 1303
f 1303 1318 1319
f 1303 1319 1304
f 1304 1319 1320
f 1304 1320 1305
f 1305 1320 1321
f 1305 1321 1306
f 1306 1321 1322
f 1306 1322 1307
f 1307 1322 1323
f 1307 1323 1308
f 1308 1323 1324
f 1308 1324 1309
f 1309 1324 1325
f 1309 1325 1310
f 1310 1325 1326
f 1310 1326 1311
f 1311 1326 1327
f 1311 1327 1312
f 1312 1327 1328
f 1313 1329 1314
f 1314 1329 1330
f 1314 1330 1315
f 1315 1330 1331
f 1315 1331 1316
f 1316 1331 1332
f 1316 1332 1317
f 1317 1332 1333
f 1317 1333 1318
f 1318 1333 1334
f 1318 1334 1319
f 1319 1334 1335
f 1319 1335 1320
f 1320 1335 1336
f 1320 1336 1321
f 1321 1336 1337
f 1321 1337 1322
f 1322 1337 1338
f 1322 1338 1323
f 1323 1338 1339
f 1323 1339 1324
f 1324 1339 1340
f 1324 1340 1325
f 1325 1340 1341
f 1325 1341 1326
f 1326 1341 1342
f 1326 1342 1327
f 1327 1342 1343
f 1327 1343 1328
f 1328 1343 1344
f 1329 1345 1330
f 1330 1345 1346
f 1330 1346 1331
f 1331 1346 1347
f 1331 1347 1332
f 1332 1347 1348
f 1332 1348 1333
f 1333 1348 1349
f 1333 1349 1334
f 1334 1349 1350
f 1334 1350 1335
f 1335 1350 1351
f 1335 1351 1336
f 1336 1351 1352
f 1336 1352 1337
f 1337 1352 1353
f 1337 1353 1338
f 1338 1353 1354
f 1338 1354 1339
f 1339 1354 1355
f 1339 1355 1340
f 1340 1355 1356
f 1340 1356 1341
f 1341 1356 1357
f 1341 1357 1342
f 1342 1357 1358
f 1342 1358 1343
f 1343 1358 1359
f 1343 1359 1344
f 1344 1359 1360
f 1345 1361 1346
f 1346 1361 1362
f 1346 1362 1347
f 1347 1362 1363
f 1347 1363 1348
f 1348 1363 1364
f 1348 1364 1349
f 1349 1364 1365
f 1349 1365 1350
f 1350 1365 1366
f 1350 1366 1351
f 1351 1366 1367
f 1351 1367 1352
f 1352 1367 1368
f 1352 1368 1353
f 1353 1368 1369
f 1353 1369 1354
f 1354 1369 1370
f 1354 1370 1355
f 1355 1370 1371
f 1355 1371 1356
f 1356 1371 1372
f 1356 1372 1357
f 1357 1372 1373
f 1357 1373 1358
f 1358 1373 1374
f 1358 1374 1359
f 1359 1374 1375
f 1359 1375 1360
f 1360 1375 1376
f 1361 1377 1362
f 1362 1377 1378
f 1362 1378 1363
f 1363 1378 1379
f 1363 1379 1364
f 1364 1379 1380
f 1364 1380 1365
f 1365 1380 1381
f 1365 1381 1366
f 1366 1381 1382
f 1366 1382 1367
f 1367 1382 1383
f 1367 1383 1368
f 1368 1383 1384
f 1368 1384 1369
f 1369 1384 1385
f 1369 1385 1370
f 1370 1385 1386
f 1370 1386 1371
f 1371 1386 1387
f 1371 1387 1372
f 1372 1387 1388
f 1372 1388 1373
f 1373 1388 1389
f 1373 1389 1374
f 1374 1389 1390
f 1374 1390 1375
f 1375 1390 1391
f 1375 1391 1376
f 1376 1391 1392
f 1377 1393 1378
f 1378 1393 1394
f 1378 1394 1379
f 1379 1394 1395
f 1379 1395 1380
f 1380 1395 1396
f 1380 1396 1381
f 1381 1396 1397
f 1381 1397 1382
f 1382 1397 1398
f 1382 1398 1383
f 1383 1398 1399
f 1383 1399 1384
f 1384 1399 1400
f 1384 1400 1385
f 1385 1400 1401
f 1385 1401 1386
f 1386 1401 1402
f 1386 1402 1387
f 1387 1402 1403
f 1387 1403 1388
f 1388 1403 1404
f 1388 1404 1389
f 1389 1404 1405
f 1389 1405 1390
f 1390 1405 1406
f 1390 1406 1391
f 1391 1406 1407
f 1391 1407 1392
f 1392 1407 1408
f 1393 1409 1394
f 1394 1409 1410
f 1394 1410 1395
f 1395 1410 1411
f 1395 1411 1396
f 1396 1411 1412
f 1396 1412 1397
f 1397 1412 1413
f 1397 1413 1398
f 1398 1413 1414
f 1398 1414 1399
f 1399 1414 1415
f 1399 1415 1400
f 1400 1415 1416
f 1400 1416 1401
f 1401 1416 1417
f 1401 1417 1402
f 1402 1417 1418
f 1402 1418 1403
f 1403 1418 1419
f 1403 1419 1404
f 1404 1419 1420
f 1404 1420 1405
f 1405 1420 1421
f 1405 1421 1406
f 1406 1421 1422
f 1406 1422 1407
f 1407 1422 1423
f 1407 1423 1408
f 1408 1423 1424
f 1409 1425 1410
f 1410 1425 1426
f 1410 1426 1411
f 1411 1426 1427
f 1411 1427 1412
f 1412 1427 1428
f 1412 1428 1413
f 1413 1428 1429
f 1413 1429 1414
f 1414 1429 1430
f 1414 1430 1415
f 1415 1430 1431
f 1415 1431 1416
f 1416 1431 1432
f 1416 1432 1417
f 1417 1432 1433
f 1417 1433 1418
f 1418 1433 1434
f 1418 1434 1419
f 1419 1434 1435
f 1419 1435 1420
f 1420 1435 1436
f 1420 1436 1421
f 1421 1436 1437
f 1421 1437 1422
f 1422 1437 1438
f 1422 1438 1423
f 1423 1438 1439
f 1423 1439 1424
f 1424 1439 1440
f 1425 1441 1426
f 1426 1441 1442
f 1426 1442 1427
f 1427 1442 1443
f 1427 1443 1428
f 1428 1443 1444
f 1428 1444 1429
f 1429 1444 1445
f 1429 1445 1430
f 1430 1445 1446
f 1430 1446 1431
f 1431 1446 1447
f 1431 1447 1432
f 1432 1447 1448
f 1432 1448 1433
f 1433 1448 1449
f 1433 1449 1434
f 1434 1449 1450
f 1434 1450 1435
f 1435 1450 1451
f 1435 1451 1436
f 1436 1451 1452
f 1436 1452 1437
f 1437 1452 1453
f 1437 1453 1438
f 1438 1453 1454
f 1438 1454 1439
f 1439 1454 1455
f 1439 1455 1440
f 1440 1455 1456
f 1441 1457 1442
f 1442 1457 1458
f 1442 1458 1443
f 1443 1458 1459
f 1443 1459 1444
f 1444 1459 1460
f 1444 1460 1445
f 1445 1460 1461
f 1445 1461 1446
f 1446 1461 1462
f 1446 1462 1447
f 1447 1462 1463
f 1447 1463 1448
f 1448 1463 1464
f 1448 1464 1449
f 1449 1464 1465
f 1449 1465 1450
f 1450 1465 1466
f 1450 1466 1451
f 1451 1466 1467
f 1451 1467 1452
f 1452 1467 1468
f 1452 1468 1453
f 1453 1468 1469
f 1453 1469 1454
f 1454 1469 1470
f 1454 1470 1455
f 1455 1470 1471
f 1455 1471 1456
f 1456 1471 1472
f 1457 1473 1458
f 1458 1473 1474
f 1458 1474 1459
f 1459 1474 1475
f 1459 1475 1460
f 1460 1475 1476
f 1460 1476 1461
f 1461 1476 1477
f 1461 1477 1462
f 1462 1477 1478
f 1462 1478 1463
f 1463 1478 1479
f 1463 1479 1464
f 1464 1479 1480
f 1464 1480 1465
f 1465 1480 1481
f 1465 1481 1466
f 1466 1481 1482
f 1466 1482 1467
f 1467 1482 1483
f 1467 1483 1468
f 1468 1483 1484
f 1468 1484 1469
f 1469 1484 1485
f 1469 1485 1470
f 1470 1485 1486
f 1470 1486 1471
f 1471 1486 1487
f 1471 1487 1472
f 1472 1487 1488
f 1473 1489 1474
f 1474 1489 1490
f 1474 1490 1475
f 1475 1490 1491
f 1475 1491 1476
f 1476 1491 1492
f 1476 1492 1477
f 1477 1492 1493
f 1477 1493 1478
f 1478 1493 1494
f 1478 1494 1479
f 1479 1494 1495
f 1479 1495 1480
f 1480 1495 1496
f 1480 1496 1481
f 1481 1496 1497
f 1481 1497 1482
f 1482 1497 1498
f 1482 1498 1483
f 1483 1498 1499
f 1483 1499 1484
f 1484 1499 1500
f 1484 1500 1485
f 1485 1500 1501
f 1485 1501 1486
f 1486 1501 1502
f 1486 1502 1487
f 1487 1502 1503
f 1487 1503 1488
f 1488 1503 1504
f 1489 1505 1490
f 1490 1505 1506
f 1490 1506 1491
f 1491 1506 1507
f 1491 1507 1492
f 1492 1507 1508
f 1492 1508 1493
f 1493 1508 1509
f 1493 1509 1494
f 1494 1509 1510
f 1494 1510 1495
f 1495 1510 1511
f 1495 1511 1496
f 1496 1511 1512
f 1496 1512 1497
f 1497 1512 1513
f 1497 1513 1498
f 1498 1513 1514
f 1498 1514 1499
f 1499 1514 1515
f 1499 1515 1500
f 1500 1515 1516
f 1500 1516 1501
f 1501 1516 1517
f 1501 1517 1502
f 1502 1517 1518
f 1502 1518 1503
f 1503 1518 1519
f 1503 1519 1504
f 1504 1519 1520
f 1505 1521 1506
f 1506 1521 1522
f 1506 1522 1507
f 1507 1522 1523
f 1507 1523 1508
f 1508 1523 1524
f 1508 1524 1509
f 1509 1524 1525
f 1509 1525 1510
f 1510 1525 1526
f 1510 1526 1511
f 1511 1526 1527
f 1511 1527 1512
f 1512 1527 1528
f 1512 1528 1513
f 1513 1528 1529
f 1513 1529 1514
f 1514 1529 1530
f 1514 1530 1515
f 1515 1530 1531
f 1515 1531 1516
f 1516 1531 1532
f 1516 1532 1517
f 1517 1532 1533
f 1517 1533 1518
f 1518 1533 1534
f 1518 1534 1519
f 1519 1534 1535
f 1519 1535 1520
f 1520 1535 1536
f 1521 1537 1522
f 1522 1537 1538
f 1522 1538 1523
f 1523 1538 1539
f 1523 1539 1524
f 1524 1539 1540
f 1524 1540 1525
f 1525 1540 1541
f 1525 1541 1526
f 1526 1541 1542
f 1526 1542 1527
f 1527 1542 1543
f 1527 1543 1528
f 1528 1543 1544
f 1528 1544 1529
f 1529 1544 1545
f 1529 1545 1530
f 1530 1545 1546
f 1530 1546 1531
f 1531 1546 1547
f 1531 1547 1532
f 1532 1547 1548
f 1532 1548 1533
f 1533 1548 1549
f 1533 1549 1534
f 1534 1549 1550
f 1534 1550 1535
f 1535 1550 1551
f 1535 1551 1536
f 1536 1551 1552
f 1537 1553 1538
f 1538 1553 1554
f 1538 1554 1539
f 1539 1554 1555
f 1539 1555 1540
f 1540 1555 1556
f 1540 1556 1541
f 1541 1556 1557
f 1541 1557 1542
f 1542 1557 1558
f 1542 1558 1543
f 1543 1558 1559
f 1543 1559 1544
f 1544 1559 1560
f 1544 1560 1545
f 1545 1560 1561
f 1545 1561 1546
f 1546 1561 1562
f 1546 1562 1547
f 1547 1562 1563
f 1547 1563 1548
f 1548 1563 1564
f 1548 1564 1549
f 1549 1564 1565
f 1549 1565 1550
f 1550 1565 1566
f 1550 1566 1551
f 1551 1566 1567
f 1551 1567 1552
f 1552 1567 1568
f 1553 1569 1554
f 1554 1569 1570
f 1554 1570 1555
f 1555 1570 1571
f 1555 1571 1556
f 1556 1571 1572
f 1556 1572 1557
f 1557 1572 1573
f 1557 1573 1558
f 1558 1573 1574
f 1558 1574 1559
f 1559 1574 1575
f 1559 1575 1560
f 1560 1575 1576
f 1560 1576 1561
f 1561 1576 1577
f 1561 1577 1562
f 1562 1577 1578
f 1562 1578 1563
f 1563 1578 1579
f 1563 1579 1564
f 1564 1579 1580
f 1564 1580 1565
f 1565 1580 1581
f 1565 1581 1566
f 1566 1581 1582
f 1566 1582 1567
f 1567 1582 1583
f 1567 1583 1568
f 1568 1583 1584
f 1569 1585 1570
f 1570 1585 1586
f 1570 1586 1571
f 1571 1586 1587
f 1571 1587 1572
f 1572 1587 1588
f 1572 1588 1573
f 1573 1588 1589
f 1573 1589 1574
f 1574 1589 1590
f 1574 1590 1575
f 1575 1590 1591
f 1575 1591 1576
f 1576 1591 1592
f 1576 1592 1577
f 1577 1592 1593
f 1577 1593 1578
f 1578 1593 1594
f 1578 1594 1579
f 1579 1594 1595
f 1579 1595 1580
f 1580 1595 1596
f 1580 1596 1581
f 1581 1596 1597
f 1581 1597 1582
f 1582 1597 1598
f 1582 1598 1583
f 1583 1598 1599
f 1583 1599 1584
f 1584 1599 1600
f 1585 1601 1586
f 1586 1601 1602
f 1586 1602 1587
f 1587 1602 1603
f 1587 1603 1588
f 1588 1603 1604
f 1588 1604 1589
f 1589 1604 1605
f 1589 1605 1590
f 1590 1605 1606
f 1590 1606 1591
f 1591 1606 1607
f 1591 1607 1592
f 1592 1607 1608
f 1592 1608 1593
f 1593 1608 1609
f 1593 1609 1594
f 1594 1609 1610
f 1594 1610 1595
f 1595 1610 1611
f 1595 1611 1596
f 1596 1611 1612
f 1596 1612 1597
f 1597 1612 1613
f 1597 1613 1598
f 1598 1613 1614
f 1598 1614 1599
f 1599 1614 1615
f 1599 1615 1600
f 1600 1615 1616
f 1601 1617 1602
f 1602 1617 1618
f 1602 1618 1603
f 1603 1618 1619
f 1603 1619 1604
f 1604 1619 1620
f 1604 1620 1605
f 1605 1620 1621
f 1605 1621 1606
f 1606 1621 1622
f 1606 1622 1607
f 1607 1622 1623
f 1607 1623 1608
f 1608 1623 1624
f 1608 1624 1609
f 1609 1624 1625
f 1609 1625 1610
f 1610 1625 1626
f 1610 1626 1611
f 1611 1626 1627
f 1611 1627 1612
f 1612 1627 1628
f 1612 1628 1613
f 1613 1628 1629
f 1613 1629 1614
f 1614 1629 1630
f 1614 1630 1615
f 1615 1630 1631
f 1615 1631 1616
f 1616 1631 1632
f 1617 1633 1618
f 1618 1633 1634
f 1618 1634 1619
f 1619 1634 1635
f 1619 1635 1620
f 1620 1635 1636
f 1620 1636 1621
f 1621 1636 1637
f 1621 1637 1622
f 1622 1637 1638
f 1622 1638 1623
f 1623 1638 1639
f 1623 1639 1624
f 1624 1639 1640
f 1624 1640 1625
f 1625 1640 1641
f 1625 1641 1626
f 1626 1641 1642
f 1626 1642 1627
f 1627 1642 1643
f 1627 1643 1628
f 1628 1643 1644
f 1628 1644 1629
f 1629 1644 1645
f 1629 1645 1630
f 1630 1645 1646
f 1630 1646 1631
f 1631 1646 1647
f 1631 1647 1632
f 1632 1647 1648
f 1633 1649 1634
f 1634 1649 1650
f 1634 1650 1635
f 1635 1650 1651
f 1635 1651 1636
f 1636 1651 1652
f 1636 1652 1637
f 1637 1652 1653
f 1637 1653 1638
f 1638 1653 1654
f 1638 1654 1639
f 1639 1654 1655
f 1639 1655 1640
f 1640 1655 1656
f 1640 1656 1641
f 1641 1656 1657
f 1641 1657 1642
f 1642 1657 1658
f 1642 1658 1643
f 1643 1658 1659
f 1643 1659 1644
f 1644 1659 1660
f 1644 1660 1645
f 1645 1660 1661
f 1645 1661 1646
f 1646 1661 1662
f 1646 1662 1647
f 1647 1662 1663
f 1647 1663 1648
f 1648 1663 1664
f 1649 1665 1650
f 1650 1665 1666
f 1650 1666 1651
f 1651 1666 1667
f 1651 1667 1652
f 1652 1667 1668
f 1652 1668 1653
f 1653 1668 1669
f 1653 1669 1654
f 1654 1669 1670
f 1654 1670 1655
f 1655 1670 1671
f 1655 1671 1656
f 1656 1671 1672
f 1656 1672 1657
f 1657 1672 1673
f 1657 1673 1658
f 1658 1673 1674
f 1658 1674 1659
f 1659 1674 1675
f 1659 1675 1660
f 1660 1675 1676
f 1660 1676 1661
f 1661 1676 1677
f 1661 1677 1662
f 1662 1677 1678
f 1662 1678 1663
f 1663 1678 1679
f 1663 1679 1664
f 1664 1679 1680
f 1665 1681 1666
f 1666 1681 1682
f 1666 1682 1667
f 1667 1682 1683
f 1667 1683 1668
f 1668 1683 1684
f 1668 1684 1669
f 1669 1684 1685
f 1669 1685 1670
f 1670 1685 1686
f 1670 1686 1671
f 1671 1686 1687
f 1671 1687 1672
f 1672 1687 1688
f 1672 1688 1673
f 1673 1688 1689
f 1673 1689 1674
f 1674 1689 1690
f 1674 1690 1675
f 1675 1690 1691
f 1675 1691 1676
f 1676 1691 1692
f 1676 1692 1677
f 1677 1692 1693
f 1677 1693 1678
f 1678 1693 1694
f 1678 1694 1679
f 1679 1694 1695
f 1679 1695 1680
f 1680 1695 1696
f 1681 1697 1682
f 1682 1697 1698
f 1682 1698 1683
f 1683 1698 1699
f 1683 1699 1684
f 1684 1699 1700
f 1684 1700 1685
f 1685 1700 1701
f 1685 1701 1686
f 1686 1701 1702
f 1686 1702 1687
f 1687 1702 1703
f 1687 1703 1688
f 1688 1703 1704
f 1688 1704 1689
f 1689 1704 1705
f 1689 1705 1690
f 1690 1705 1706
f 1690 1706 1691
f 1691 1706 1707
f 1691 1707 1692
f 1692 1707 1708
f 1692 1708 1693
f 1693 1708 1709
f 1693 1709 1694
f 1694 1709 1710
f 1694 1710 1695
f 1695 1710 1711
f 1695 1711 1696
f 1696 1711 1712
f 1697 1713 1698
f 1698 1713 1714
f 1698 1714 1699
f 1699 1714 1715
f 1699 1715 1700
f 1700 1715 1716
f 1700 1716 1701
f 1701 1716 1717
f 1701 1717 1702
f 1702 1717 1718
f 1702 1718 1703
f 1703 1718 1719
f 1703 1719 1704
f 1704 1719 1720
f 1704 1720 1705
f 1705 1720 1721
f 1705 1721 1706
f 1706 1721 1722
f 1706 1722 1707
f 1707 1722 1723
f 1707 1723 1708
f 1708 1723 1724
f 1708 1724 1709
f 1709 1724 1725
f 1709 1725 1710
f 1710 1725 1726
f 1710 1726 1711
f 1711 1726 1727
f 1711 1727 1712
f 1712 1727 1728
f 1713 1729 1714
f 1714 1729 1730
f 1714 1730 1715
f 1715 1730 1731
f 1715 1731 1716
f 1716 1731 1732
f 1716 1732 1717
f 1717 1732 1733
f 1717 1733 1718
f 1718 1733 1734
f 1718 1734 1719
f 1719 1734 1735
f 1719 1735 1720
f 1720 1735 1736
f 1720 1736 1721
f 1721 1736 1737
f 1721 1737 1722
f 1722 1737 1738
f 1722 1738 1723
f 1723 1738 1739
f 1723 1739 1724
f 1724 1739 1740
f 1724 1740 1725
f 1725 1740 1741
f 1725 1741 1726
f 1726 1741 1742
f 1726 1742 1727
f 1727 1742 1743
f 1727 1743 1728
f 1728 1743 1744
f 1729 1745 1730
f 1730 1745 1746
f 1730 1746 1731
f 1731 1746 1747
f 1731 1747 1732
f 1732 1747 1748
f 1732 1748 1733
f 1733 1748 1749
f 1733 1749 1734
f 1734 1749 1750
f 1734 1750 1735
f 1735 1750 1751
f 1735 1751 1736
f 1736 1751 1752
f 1736 1752 1737
f 1737 1752 1753
f 1737 1753 1738
f 1738 1753 1754
f 1738 1754 1739
f 1739 1754 1755
f 1739 1755 1740
f 1740 1755 1756
f 1740 1756 1741
f 1741 1756 1757
f 1741 1757 1742
f 1742 1757 1758
f 1742 1758 1743
f 1743 1758 1759
f 1743 1759 1744
f 1744 1759 1760
f 1745 1761 1746
f 1746 1761 1762
f 1746 1762 1747
f 1747 1762 1763
f 1747 1763 1748
f 1748 1763 1764
f 1748 1764 1749
f 1749 1764 1765
f 1749 1765 1750
f 1750 1765 1766
f 1750 1766 1751
f 1751 1766 1767
f 1751 1767 1752
f 1752 1767 1768
f 1752 1768 1753
f 1753 1768 1769
f 1753 1769 1754
f 1754 1769 1770
f 1754 1770 1755
f 1755 1770 1771
f 1755 1771 1756
f 1756 1771 1772
f 1756 1772 1757
f 1757 1772 1773
f 1757 1773 1758
f 1758 1773 1774
f 1758 1774 1759
f 1759 1774 1775
f 1759 1775 1760
f 1760 1775 1776
f 1761 1777 1762
f 1762 1777 1778
f 1762 1778 1763
f 1763 1778 1779
f 1763 1779 1764
f 1764 1779 1780
f 1764 1780 1765
f 1765 1780 1781
f 1765 1781 1766
f 1766 1781 1782
f 1766 1782 1767
f 1767 1782 1783
f 1767 1783 1768
f 1768 1783 1784
f 1768 1784 1769
f 1769 1784 1785
f 1769 1785 1770
f 1770 1785 1786
f 1770 1786 1771
f 1771 1786 1787
f 1771 1787 1772
f 1772 1787 1788
f 1772 1788 1773
f 1773 1788 1789
f 1773 1789 1774
f 1774 1789 1790
f 1774 1790 1775
f 1775 1790 1791
f 1775 1791 1776
f 1776 1791 1792
f 1777 1793 1778
f 1778 1793 1794
f 1778 1794 1779
f 1779 1794 1795
f 1779 1795 1780
f 1780 1795 1796
f 1780 1796 1781
f 1781 1796 1797
f 1781 1797 1782
f 1782 1797 1798
f 1782 1798 1783
f 1783 1798 1799
f 1783 1799 1784
f 1784 1799 1800
f 1784 1800 1785
f 1785 1800 1801
f 1785 1801 1786
f 1786 1801 1802
f 1786 1802 1787
f 1787 1802 1803
f 1787 1803 1788
f 1788 1803 1804
f 1788 1804 1789
f 1789 1804 1805
f 1789 1805 1790
f 1790 1805 1806
f 1790 1806 1791
f 1791 1806 1807
f 1791 1807 1792
f 1792 1807 1808
f 1793 1809 1794
f 1794 1809 1810
f 1794 1810 1795
f 1795 1810 1811
f 1795 1811 1796
f 1796 1811 1812
f 1796 1812 1797
f 1797 1812 1813
f 1797 1813 1798
f 1798 1813 1814
f 1798 1814 1799
f 1799 1814 1815
f 1799 1815 1800
f 1800 1815 1816
f 1800 1816 1801
f 1801 1816 1817
f 1801 1817 1802
f 1802 1817 1818
f 1802 1818 1803
f 1803 1818 1819
f 1803 1819 1804
f 1804 1819 1820
f 1804 1820 1805
f 1805 1820 1821
f 1805 1821 1806
f 1806 1821 1822
f 1806 1822 1807
f 1807 1822 1823
f 1807 1823 1808
f 1808 1823 1824
f 1809 1825 1810
f 1810 1825 1826
f 1810 1826 1811
f 1811 1826 1827
f 1811 1827 1812
f 1812 1827 1828
f 1812 1828 1813
f 1813 1828 1829
f 1813 1829 1814
f 1814 1829 1830
f 1814 1830 1815
f 1815 1830 1831
f 1815 1831 1816
f 1816 1831 1832
f 1816 1832 1817
f 1817 1832 1833
f 1817 1833 1818
f 1818 1833 1834
f 1818 1834 1819
f 1819 1834 1835
f 1819 1835 1820
f 1820 1835 1836
f 1820 1836 1821
f 1821 1836 1837
f 1821 1837 1822
f 1822 1837 1838
f 1822 1838 1823
f 1823 1838 1839
f 1823 1839 1824
f 1824 1839 1840
f 1825 1841 1826
f 1826 1841 1842
f 1826 1842 1827
f 1827 1842 1843
f 1827 1843 1828
f 1828 1843 1844
f 1828 1844 1829
f 1829 1844 1845
f 1829 1845 1830
f 1830 1845 1846
f 1830 1846 1831
f 1831 1846 1847
f 1831 1847 1832
f 1832 1847 1848
f 1832 1848 1833
f 1833 1848 1849
f 1833 1849 1834
f 1834 1849 1850
f 1834 1850 1835
f 1835 1850 1851
f 1835 1851 1836
f 1836 1851 1852
f 1836 1852 1837
f 1837 1852 1853
f 1837 1853 1838
f 1838 1853 1854
f 1838 1854 1839
f 1839 1854 1855
f 1839 1855 1840
f 1840 1855 1856
f 1841 1857 1842
f 1842 1857 1858
f 1842 1858 1843
f 1843 1858 1859
f 1843 1859 1844
f 1844 1859 1860
f 1844 1860 1845
f 1845 1860 1861
f 1845 1861 1846
f 1846 1861 1862
f 1846 1862 1847
f 1847 1862 1863
f 1847 1863 1848
f 1848 1863 1864
f 1848 1864 1849
f 1849 1864 1865
f 1849 1865 1850
f 1850 1865 1866
f 1850 1866 1851
f 1851 1866 1867
f 1851 1867 1852
f 1852 1867 1868
f 1852 1868 1853
f 1853 1868 1869
f 1853 1869 1854
f 1854 1869 1870
f 1854 1870 1855
f 1855 1870 1871
f 1855 1871 1856
f 1856 1871 1872
f 1857 1873 1858
f 1858 1873 1874
f 1858 1874 1859
f 1859 1874 1875
f 1859 1875 1860
f 1860 1875 1876
f 1860 1876 1861
f 1861 1876 1877
f 1861 1877 1862
f 1862 1877 1878
f 1862 1878 1863
f 1863 1878 1879
f 1863 1879 1864
f 1864 1879 1880
f 1864 1880 1865
f 1865 1880 1881
f 1865 1881 1866
f 1866 1881 1882
f 1866 1882 1867
f 1867 1882 1883
f 1867 1883 1868
f 1868 1883 1884
f 1868 1884 1869
f 1869 1884 1885
f 1869 1885 1870
f 1870 1885 1886
f 1870 1886 1871
f 1871 1886 1887
f 1871 1887 1872
f 1872 1887 1888
f 1873 1889 1874
f 1874 1889 1890
f 1874 1890 1875
f 1875 1890 1891
f 1875 1891 1876
f 1876 1891 1892
f 1876 1892 1877
f 1877 1892 1893
f 1877 1893 1878
f 1878 1893 1894
f 1878 1894 1879
f 1879 1894 1895
f 1879 1895 1880
f 1880 1895 1896
f 1880 1896 1881
f 1881 1896 1897
f 1881 1897 1882
f 1882 1897 1898
f 1882 1898 1883
f 1883 1898 1899
f 1883 1899 1884
f 1884 1899 1900
f 1884 1900 1885
f 1885 1900 1901
f 1885 1901 1886
f 1886 1901 1902
f 1886 1902 1887
f 1887 1902 1903
f 1887 1903 1888
f 1888 1903 1904
f 1889 1905 1890
f 1890 1905 1906
f 1890 1906 1891
f 1891 1906 1907
f 1891 1907 1892
f 1892 1907 1908
f 1892 1908 1893
f 1893 1908 1909
f 1893 1909 1894
f 1894 1909 1910
f 1894 1910 1895
f 1895 1910 1911
f 1895 1911 1896
f 1896 1911 1912
f 1896 1912 1897
f 1897 1912 1913
f 1897 1913 1898
f 1898 1913 1914
f 1898 1914 1899
f 1899 1914 1915
f 1899 1915 1900
f 1900 1915 1916
f 1900 1916 1901
f 1901 1916 1917
f 1901 1917 1902
f 1902 1917 1918
f 1902 1918 1903
f 1903 1918 1919
f 1903 1919 1904
f 1904 1919 1920
f 1905 1921 1906
f 1906 1921 1922
f 1906 1922 1907
f 1907 1922 1923
f 1907 1923 1908
f 1908 1923 1924
f 1908 1924 1909
f 1909 1924 1925
f 1909 1925 1910
f 1910 1925 1926
f 1910 1926 1911
f 1911 1926 1927
f 1911 1927 1912
f 1912 1927 1928
f 1912 1928 1913
f 1913 1928 1929
f 1913 1929 1914
f 1914 1929 1930
f 1914 1930 1915
f 1915 1930 1931
f 1915 1931 1916
f 1916 1931 1932
f 1916 1932 1917
f 1917 1932 1933
f 1917 1933 1918
f 1918 1933 1934
f 1918 1934 1919
f 1919 1934 1935
f 1919 1935 1920
f 1920 1935 1936
f 1921 1937 1922
f 1922 1937 1938
f 1922 1938 1923
f 1923 1938 1939
f 1923 1939 1924
f 1924 1939 1940
f 1924 1940 1925
f 1925 1940 1941
f 1925 1941 1926
f 1926 1941 1942
f 1926 1942 1927
f 1927 1942 1943
f 1927 1943 1928
f 1928 1943 1944
f 1928 1944 1929
f 1929 1944 1945
f 1929 1945 1930
f 1930 1945 1946
f 1930 1946 1931
f 1931 1946 1947
f 1931 1947 1932
f 1932 1947 1948
f 1932 1948 1933
f 1933 1948 1949
f 1933 1949 1934
f 1934 1949 1950
f 1934 1950 1935
f 1935 1950 1951
f 1935 1951 1936
f 1936 1951 1952
f 1937 1953 1938
f 1938 1953 1954
f 1938 1954 1939
f 1939 1954 1955
f 1939 1955 1940
f 1940 1955 1956
f 1940 1956 1941
f 1941 1956 1957
f 1941 1957 1942
f 1942 1957 1958
f 1942 1958 1943
f 1943 1958 1959
f 1943 1959 1944
f 1944 1959 1960
f 1944 1960 1945
f 1945 1960 1961
f 1945 1961 1946
f 1946 1961 1962
f 1946 1962 1947
f 1947 1962 1963
f 1947 1963 1948
f 1948 1963 1964
f 1948 1964 1949
f 1949 1964 1965
f 1949 1965 1950
f 1950 1965 1966
f 1950 1966 1951
f 1951 1966 1967
f 1951 1967 1952
f 1952 1967 1968
f 1953 1969 1954
f 1954 1969 1970
f 1954 1970 1955
f 1955 1970 1971
f 1955 1971 1956
f 1956 1971 1972
f 1956 1972 1957
f 1957 1972 1973
f 1957 1973 1958
f 1958 1973 1974
f 1958 1974 1959
f 1959 1974 1975
f 1959 1975 1960
f 1960 1975 1976
f 1960 1976 1961
f 1961 1976 1977
f 1961 1977 1962
f 1962 1977 1978
f 1962 1978 1963
f 1963 1978 1979
f 1963 1979 1964
f 1964 1979 1980
f 1964 1980 1965
f 1965 1980 1981
f 1965 1981 1966
f 1966 1981 1982
f 1966 1982 1967
f 1967 1982 1983
f 1967 1983 1968
f 1968 1983 1984
f 1969 1985 1970
f 1970 1985 1986
f 1970 1986 1971
f 1971 1986 1987
f 1971 1987 1972
f 1972 1987 1988
f 1972 1988 1973
f 1973 1988 1989
f 1973 1989 1974
f 1974 1989 1990
f 1974 1990 1975
f 1975 1990 1991
f 1975 1991 1976
f 1976 1991 1992
f 1976 1992 1977
f 1977 1992 1993
f 1977 1993 1978
f 1978 1993 1994
f 1978 1994 1979
f 1979 1994 1995
f 1979 1995 1980
f 1980 1995 1996
f 1980 1996 1981
f 1981 1996 1997
f 1981 1997 1982
f 1982 1997 1998
f 1982 1998 1983
f 1983 1998 1999
f 1983 1999 1984
f 1984 1999 2000
f 1985 2001 1986
f 1986 2001 2002
f 1986 2002 1987
f 1987 2002 2003
f 1987 2003 1988
f 1988 2003 2004
f 1988 2004 1989
f 1989 2004 2005
f 1989 2005 1990
f 1990 2005 2006
f 1990 2006 1991
f 1991 2006 2007
f 1991 2007 1992
f 1992 2007 2008
f 1992 2008 1993
f 1993 2008 2009
f 1993 2009 1994
f 1994 2009 2010
f 1994 2010 1995
f 1995 2010 2011
f 1995 2011 1996
f 1996 2011 2012
f 1996 2012 1997
f 1997 2012 2013
f 1997 2013 1998
f 1998 2013 2014
f 1998 2014 1999
f 1999 2014 2015
f 1999 2015 2000
f 2000 2015 2016
f 2001 2017 2002
f 2002 2017 2018
f 2002 2018 2003
f 2003 2018 2019
f 2003 2019 2004
f 2004 2019 2020
f 2004 2020 2005
f 2005 2020 2021
f 2005 2021 2006
f 2006 2021 2022
f 2006 2022 2007
f 2007 2022 2023
f 2007 2023 2008
f 2008 2023 2024
f 2008 2024 2009
f 2009 2024 2025
f 2009 2025 2010
f 2010 2025 2026
f 2010 2026 2011
f 2011 2026 2027
f 2011 2027 2012
f 2012 2027 2028
f 2012 2028 2013
f 2013 2028 2029
f 2013 2029 2014
f 2014 2029 2030
f 2014 2030 2015
f 2015 2030 2031
f 2015 2031 2016
f 2016 2031 2032
f 2017 2033 2018
f 2018 2033 2034
f 2018 2034 2019
f 2019 2034 2035
f 2019 2035 2020
f 2020 2035 2036
f 2020 2036 2021
f 2021 2036 2037
f 2021 2037 2022
f 2022 2037 2038
f 2022 2038 2023
f 2023 2038 2039
f 2023 2039 2024
f 2024 2039 2040
f 2024 2040 2025
f 2025 2040 2041
f 2025 2041 2026
f 2026 2041 2042
f 2026 2042 2027
f 2027 2042 2043
f 2027 2043 2028
f 2028 2043 2044
f 2028 2044 2029
f 2029 2044 2045
f 2029 2045 2030
f 2030 2045 2046
f 2030 2046 2031
f 2031 2046 2047
f 2031 2047 2032
f 2032 2047 2048
f 1 2 1025
f 2 1026 1025
f 1009 2033 1010
f 1010 2033 2034
f 2 3 1026
f 3 1027 1026
f 1010 2034 1011
f 1011 2034 2035
f 3 4 1027
f 4 1028 1027
f 1011 2035 1012
f 1012 2035 2036
f 4 5 1028
f 5 1029 1028
f 1012 2036 1013
f 1013 2036 2037
f 5 6 1029
f 6 1030 1029
f 1013 2037 1014
f 1014 2037 2038
f 6 7 1030
f 7 1031 1030
f 1014 2038 1015
f 1015 2038 2039
f 7 8 1031
f 8 1032 1031
f 1015 2039 1016
f 1016 2039 2040
f 8 9 1032
f 9 1033 1032
f 1016 2040 1017
f 1017 2040 2041
f 9 10 1033
f 10 1034 1033
f 1017 2041 1018
f 1018 2041 2042
f 10 11 1034
f 11 1035 1034
f 1018 2042 1019
f 1019 2042 2043
f 11 12 1035
f 12 1036 1035
f 1019 2043 1020
f 1020 2043 2044
f 12 13 1036
f 13 1037 1036
f 1020 2044 1021
f 1021 2044 2045
f 13 14 1037
f 14 1038 1037
f 1021 2045 1022
f 1022 2045 2046
f 14 15 1038
f 15 1039 1038
f 1022 2046 1023
f 1023 2046 2047
f 15 16 1039
f 16 1040 1039
f 1023 2047 1024
f 1024 2047 2048
f 1 1025 17
f 17 1025 1041
f 16 32 1040
f 32 1056 1040
f 17 1041 33
f 33 1041 1057
f 32 48 1056
f 48 1072 1056
f 33 1057 49
f 49 1057 1073
f 48 64 1072
f 64 1088 1072
f 49 1073 65
f 65 1073 1089
f 64 80 1088
f 80 1104 1088
f 65 1089 81
f 81 1089 1105
f 80 96 1104
f 96 1120 1104
f 81 1105 97
f 97 1105 1121
f 96 112 1120
f 112 1136 1120
f 97 1121 113
f 113 1121 1137
f 112 128 1136
f 128 1152 1136
f 113 1137 129
f 129 1137 1153
f 128 144 1152
f 144 1168 1152
f 129 1153 145
f 145 1153 1169
f 144 160 1168
f 160 1184 1168
f 145 1169 161
f 161 1169 1185
f 160 176 1184
f 176 1200 1184
f 161 1185 177
f 177 1185 1201
f 176 192 1200
f 192 1216 1200
f 177 1201 193
f 193 1201 1217
f 192 208 1216
f 208 1232 1216
f 193 1217 209
f 209 1217 1233
f 208 224 1232
f 224 1248 1232
f 209 1233 225
f 225 1233 1249
f 224 240 1248
f 240 1264 1248
f 225 1249 241
f 241 1249 1265
f 240 256 1264
f 256 1280 1264
f 241 1265 257
f 257 1265 1281
f 256 272 1280
f 272 1296 1280
f 257 1281 273
f 273 1281 1297
f 272 288 1296
f 288 1312 1296
f 273 1297 289
f 289 1297 1313
f 288 304 1312
f 304 1328 1312
f 289 1313 305
f 305 1313 1329
f 304 320 1328
f 320 1344 1328
f 305 1329 321
f 321 1329 1345
f 320 336 1344
f 336 1360 1344
f 321 1345 337
f 337 1345 1361
f 336 352 1360
f 352 1376 1360
f 337 1361 353
f 353 1361 1377
f 352 368 1376
f 368 1392 1376
f 353 1377 369
f 369 1377 1393
f 368 384 1392
f 384 1408 1392
f 369 1393 385
f 385 1393 1409
f 384 400 1408
f 400 1424 1408
f 385 1409 401
f 401 1409 1425
f 400 416 1424
f 416 1440 1424
f 401 1425 417
f 417 1425 1441
f 416 432 1440
f 432 1456 1440
f 417 1441 433
f 433 1441 1457
f 432 448 1456
f 448 1472 1456
f 433 1457 449
f 449 1457 1473
f 448 464 1472
f 464 1488 1472
f 449 1473 465
f 465 1473 1489
f 464 480 1488
f 480 1504 1488
f 465 1489 481
f 481 1489 1505
f 480 496 1504
f 496 1520 1504
f 481 1505 497
f 497 1505 1521
f 496 512 1520
f 512 1536 1520
f 497 1521 513
f 513 1521 1537
f 512 528 1536
f 528 1552 1536
f 513 1537 529
f 529 1537 1553
f 528 544 1552
f 544 1568 1552
f 529 1553 545
f 545 1553 1569
f 544 560 1568
f 560 1584 1568
f 545 1569 561
f 561 1569 1585
f 560 576 1584
f 576 1600 1584
f 561 1585 577
f 577 1585 1601
f 576 592 1600
f 592 1616 1600
f 577 1601 593
f 593 1601 1617
f 592 608 1616
f 608 1632 1616
f 593 1617 609
f 609 1617 1633
f 608 624 1632
f 624 1648 1632
f 609 1633 625
f 625 1633 1649
f 624 640 1648
f 640 1664 1648
f 625 1649 641
f 641 1649 1665
f 640 656 1664
f 656 1680 1664
f 641 1665 657
f 657 1665 1681
f 656 672 1680
f 672 1696 1680
f 657 1681 673
f 673 1681 1697
f 672 688 1696
f 688 1712 1696
f 673 1697 689
f 689 1697 1713
f 688 704 1712
f 704 1728 1712
f 689 1713 705
f 705 1713 1729
f 704 720 1728
f 720 1744 1728
f 705 1729 721
f 721 1729 1745
f 720 736 1744
f 736 1760 1744
f 721 1745 737
f 737 1745 1761
f 736 752 1760
f 752 1776 1760
f 737 1761 753
f 753 1761 1777
f 752 768 1776
f 768 1792 1776
f 753 1777 769
f 769 1777 1793
f 768 784 1792
f 784 1808 1792
f 769 1793 785
f 785 1793 1809
f 784 800 1808
f 800 1824 1808
f 785 1809 801
f 801 1809 1825
f 800 816 1824
f 816 1840 1824
f 801 1825 817
f 817 1825 1841
f 816 832 1840
f 832 1856 1840
f 817 1841 833
f 833 1841 1857
f 832 848 1856
f 848 1872 1856
f 833 1857 849
f 849 1857 1873
f 848 864 1872
f 864 1888 1872
f 849 1873 865
f 865 1873 1889
f 864 880 1888
f 880 1904 1888
f 865 1889 881
f 881 1889 1905
f 880 896 1904
f 896 1920 1904
f 881 1905 897
f 897 1905 1921
f 896 912 1920
f 912 1936 1920
f 897 1921 913
f 913 1921 1937
f 912 928 1936
f 928 1952 1936
f 913 1937 929
f 929 1937 1953
f 928 944 1952
f 944 1968 1952
f 929 1953 945
f 945 1953 1969
f 944 960 1968
f 960 1984 1968
f 945 1969 961
f 961 1969 1985
f 960 976 1984
f 976 2000 1984
f 961 1985 977
f 977 1985 2001
f 976 992 2000
f 992 2016 2000
f 977 2001 993
f 993 2001 2017
f 992 1008 2016
f 1008 2032 2016
f 993 2017 1009
f 1009 2017 2033
f 1008 1024 2032
f 1024 2048 2032
