# sinusoidal wave slab: one crest + one trough along Y (reference photo profile)
o curved_wave_surface
v -0.17500000 -0.17500000 0.06500000
v -0.15166667 -0.17500000 0.06500000
v -0.12833333 -0.17500000 0.06500000
v -0.10500000 -0.17500000 0.06500000
v -0.08166667 -0.17500000 0.06500000
v -0.05833333 -0.17500000 0.06500000
v -0.03500000 -0.17500000 0.06500000
v -0.01166667 -0.17500000 0.06500000
v 0.01166667 -0.17500000 0.06500000
v 0.03500000 -0.17500000 0.06500000
v 0.05833333 -0.17500000 0.06500000
v 0.08166667 -0.17500000 0.06500000
v 0.10500000 -0.17500000 0.06500000
v 0.12833333 -0.17500000 0.06500000
v 0.15166667 -0.17500000 0.06500000
v 0.17500000 -0.17500000 0.06500000
v -0.17500000 -0.17131579 0.06764362
v -0.15166667 -0.17131579 0.06764362
v -0.12833333 -0.17131579 0.06764362
v -0.10500000 -0.17131579 0.06764362
v -0.08166667 -0.17131579 0.06764362
v -0.05833333 -0.17131579 0.06764362
v -0.03500000 -0.17131579 0.06764362
v -0.01166667 -0.17131579 0.06764362
v 0.01166667 -0.17131579 0.06764362
v 0.03500000 -0.17131579 0.06764362
v 0.05833333 -0.17131579 0.06764362
v 0.08166667 -0.17131579 0.06764362
v 0.10500000 -0.17131579 0.06764362
v 0.12833333 -0.17131579 0.06764362
v 0.15166667 -0.17131579 0.06764362
v 0.17500000 -0.17131579 0.06764362
v -0.17500000 -0.16763158 0.07027569
v -0.15166667 -0.16763158 0.07027569
v -0.12833333 -0.16763158 0.07027569
v -0.10500000 -0.16763158 0.07027569
v -0.08166667 -0.16763158 0.07027569
v -0.05833333 -0.16763158 0.07027569
v -0.03500000 -0.16763158 0.07027569
v -0.01166667 -0.16763158 0.07027569
v 0.01166667 -0.16763158 0.07027569
v 0.03500000 -0.16763158 0.07027569
v 0.05833333 -0.16763158 0.07027569
v 0.08166667 -0.16763158 0.07027569
v 0.10500000 -0.16763158 0.07027569
v 0.12833333 -0.16763158 0.07027569
v 0.15166667 -0.16763158 0.07027569
v 0.17500000 -0.16763158 0.07027569
v -0.17500000 -0.16394737 0.07288468
v -0.15166667 -0.16394737 0.07288468
v -0.12833333 -0.16394737 0.07288468
v -0.10500000 -0.16394737 0.07288468
v -0.08166667 -0.16394737 0.07288468
v -0.05833333 -0.16394737 0.07288468
v -0.03500000 -0.16394737 0.07288468
v -0.01166667 -0.16394737 0.07288468
v 0.01166667 -0.16394737 0.07288468
v 0.03500000 -0.16394737 0.07288468
v 0.05833333 -0.16394737 0.07288468
v 0.08166667 -0.16394737 0.07288468
v 0.10500000 -0.16394737 0.07288468
v 0.12833333 -0.16394737 0.07288468
v 0.15166667 -0.16394737 0.07288468
v 0.17500000 -0.16394737 0.07288468
v -0.17500000 -0.16026316 0.07545920
v -0.15166667 -0.16026316 0.07545920
v -0.12833333 -0.16026316 0.07545920
v -0.10500000 -0.16026316 0.07545920
v -0.08166667 -0.16026316 0.07545920
v -0.05833333 -0.16026316 0.07545920
v -0.03500000 -0.16026316 0.07545920
v -0.01166667 -0.16026316 0.07545920
v 0.01166667 -0.16026316 0.07545920
v 0.03500000 -0.16026316 0.07545920
v 0.05833333 -0.16026316 0.07545920
v 0.08166667 -0.16026316 0.07545920
v 0.10500000 -0.16026316 0.07545920
v 0.12833333 -0.16026316 0.07545920
v 0.15166667 -0.16026316 0.07545920
v 0.17500000 -0.16026316 0.07545920
v -0.17500000 -0.15657895 0.07798798
v -0.15166667 -0.15657895 0.07798798
v -0.12833333 -0.15657895 0.07798798
v -0.10500000 -0.15657895 0.07798798
v -0.08166667 -0.15657895 0.07798798
v -0.05833333 -0.15657895 0.07798798
v -0.03500000 -0.15657895 0.07798798
v -0.01166667 -0.15657895 0.07798798
v 0.01166667 -0.15657895 0.07798798
v 0.03500000 -0.15657895 0.07798798
v 0.05833333 -0.15657895 0.07798798
v 0.08166667 -0.15657895 0.07798798
v 0.10500000 -0.15657895 0.07798798
v 0.12833333 -0.15657895 0.07798798
v 0.15166667 -0.15657895 0.07798798
v 0.17500000 -0.15657895 0.07798798
v -0.17500000 -0.15289474 0.08045997
v -0.15166667 -0.15289474 0.08045997
v -0.12833333 -0.15289474 0.08045997
v -0.10500000 -0.15289474 0.08045997
v -0.08166667 -0.15289474 0.08045997
v -0.05833333 -0.15289474 0.08045997
v -0.03500000 -0.15289474 0.08045997
v -0.01166667 -0.15289474 0.08045997
v 0.01166667 -0.15289474 0.08045997
v 0.03500000 -0.15289474 0.08045997
v 0.05833333 -0.15289474 0.08045997
v 0.08166667 -0.15289474 0.08045997
v 0.10500000 -0.15289474 0.08045997
v 0.12833333 -0.15289474 0.08045997
v 0.15166667 -0.15289474 0.08045997
v 0.17500000 -0.15289474 0.08045997
v -0.17500000 -0.14921053 0.08286435
v -0.15166667 -0.14921053 0.08286435
v -0.12833333 -0.14921053 0.08286435
v -0.10500000 -0.14921053 0.08286435
v -0.08166667 -0.14921053 0.08286435
v -0.05833333 -0.14921053 0.08286435
v -0.03500000 -0.14921053 0.08286435
v -0.01166667 -0.14921053 0.08286435
v 0.01166667 -0.14921053 0.08286435
v 0.03500000 -0.14921053 0.08286435
v 0.05833333 -0.14921053 0.08286435
v 0.08166667 -0.14921053 0.08286435
v 0.10500000 -0.14921053 0.08286435
v 0.12833333 -0.14921053 0.08286435
v 0.15166667 -0.14921053 0.08286435
v 0.17500000 -0.14921053 0.08286435
v -0.17500000 -0.14552632 0.08519062
v -0.15166667 -0.14552632 0.08519062
v -0.12833333 -0.14552632 0.08519062
v -0.10500000 -0.14552632 0.08519062
v -0.08166667 -0.14552632 0.08519062
v -0.05833333 -0.14552632 0.08519062
v -0.03500000 -0.14552632 0.08519062
v -0.01166667 -0.14552632 0.08519062
v 0.01166667 -0.14552632 0.08519062
v 0.03500000 -0.14552632 0.08519062
v 0.05833333 -0.14552632 0.08519062
v 0.08166667 -0.14552632 0.08519062
v 0.10500000 -0.14552632 0.08519062
v 0.12833333 -0.14552632 0.08519062
v 0.15166667 -0.14552632 0.08519062
v 0.17500000 -0.14552632 0.08519062
v -0.17500000 -0.14184211 0.08742860
v -0.15166667 -0.14184211 0.08742860
v -0.12833333 -0.14184211 0.08742860
v -0.10500000 -0.14184211 0.08742860
v -0.08166667 -0.14184211 0.08742860
v -0.05833333 -0.14184211 0.08742860
v -0.03500000 -0.14184211 0.08742860
v -0.01166667 -0.14184211 0.08742860
v 0.01166667 -0.14184211 0.08742860
v 0.03500000 -0.14184211 0.08742860
v 0.05833333 -0.14184211 0.08742860
v 0.08166667 -0.14184211 0.08742860
v 0.10500000 -0.14184211 0.08742860
v 0.12833333 -0.14184211 0.08742860
v 0.15166667 -0.14184211 0.08742860
v 0.17500000 -0.14184211 0.08742860
v -0.17500000 -0.13815789 0.08956851
v -0.15166667 -0.13815789 0.08956851
v -0.12833333 -0.13815789 0.08956851
v -0.10500000 -0.13815789 0.08956851
v -0.08166667 -0.13815789 0.08956851
v -0.05833333 -0.13815789 0.08956851
v -0.03500000 -0.13815789 0.08956851
v -0.01166667 -0.13815789 0.08956851
v 0.01166667 -0.13815789 0.08956851
v 0.03500000 -0.13815789 0.08956851
v 0.05833333 -0.13815789 0.08956851
v 0.08166667 -0.13815789 0.08956851
v 0.10500000 -0.13815789 0.08956851
v 0.12833333 -0.13815789 0.08956851
v 0.15166667 -0.13815789 0.08956851
v 0.17500000 -0.13815789 0.08956851
v -0.17500000 -0.13447368 0.09160098
v -0.15166667 -0.13447368 0.09160098
v -0.12833333 -0.13447368 0.09160098
v -0.10500000 -0.13447368 0.09160098
v -0.08166667 -0.13447368 0.09160098
v -0.05833333 -0.13447368 0.09160098
v -0.03500000 -0.13447368 0.09160098
v -0.01166667 -0.13447368 0.09160098
v 0.01166667 -0.13447368 0.09160098
v 0.03500000 -0.13447368 0.09160098
v 0.05833333 -0.13447368 0.09160098
v 0.08166667 -0.13447368 0.09160098
v 0.10500000 -0.13447368 0.09160098
v 0.12833333 -0.13447368 0.09160098
v 0.15166667 -0.13447368 0.09160098
v 0.17500000 -0.13447368 0.09160098
v -0.17500000 -0.13078947 0.09351714
v -0.15166667 -0.13078947 0.09351714
v -0.12833333 -0.13078947 0.09351714
v -0.10500000 -0.13078947 0.09351714
v -0.08166667 -0.13078947 0.09351714
v -0.05833333 -0.13078947 0.09351714
v -0.03500000 -0.13078947 0.09351714
v -0.01166667 -0.13078947 0.09351714
v 0.01166667 -0.13078947 0.09351714
v 0.03500000 -0.13078947 0.09351714
v 0.05833333 -0.13078947 0.09351714
v 0.08166667 -0.13078947 0.09351714
v 0.10500000 -0.13078947 0.09351714
v 0.12833333 -0.13078947 0.09351714
v 0.15166667 -0.13078947 0.09351714
v 0.17500000 -0.13078947 0.09351714
v -0.17500000 -0.12710526 0.09530859
v -0.15166667 -0.12710526 0.09530859
v -0.12833333 -0.12710526 0.09530859
v -0.10500000 -0.12710526 0.09530859
v -0.08166667 -0.12710526 0.09530859
v -0.05833333 -0.12710526 0.09530859
v -0.03500000 -0.12710526 0.09530859
v -0.01166667 -0.12710526 0.09530859
v 0.01166667 -0.12710526 0.09530859
v 0.03500000 -0.12710526 0.09530859
v 0.05833333 -0.12710526 0.09530859
v 0.08166667 -0.12710526 0.09530859
v 0.10500000 -0.12710526 0.09530859
v 0.12833333 -0.12710526 0.09530859
v 0.15166667 -0.12710526 0.09530859
v 0.17500000 -0.12710526 0.09530859
v -0.17500000 -0.12342105 0.09696752
v -0.15166667 -0.12342105 0.09696752
v -0.12833333 -0.12342105 0.09696752
v -0.10500000 -0.12342105 0.09696752
v -0.08166667 -0.12342105 0.09696752
v -0.05833333 -0.12342105 0.09696752
v -0.03500000 -0.12342105 0.09696752
v -0.01166667 -0.12342105 0.09696752
v 0.01166667 -0.12342105 0.09696752
v 0.03500000 -0.12342105 0.09696752
v 0.05833333 -0.12342105 0.09696752
v 0.08166667 -0.12342105 0.09696752
v 0.10500000 -0.12342105 0.09696752
v 0.12833333 -0.12342105 0.09696752
v 0.15166667 -0.12342105 0.09696752
v 0.17500000 -0.12342105 0.09696752
v -0.17500000 -0.11973684 0.09848666
v -0.15166667 -0.11973684 0.09848666
v -0.12833333 -0.11973684 0.09848666
v -0.10500000 -0.11973684 0.09848666
v -0.08166667 -0.11973684 0.09848666
v -0.05833333 -0.11973684 0.09848666
v -0.03500000 -0.11973684 0.09848666
v -0.01166667 -0.11973684 0.09848666
v 0.01166667 -0.11973684 0.09848666
v 0.03500000 -0.11973684 0.09848666
v 0.05833333 -0.11973684 0.09848666
v 0.08166667 -0.11973684 0.09848666
v 0.10500000 -0.11973684 0.09848666
v 0.12833333 -0.11973684 0.09848666
v 0.15166667 -0.11973684 0.09848666
v 0.17500000 -0.11973684 0.09848666
v -0.17500000 -0.11605263 0.09985937
v -0.15166667 -0.11605263 0.09985937
v -0.12833333 -0.11605263 0.09985937
v -0.10500000 -0.11605263 0.09985937
v -0.08166667 -0.11605263 0.09985937
v -0.05833333 -0.11605263 0.09985937
v -0.03500000 -0.11605263 0.09985937
v -0.01166667 -0.11605263 0.09985937
v 0.01166667 -0.11605263 0.09985937
v 0.03500000 -0.11605263 0.09985937
v 0.05833333 -0.11605263 0.09985937
v 0.08166667 -0.11605263 0.09985937
v 0.10500000 -0.11605263 0.09985937
v 0.12833333 -0.11605263 0.09985937
v 0.15166667 -0.11605263 0.09985937
v 0.17500000 -0.11605263 0.09985937
v -0.17500000 -0.11236842 0.10107965
v -0.15166667 -0.11236842 0.10107965
v -0.12833333 -0.11236842 0.10107965
v -0.10500000 -0.11236842 0.10107965
v -0.08166667 -0.11236842 0.10107965
v -0.05833333 -0.11236842 0.10107965
v -0.03500000 -0.11236842 0.10107965
v -0.01166667 -0.11236842 0.10107965
v 0.01166667 -0.11236842 0.10107965
v 0.03500000 -0.11236842 0.10107965
v 0.05833333 -0.11236842 0.10107965
v 0.08166667 -0.11236842 0.10107965
v 0.10500000 -0.11236842 0.10107965
v 0.12833333 -0.11236842 0.10107965
v 0.15166667 -0.11236842 0.10107965
v 0.17500000 -0.11236842 0.10107965
v -0.17500000 -0.10868421 0.10214216
v -0.15166667 -0.10868421 0.10214216
v -0.12833333 -0.10868421 0.10214216
v -0.10500000 -0.10868421 0.10214216
v -0.08166667 -0.10868421 0.10214216
v -0.05833333 -0.10868421 0.10214216
v -0.03500000 -0.10868421 0.10214216
v -0.01166667 -0.10868421 0.10214216
v 0.01166667 -0.10868421 0.10214216
v 0.03500000 -0.10868421 0.10214216
v 0.05833333 -0.10868421 0.10214216
v 0.08166667 -0.10868421 0.10214216
v 0.10500000 -0.10868421 0.10214216
v 0.12833333 -0.10868421 0.10214216
v 0.15166667 -0.10868421 0.10214216
v 0.17500000 -0.10868421 0.10214216
v -0.17500000 -0.10500000 0.10304226
v -0.15166667 -0.10500000 0.10304226
v -0.12833333 -0.10500000 0.10304226
v -0.10500000 -0.10500000 0.10304226
v -0.08166667 -0.10500000 0.10304226
v -0.05833333 -0.10500000 0.10304226
v -0.03500000 -0.10500000 0.10304226
v -0.01166667 -0.10500000 0.10304226
v 0.01166667 -0.10500000 0.10304226
v 0.03500000 -0.10500000 0.10304226
v 0.05833333 -0.10500000 0.10304226
v 0.08166667 -0.10500000 0.10304226
v 0.10500000 -0.10500000 0.10304226
v 0.12833333 -0.10500000 0.10304226
v 0.15166667 -0.10500000 0.10304226
v 0.17500000 -0.10500000 0.10304226
v -0.17500000 -0.10131579 0.10377601
v -0.15166667 -0.10131579 0.10377601
v -0.12833333 -0.10131579 0.10377601
v -0.10500000 -0.10131579 0.10377601
v -0.08166667 -0.10131579 0.10377601
v -0.05833333 -0.10131579 0.10377601
v -0.03500000 -0.10131579 0.10377601
v -0.01166667 -0.10131579 0.10377601
v 0.01166667 -0.10131579 0.10377601
v 0.03500000 -0.10131579 0.10377601
v 0.05833333 -0.10131579 0.10377601
v 0.08166667 -0.10131579 0.10377601
v 0.10500000 -0.10131579 0.10377601
v 0.12833333 -0.10131579 0.10377601
v 0.15166667 -0.10131579 0.10377601
v 0.17500000 -0.10131579 0.10377601
v -0.17500000 -0.09763158 0.10434020
v -0.15166667 -0.09763158 0.10434020
v -0.12833333 -0.09763158 0.10434020
v -0.10500000 -0.09763158 0.10434020
v -0.08166667 -0.09763158 0.10434020
v -0.05833333 -0.09763158 0.10434020
v -0.03500000 -0.09763158 0.10434020
v -0.01166667 -0.09763158 0.10434020
v 0.01166667 -0.09763158 0.10434020
v 0.03500000 -0.09763158 0.10434020
v 0.05833333 -0.09763158 0.10434020
v 0.08166667 -0.09763158 0.10434020
v 0.10500000 -0.09763158 0.10434020
v 0.12833333 -0.09763158 0.10434020
v 0.15166667 -0.09763158 0.10434020
v 0.17500000 -0.09763158 0.10434020
v -0.17500000 -0.09394737 0.10473237
v -0.15166667 -0.09394737 0.10473237
v -0.12833333 -0.09394737 0.10473237
v -0.10500000 -0.09394737 0.10473237
v -0.08166667 -0.09394737 0.10473237
v -0.05833333 -0.09394737 0.10473237
v -0.03500000 -0.09394737 0.10473237
v -0.01166667 -0.09394737 0.10473237
v 0.01166667 -0.09394737 0.10473237
v 0.03500000 -0.09394737 0.10473237
v 0.05833333 -0.09394737 0.10473237
v 0.08166667 -0.09394737 0.10473237
v 0.10500000 -0.09394737 0.10473237
v 0.12833333 -0.09394737 0.10473237
v 0.15166667 -0.09394737 0.10473237
v 0.17500000 -0.09394737 0.10473237
v -0.17500000 -0.09026316 0.10495080
v -0.15166667 -0.09026316 0.10495080
v -0.12833333 -0.09026316 0.10495080
v -0.10500000 -0.09026316 0.10495080
v -0.08166667 -0.09026316 0.10495080
v -0.05833333 -0.09026316 0.10495080
v -0.03500000 -0.09026316 0.10495080
v -0.01166667 -0.09026316 0.10495080
v 0.01166667 -0.09026316 0.10495080
v 0.03500000 -0.09026316 0.10495080
v 0.05833333 -0.09026316 0.10495080
v 0.08166667 -0.09026316 0.10495080
v 0.10500000 -0.09026316 0.10495080
v 0.12833333 -0.09026316 0.10495080
v 0.15166667 -0.09026316 0.10495080
v 0.17500000 -0.09026316 0.10495080
v -0.17500000 -0.08657895 0.10499453
v -0.15166667 -0.08657895 0.10499453
v -0.12833333 -0.08657895 0.10499453
v -0.10500000 -0.08657895 0.10499453
v -0.08166667 -0.08657895 0.10499453
v -0.05833333 -0.08657895 0.10499453
v -0.03500000 -0.08657895 0.10499453
v -0.01166667 -0.08657895 0.10499453
v 0.01166667 -0.08657895 0.10499453
v 0.03500000 -0.08657895 0.10499453
v 0.05833333 -0.08657895 0.10499453
v 0.08166667 -0.08657895 0.10499453
v 0.10500000 -0.08657895 0.10499453
v 0.12833333 -0.08657895 0.10499453
v 0.15166667 -0.08657895 0.10499453
v 0.17500000 -0.08657895 0.10499453
v -0.17500000 -0.08289474 0.10486338
v -0.15166667 -0.08289474 0.10486338
v -0.12833333 -0.08289474 0.10486338
v -0.10500000 -0.08289474 0.10486338
v -0.08166667 -0.08289474 0.10486338
v -0.05833333 -0.08289474 0.10486338
v -0.03500000 -0.08289474 0.10486338
v -0.01166667 -0.08289474 0.10486338
v 0.01166667 -0.08289474 0.10486338
v 0.03500000 -0.08289474 0.10486338
v 0.05833333 -0.08289474 0.10486338
v 0.08166667 -0.08289474 0.10486338
v 0.10500000 -0.08289474 0.10486338
v 0.12833333 -0.08289474 0.10486338
v 0.15166667 -0.08289474 0.10486338
v 0.17500000 -0.08289474 0.10486338
v -0.17500000 -0.07921053 0.10455791
v -0.15166667 -0.07921053 0.10455791
v -0.12833333 -0.07921053 0.10455791
v -0.10500000 -0.07921053 0.10455791
v -0.08166667 -0.07921053 0.10455791
v -0.05833333 -0.07921053 0.10455791
v -0.03500000 -0.07921053 0.10455791
v -0.01166667 -0.07921053 0.10455791
v 0.01166667 -0.07921053 0.10455791
v 0.03500000 -0.07921053 0.10455791
v 0.05833333 -0.07921053 0.10455791
v 0.08166667 -0.07921053 0.10455791
v 0.10500000 -0.07921053 0.10455791
v 0.12833333 -0.07921053 0.10455791
v 0.15166667 -0.07921053 0.10455791
v 0.17500000 -0.07921053 0.10455791
v -0.17500000 -0.07552632 0.10407947
v -0.15166667 -0.07552632 0.10407947
v -0.12833333 -0.07552632 0.10407947
v -0.10500000 -0.07552632 0.10407947
v -0.08166667 -0.07552632 0.10407947
v -0.05833333 -0.07552632 0.10407947
v -0.03500000 -0.07552632 0.10407947
v -0.01166667 -0.07552632 0.10407947
v 0.01166667 -0.07552632 0.10407947
v 0.03500000 -0.07552632 0.10407947
v 0.05833333 -0.07552632 0.10407947
v 0.08166667 -0.07552632 0.10407947
v 0.10500000 -0.07552632 0.10407947
v 0.12833333 -0.07552632 0.10407947
v 0.15166667 -0.07552632 0.10407947
v 0.17500000 -0.07552632 0.10407947
v -0.17500000 -0.07184211 0.10343015
v -0.15166667 -0.07184211 0.10343015
v -0.12833333 -0.07184211 0.10343015
v -0.10500000 -0.07184211 0.10343015
v -0.08166667 -0.07184211 0.10343015
v -0.05833333 -0.07184211 0.10343015
v -0.03500000 -0.07184211 0.10343015
v -0.01166667 -0.07184211 0.10343015
v 0.01166667 -0.07184211 0.10343015
v 0.03500000 -0.07184211 0.10343015
v 0.05833333 -0.07184211 0.10343015
v 0.08166667 -0.07184211 0.10343015
v 0.10500000 -0.07184211 0.10343015
v 0.12833333 -0.07184211 0.10343015
v 0.15166667 -0.07184211 0.10343015
v 0.17500000 -0.07184211 0.10343015
v -0.17500000 -0.06815789 0.10261278
v -0.15166667 -0.06815789 0.10261278
v -0.12833333 -0.06815789 0.10261278
v -0.10500000 -0.06815789 0.10261278
v -0.08166667 -0.06815789 0.10261278
v -0.05833333 -0.06815789 0.10261278
v -0.03500000 -0.06815789 0.10261278
v -0.01166667 -0.06815789 0.10261278
v 0.01166667 -0.06815789 0.10261278
v 0.03500000 -0.06815789 0.10261278
v 0.05833333 -0.06815789 0.10261278
v 0.08166667 -0.06815789 0.10261278
v 0.10500000 -0.06815789 0.10261278
v 0.12833333 -0.06815789 0.10261278
v 0.15166667 -0.06815789 0.10261278
v 0.17500000 -0.06815789 0.10261278
v -0.17500000 -0.06447368 0.10163093
v -0.15166667 -0.06447368 0.10163093
v -0.12833333 -0.06447368 0.10163093
v -0.10500000 -0.06447368 0.10163093
v -0.08166667 -0.06447368 0.10163093
v -0.05833333 -0.06447368 0.10163093
v -0.03500000 -0.06447368 0.10163093
v -0.01166667 -0.06447368 0.10163093
v 0.01166667 -0.06447368 0.10163093
v 0.03500000 -0.06447368 0.10163093
v 0.05833333 -0.06447368 0.10163093
v 0.08166667 -0.06447368 0.10163093
v 0.10500000 -0.06447368 0.10163093
v 0.12833333 -0.06447368 0.10163093
v 0.15166667 -0.06447368 0.10163093
v 0.17500000 -0.06447368 0.10163093
v -0.17500000 -0.06078947 0.10048891
v -0.15166667 -0.06078947 0.10048891
v -0.12833333 -0.06078947 0.10048891
v -0.10500000 -0.06078947 0.10048891
v -0.08166667 -0.06078947 0.10048891
v -0.05833333 -0.06078947 0.10048891
v -0.03500000 -0.06078947 0.10048891
v -0.01166667 -0.06078947 0.10048891
v 0.01166667 -0.06078947 0.10048891
v 0.03500000 -0.06078947 0.10048891
v 0.05833333 -0.06078947 0.10048891
v 0.08166667 -0.06078947 0.10048891
v 0.10500000 -0.06078947 0.10048891
v 0.12833333 -0.06078947 0.10048891
v 0.15166667 -0.06078947 0.10048891
v 0.17500000 -0.06078947 0.10048891
v -0.17500000 -0.05710526 0.09919171
v -0.15166667 -0.05710526 0.09919171
v -0.12833333 -0.05710526 0.09919171
v -0.10500000 -0.05710526 0.09919171
v -0.08166667 -0.05710526 0.09919171
v -0.05833333 -0.05710526 0.09919171
v -0.03500000 -0.05710526 0.09919171
v -0.01166667 -0.05710526 0.09919171
v 0.01166667 -0.05710526 0.09919171
v 0.03500000 -0.05710526 0.09919171
v 0.05833333 -0.05710526 0.09919171
v 0.08166667 -0.05710526 0.09919171
v 0.10500000 -0.05710526 0.09919171
v 0.12833333 -0.05710526 0.09919171
v 0.15166667 -0.05710526 0.09919171
v 0.17500000 -0.05710526 0.09919171
v -0.17500000 -0.05342105 0.09774499
v -0.15166667 -0.05342105 0.09774499
v -0.12833333 -0.05342105 0.09774499
v -0.10500000 -0.05342105 0.09774499
v -0.08166667 -0.05342105 0.09774499
v -0.05833333 -0.05342105 0.09774499
v -0.03500000 -0.05342105 0.09774499
v -0.01166667 -0.05342105 0.09774499
v 0.01166667 -0.05342105 0.09774499
v 0.03500000 -0.05342105 0.09774499
v 0.05833333 -0.05342105 0.09774499
v 0.08166667 -0.05342105 0.09774499
v 0.10500000 -0.05342105 0.09774499
v 0.12833333 -0.05342105 0.09774499
v 0.15166667 -0.05342105 0.09774499
v 0.17500000 -0.05342105 0.09774499
v -0.17500000 -0.04973684 0.09615509
v -0.15166667 -0.04973684 0.09615509
v -0.12833333 -0.04973684 0.09615509
v -0.10500000 -0.04973684 0.09615509
v -0.08166667 -0.04973684 0.09615509
v -0.05833333 -0.04973684 0.09615509
v -0.03500000 -0.04973684 0.09615509
v -0.01166667 -0.04973684 0.09615509
v 0.01166667 -0.04973684 0.09615509
v 0.03500000 -0.04973684 0.09615509
v 0.05833333 -0.04973684 0.09615509
v 0.08166667 -0.04973684 0.09615509
v 0.10500000 -0.04973684 0.09615509
v 0.12833333 -0.04973684 0.09615509
v 0.15166667 -0.04973684 0.09615509
v 0.17500000 -0.04973684 0.09615509
v -0.17500000 -0.04605263 0.09442896
v -0.15166667 -0.04605263 0.09442896
v -0.12833333 -0.04605263 0.09442896
v -0.10500000 -0.04605263 0.09442896
v -0.08166667 -0.04605263 0.09442896
v -0.05833333 -0.04605263 0.09442896
v -0.03500000 -0.04605263 0.09442896
v -0.01166667 -0.04605263 0.09442896
v 0.01166667 -0.04605263 0.09442896
v 0.03500000 -0.04605263 0.09442896
v 0.05833333 -0.04605263 0.09442896
v 0.08166667 -0.04605263 0.09442896
v 0.10500000 -0.04605263 0.09442896
v 0.12833333 -0.04605263 0.09442896
v 0.15166667 -0.04605263 0.09442896
v 0.17500000 -0.04605263 0.09442896
v -0.17500000 -0.04236842 0.09257414
v -0.15166667 -0.04236842 0.09257414
v -0.12833333 -0.04236842 0.09257414
v -0.10500000 -0.04236842 0.09257414
v -0.08166667 -0.04236842 0.09257414
v -0.05833333 -0.04236842 0.09257414
v -0.03500000 -0.04236842 0.09257414
v -0.01166667 -0.04236842 0.09257414
v 0.01166667 -0.04236842 0.09257414
v 0.03500000 -0.04236842 0.09257414
v 0.05833333 -0.04236842 0.09257414
v 0.08166667 -0.04236842 0.09257414
v 0.10500000 -0.04236842 0.09257414
v 0.12833333 -0.04236842 0.09257414
v 0.15166667 -0.04236842 0.09257414
v 0.17500000 -0.04236842 0.09257414
v -0.17500000 -0.03868421 0.09059874
v -0.15166667 -0.03868421 0.09059874
v -0.12833333 -0.03868421 0.09059874
v -0.10500000 -0.03868421 0.09059874
v -0.08166667 -0.03868421 0.09059874
v -0.05833333 -0.03868421 0.09059874
v -0.03500000 -0.03868421 0.09059874
v -0.01166667 -0.03868421 0.09059874
v 0.01166667 -0.03868421 0.09059874
v 0.03500000 -0.03868421 0.09059874
v 0.05833333 -0.03868421 0.09059874
v 0.08166667 -0.03868421 0.09059874
v 0.10500000 -0.03868421 0.09059874
v 0.12833333 -0.03868421 0.09059874
v 0.15166667 -0.03868421 0.09059874
v 0.17500000 -0.03868421 0.09059874
v -0.17500000 -0.03500000 0.08851141
v -0.15166667 -0.03500000 0.08851141
v -0.12833333 -0.03500000 0.08851141
v -0.10500000 -0.03500000 0.08851141
v -0.08166667 -0.03500000 0.08851141
v -0.05833333 -0.03500000 0.08851141
v -0.03500000 -0.03500000 0.08851141
v -0.01166667 -0.03500000 0.08851141
v 0.01166667 -0.03500000 0.08851141
v 0.03500000 -0.03500000 0.08851141
v 0.05833333 -0.03500000 0.08851141
v 0.08166667 -0.03500000 0.08851141
v 0.10500000 -0.03500000 0.08851141
v 0.12833333 -0.03500000 0.08851141
v 0.15166667 -0.03500000 0.08851141
v 0.17500000 -0.03500000 0.08851141
v -0.17500000 -0.03131579 0.08632127
v -0.15166667 -0.03131579 0.08632127
v -0.12833333 -0.03131579 0.08632127
v -0.10500000 -0.03131579 0.08632127
v -0.08166667 -0.03131579 0.08632127
v -0.05833333 -0.03131579 0.08632127
v -0.03500000 -0.03131579 0.08632127
v -0.01166667 -0.03131579 0.08632127
v 0.01166667 -0.03131579 0.08632127
v 0.03500000 -0.03131579 0.08632127
v 0.05833333 -0.03131579 0.08632127
v 0.08166667 -0.03131579 0.08632127
v 0.10500000 -0.03131579 0.08632127
v 0.12833333 -0.03131579 0.08632127
v 0.15166667 -0.03131579 0.08632127
v 0.17500000 -0.03131579 0.08632127
v -0.17500000 -0.02763158 0.08403790
v -0.15166667 -0.02763158 0.08403790
v -0.12833333 -0.02763158 0.08403790
v -0.10500000 -0.02763158 0.08403790
v -0.08166667 -0.02763158 0.08403790
v -0.05833333 -0.02763158 0.08403790
v -0.03500000 -0.02763158 0.08403790
v -0.01166667 -0.02763158 0.08403790
v 0.01166667 -0.02763158 0.08403790
v 0.03500000 -0.02763158 0.08403790
v 0.05833333 -0.02763158 0.08403790
v 0.08166667 -0.02763158 0.08403790
v 0.10500000 -0.02763158 0.08403790
v 0.12833333 -0.02763158 0.08403790
v 0.15166667 -0.02763158 0.08403790
v 0.17500000 -0.02763158 0.08403790
v -0.17500000 -0.02394737 0.08167127
v -0.15166667 -0.02394737 0.08167127
v -0.12833333 -0.02394737 0.08167127
v -0.10500000 -0.02394737 0.08167127
v -0.08166667 -0.02394737 0.08167127
v -0.05833333 -0.02394737 0.08167127
v -0.03500000 -0.02394737 0.08167127
v -0.01166667 -0.02394737 0.08167127
v 0.01166667 -0.02394737 0.08167127
v 0.03500000 -0.02394737 0.08167127
v 0.05833333 -0.02394737 0.08167127
v 0.08166667 -0.02394737 0.08167127
v 0.10500000 -0.02394737 0.08167127
v 0.12833333 -0.02394737 0.08167127
v 0.15166667 -0.02394737 0.08167127
v 0.17500000 -0.02394737 0.08167127
v -0.17500000 -0.02026316 0.07923175
v -0.15166667 -0.02026316 0.07923175
v -0.12833333 -0.02026316 0.07923175
v -0.10500000 -0.02026316 0.07923175
v -0.08166667 -0.02026316 0.07923175
v -0.05833333 -0.02026316 0.07923175
v -0.03500000 -0.02026316 0.07923175
v -0.01166667 -0.02026316 0.07923175
v 0.01166667 -0.02026316 0.07923175
v 0.03500000 -0.02026316 0.07923175
v 0.05833333 -0.02026316 0.07923175
v 0.08166667 -0.02026316 0.07923175
v 0.10500000 -0.02026316 0.07923175
v 0.12833333 -0.02026316 0.07923175
v 0.15166667 -0.02026316 0.07923175
v 0.17500000 -0.02026316 0.07923175
v -0.17500000 -0.01657895 0.07673000
v -0.15166667 -0.01657895 0.07673000
v -0.12833333 -0.01657895 0.07673000
v -0.10500000 -0.01657895 0.07673000
v -0.08166667 -0.01657895 0.07673000
v -0.05833333 -0.01657895 0.07673000
v -0.03500000 -0.01657895 0.07673000
v -0.01166667 -0.01657895 0.07673000
v 0.01166667 -0.01657895 0.07673000
v 0.03500000 -0.01657895 0.07673000
v 0.05833333 -0.01657895 0.07673000
v 0.08166667 -0.01657895 0.07673000
v 0.10500000 -0.01657895 0.07673000
v 0.12833333 -0.01657895 0.07673000
v 0.15166667 -0.01657895 0.07673000
v 0.17500000 -0.01657895 0.07673000
v -0.17500000 -0.01289474 0.07417696
v -0.15166667 -0.01289474 0.07417696
v -0.12833333 -0.01289474 0.07417696
v -0.10500000 -0.01289474 0.07417696
v -0.08166667 -0.01289474 0.07417696
v -0.05833333 -0.01289474 0.07417696
v -0.03500000 -0.01289474 0.07417696
v -0.01166667 -0.01289474 0.07417696
v 0.01166667 -0.01289474 0.07417696
v 0.03500000 -0.01289474 0.07417696
v 0.05833333 -0.01289474 0.07417696
v 0.08166667 -0.01289474 0.07417696
v 0.10500000 -0.01289474 0.07417696
v 0.12833333 -0.01289474 0.07417696
v 0.15166667 -0.01289474 0.07417696
v 0.17500000 -0.01289474 0.07417696
v -0.17500000 -0.00921053 0.07158378
v -0.15166667 -0.00921053 0.07158378
v -0.12833333 -0.00921053 0.07158378
v -0.10500000 -0.00921053 0.07158378
v -0.08166667 -0.00921053 0.07158378
v -0.05833333 -0.00921053 0.07158378
v -0.03500000 -0.00921053 0.07158378
v -0.01166667 -0.00921053 0.07158378
v 0.01166667 -0.00921053 0.07158378
v 0.03500000 -0.00921053 0.07158378
v 0.05833333 -0.00921053 0.07158378
v 0.08166667 -0.00921053 0.07158378
v 0.10500000 -0.00921053 0.07158378
v 0.12833333 -0.00921053 0.07158378
v 0.15166667 -0.00921053 0.07158378
v 0.17500000 -0.00921053 0.07158378
v -0.17500000 -0.00552632 0.06896182
v -0.15166667 -0.00552632 0.06896182
v -0.12833333 -0.00552632 0.06896182
v -0.10500000 -0.00552632 0.06896182
v -0.08166667 -0.00552632 0.06896182
v -0.05833333 -0.00552632 0.06896182
v -0.03500000 -0.00552632 0.06896182
v -0.01166667 -0.00552632 0.06896182
v 0.01166667 -0.00552632 0.06896182
v 0.03500000 -0.00552632 0.06896182
v 0.05833333 -0.00552632 0.06896182
v 0.08166667 -0.00552632 0.06896182
v 0.10500000 -0.00552632 0.06896182
v 0.12833333 -0.00552632 0.06896182
v 0.15166667 -0.00552632 0.06896182
v 0.17500000 -0.00552632 0.06896182
v -0.17500000 -0.00184211 0.06632253
v -0.15166667 -0.00184211 0.06632253
v -0.12833333 -0.00184211 0.06632253
v -0.10500000 -0.00184211 0.06632253
v -0.08166667 -0.00184211 0.06632253
v -0.05833333 -0.00184211 0.06632253
v -0.03500000 -0.00184211 0.06632253
v -0.01166667 -0.00184211 0.06632253
v 0.01166667 -0.00184211 0.06632253
v 0.03500000 -0.00184211 0.06632253
v 0.05833333 -0.00184211 0.06632253
v 0.08166667 -0.00184211 0.06632253
v 0.10500000 -0.00184211 0.06632253
v 0.12833333 -0.00184211 0.06632253
v 0.15166667 -0.00184211 0.06632253
v 0.17500000 -0.00184211 0.06632253
v -0.17500000 0.00184211 0.06367747
v -0.15166667 0.00184211 0.06367747
v -0.12833333 0.00184211 0.06367747
v -0.10500000 0.00184211 0.06367747
v -0.08166667 0.00184211 0.06367747
v -0.05833333 0.00184211 0.06367747
v -0.03500000 0.00184211 0.06367747
v -0.01166667 0.00184211 0.06367747
v 0.01166667 0.00184211 0.06367747
v 0.03500000 0.00184211 0.06367747
v 0.05833333 0.00184211 0.06367747
v 0.08166667 0.00184211 0.06367747
v 0.10500000 0.00184211 0.06367747
v 0.12833333 0.00184211 0.06367747
v 0.15166667 0.00184211 0.06367747
v 0.17500000 0.00184211 0.06367747
v -0.17500000 0.00552632 0.06103818
v -0.15166667 0.00552632 0.06103818
v -0.12833333 0.00552632 0.06103818
v -0.10500000 0.00552632 0.06103818
v -0.08166667 0.00552632 0.06103818
v -0.05833333 0.00552632 0.06103818
v -0.03500000 0.00552632 0.06103818
v -0.01166667 0.00552632 0.06103818
v 0.01166667 0.00552632 0.06103818
v 0.03500000 0.00552632 0.06103818
v 0.05833333 0.00552632 0.06103818
v 0.08166667 0.00552632 0.06103818
v 0.10500000 0.00552632 0.06103818
v 0.12833333 0.00552632 0.06103818
v 0.15166667 0.00552632 0.06103818
v 0.17500000 0.00552632 0.06103818
v -0.17500000 0.00921053 0.05841622
v -0.15166667 0.00921053 0.05841622
v -0.12833333 0.00921053 0.05841622
v -0.10500000 0.00921053 0.05841622
v -0.08166667 0.00921053 0.05841622
v -0.05833333 0.00921053 0.05841622
v -0.03500000 0.00921053 0.05841622
v -0.01166667 0.00921053 0.05841622
v 0.01166667 0.00921053 0.05841622
v 0.03500000 0.00921053 0.05841622
v 0.05833333 0.00921053 0.05841622
v 0.08166667 0.00921053 0.05841622
v 0.10500000 0.00921053 0.05841622
v 0.12833333 0.00921053 0.05841622
v 0.15166667 0.00921053 0.05841622
v 0.17500000 0.00921053 0.05841622
v -0.17500000 0.01289474 0.05582304
v -0.15166667 0.01289474 0.05582304
v -0.12833333 0.01289474 0.05582304
v -0.10500000 0.01289474 0.05582304
v -0.08166667 0.01289474 0.05582304
v -0.05833333 0.01289474 0.05582304
v -0.03500000 0.01289474 0.05582304
v -0.01166667 0.01289474 0.05582304
v 0.01166667 0.01289474 0.05582304
v 0.03500000 0.01289474 0.05582304
v 0.05833333 0.01289474 0.05582304
v 0.08166667 0.01289474 0.05582304
v 0.10500000 0.01289474 0.05582304
v 0.12833333 0.01289474 0.05582304
v 0.15166667 0.01289474 0.05582304
v 0.17500000 0.01289474 0.05582304
v -0.17500000 0.01657895 0.05327000
v -0.15166667 0.01657895 0.05327000
v -0.12833333 0.01657895 0.05327000
v -0.10500000 0.01657895 0.05327000
v -0.08166667 0.01657895 0.05327000
v -0.05833333 0.01657895 0.05327000
v -0.03500000 0.01657895 0.05327000
v -0.01166667 0.01657895 0.05327000
v 0.01166667 0.01657895 0.05327000
v 0.03500000 0.01657895 0.05327000
v 0.05833333 0.01657895 0.05327000
v 0.08166667 0.01657895 0.05327000
v 0.10500000 0.01657895 0.05327000
v 0.12833333 0.01657895 0.05327000
v 0.15166667 0.01657895 0.05327000
v 0.17500000 0.01657895 0.05327000
v -0.17500000 0.02026316 0.05076825
v -0.15166667 0.02026316 0.05076825
v -0.12833333 0.02026316 0.05076825
v -0.10500000 0.02026316 0.05076825
v -0.08166667 0.02026316 0.05076825
v -0.05833333 0.02026316 0.05076825
v -0.03500000 0.02026316 0.05076825
v -0.01166667 0.02026316 0.05076825
v 0.01166667 0.02026316 0.05076825
v 0.03500000 0.02026316 0.05076825
v 0.05833333 0.02026316 0.05076825
v 0.08166667 0.02026316 0.05076825
v 0.10500000 0.02026316 0.05076825
v 0.12833333 0.02026316 0.05076825
v 0.15166667 0.02026316 0.05076825
v 0.17500000 0.02026316 0.05076825
v -0.17500000 0.02394737 0.04832873
v -0.15166667 0.02394737 0.04832873
v -0.12833333 0.02394737 0.04832873
v -0.10500000 0.02394737 0.04832873
v -0.08166667 0.02394737 0.04832873
v -0.05833333 0.02394737 0.04832873
v -0.03500000 0.02394737 0.04832873
v -0.01166667 0.02394737 0.04832873
v 0.01166667 0.02394737 0.04832873
v 0.03500000 0.02394737 0.04832873
v 0.05833333 0.02394737 0.04832873
v 0.08166667 0.02394737 0.04832873
v 0.10500000 0.02394737 0.04832873
v 0.12833333 0.02394737 0.04832873
v 0.15166667 0.02394737 0.04832873
v 0.17500000 0.02394737 0.04832873
v -0.17500000 0.02763158 0.04596210
v -0.15166667 0.02763158 0.04596210
v -0.12833333 0.02763158 0.04596210
v -0.10500000 0.02763158 0.04596210
v -0.08166667 0.02763158 0.04596210
v -0.05833333 0.02763158 0.04596210
v -0.03500000 0.02763158 0.04596210
v -0.01166667 0.02763158 0.04596210
v 0.01166667 0.02763158 0.04596210
v 0.03500000 0.02763158 0.04596210
v 0.05833333 0.02763158 0.04596210
v 0.08166667 0.02763158 0.04596210
v 0.10500000 0.02763158 0.04596210
v 0.12833333 0.02763158 0.04596210
v 0.15166667 0.02763158 0.04596210
v 0.17500000 0.02763158 0.04596210
v -0.17500000 0.03131579 0.04367873
v -0.15166667 0.03131579 0.04367873
v -0.12833333 0.03131579 0.04367873
v -0.10500000 0.03131579 0.04367873
v -0.08166667 0.03131579 0.04367873
v -0.05833333 0.03131579 0.04367873
v -0.03500000 0.03131579 0.04367873
v -0.01166667 0.03131579 0.04367873
v 0.01166667 0.03131579 0.04367873
v 0.03500000 0.03131579 0.04367873
v 0.05833333 0.03131579 0.04367873
v 0.08166667 0.03131579 0.04367873
v 0.10500000 0.03131579 0.04367873
v 0.12833333 0.03131579 0.04367873
v 0.15166667 0.03131579 0.04367873
v 0.17500000 0.03131579 0.04367873
v -0.17500000 0.03500000 0.04148859
v -0.15166667 0.03500000 0.04148859
v -0.12833333 0.03500000 0.04148859
v -0.10500000 0.03500000 0.04148859
v -0.08166667 0.03500000 0.04148859
v -0.05833333 0.03500000 0.04148859
v -0.03500000 0.03500000 0.04148859
v -0.01166667 0.03500000 0.04148859
v 0.01166667 0.03500000 0.04148859
v 0.03500000 0.03500000 0.04148859
v 0.05833333 0.03500000 0.04148859
v 0.08166667 0.03500000 0.04148859
v 0.10500000 0.03500000 0.04148859
v 0.12833333 0.03500000 0.04148859
v 0.15166667 0.03500000 0.04148859
v 0.17500000 0.03500000 0.04148859
v -0.17500000 0.03868421 0.03940126
v -0.15166667 0.03868421 0.03940126
v -0.12833333 0.03868421 0.03940126
v -0.10500000 0.03868421 0.03940126
v -0.08166667 0.03868421 0.03940126
v -0.05833333 0.03868421 0.03940126
v -0.03500000 0.03868421 0.03940126
v -0.01166667 0.03868421 0.03940126
v 0.01166667 0.03868421 0.03940126
v 0.03500000 0.03868421 0.03940126
v 0.05833333 0.03868421 0.03940126
v 0.08166667 0.03868421 0.03940126
v 0.10500000 0.03868421 0.03940126
v 0.12833333 0.03868421 0.03940126
v 0.15166667 0.03868421 0.03940126
v 0.17500000 0.03868421 0.03940126
v -0.17500000 0.04236842 0.03742586
v -0.15166667 0.04236842 0.03742586
v -0.12833333 0.04236842 0.03742586
v -0.10500000 0.04236842 0.03742586
v -0.08166667 0.04236842 0.03742586
v -0.05833333 0.04236842 0.03742586
v -0.03500000 0.04236842 0.03742586
v -0.01166667 0.04236842 0.03742586
v 0.01166667 0.04236842 0.03742586
v 0.03500000 0.04236842 0.03742586
v 0.05833333 0.04236842 0.03742586
v 0.08166667 0.04236842 0.03742586
v 0.10500000 0.04236842 0.03742586
v 0.12833333 0.04236842 0.03742586
v 0.15166667 0.04236842 0.03742586
v 0.17500000 0.04236842 0.03742586
v -0.17500000 0.04605263 0.03557104
v -0.15166667 0.04605263 0.03557104
v -0.12833333 0.04605263 0.03557104
v -0.10500000 0.04605263 0.03557104
v -0.08166667 0.04605263 0.03557104
v -0.05833333 0.04605263 0.03557104
v -0.03500000 0.04605263 0.03557104
v -0.01166667 0.04605263 0.03557104
v 0.01166667 0.04605263 0.03557104
v 0.03500000 0.04605263 0.03557104
v 0.05833333 0.04605263 0.03557104
v 0.08166667 0.04605263 0.03557104
v 0.10500000 0.04605263 0.03557104
v 0.12833333 0.04605263 0.03557104
v 0.15166667 0.04605263 0.03557104
v 0.17500000 0.04605263 0.03557104
v -0.17500000 0.04973684 0.03384491
v -0.15166667 0.04973684 0.03384491
v -0.12833333 0.04973684 0.03384491
v -0.10500000 0.04973684 0.03384491
v -0.08166667 0.04973684 0.03384491
v -0.05833333 0.04973684 0.03384491
v -0.03500000 0.04973684 0.03384491
v -0.01166667 0.04973684 0.03384491
v 0.01166667 0.04973684 0.03384491
v 0.03500000 0.04973684 0.03384491
v 0.05833333 0.04973684 0.03384491
v 0.08166667 0.04973684 0.03384491
v 0.10500000 0.04973684 0.03384491
v 0.12833333 0.04973684 0.03384491
v 0.15166667 0.04973684 0.03384491
v 0.17500000 0.04973684 0.03384491
v -0.17500000 0.05342105 0.03225501
v -0.15166667 0.05342105 0.03225501
v -0.12833333 0.05342105 0.03225501
v -0.10500000 0.05342105 0.03225501
v -0.08166667 0.05342105 0.03225501
v -0.05833333 0.05342105 0.03225501
v -0.03500000 0.05342105 0.03225501
v -0.01166667 0.05342105 0.03225501
v 0.01166667 0.05342105 0.03225501
v 0.03500000 0.05342105 0.03225501
v 0.05833333 0.05342105 0.03225501
v 0.08166667 0.05342105 0.03225501
v 0.10500000 0.05342105 0.03225501
v 0.12833333 0.05342105 0.03225501
v 0.15166667 0.05342105 0.03225501
v 0.17500000 0.05342105 0.03225501
v -0.17500000 0.05710526 0.03080829
v -0.15166667 0.05710526 0.03080829
v -0.12833333 0.05710526 0.03080829
v -0.10500000 0.05710526 0.03080829
v -0.08166667 0.05710526 0.03080829
v -0.05833333 0.05710526 0.03080829
v -0.03500000 0.05710526 0.03080829
v -0.01166667 0.05710526 0.03080829
v 0.01166667 0.05710526 0.03080829
v 0.03500000 0.05710526 0.03080829
v 0.05833333 0.05710526 0.03080829
v 0.08166667 0.05710526 0.03080829
v 0.10500000 0.05710526 0.03080829
v 0.12833333 0.05710526 0.03080829
v 0.15166667 0.05710526 0.03080829
v 0.17500000 0.05710526 0.03080829
v -0.17500000 0.06078947 0.02951109
v -0.15166667 0.06078947 0.02951109
v -0.12833333 0.06078947 0.02951109
v -0.10500000 0.06078947 0.02951109
v -0.08166667 0.06078947 0.02951109
v -0.05833333 0.06078947 0.02951109
v -0.03500000 0.06078947 0.02951109
v -0.01166667 0.06078947 0.02951109
v 0.01166667 0.06078947 0.02951109
v 0.03500000 0.06078947 0.02951109
v 0.05833333 0.06078947 0.02951109
v 0.08166667 0.06078947 0.02951109
v 0.10500000 0.06078947 0.02951109
v 0.12833333 0.06078947 0.02951109
v 0.15166667 0.06078947 0.02951109
v 0.17500000 0.06078947 0.02951109
v -0.17500000 0.06447368 0.02836907
v -0.15166667 0.06447368 0.02836907
v -0.12833333 0.06447368 0.02836907
v -0.10500000 0.06447368 0.02836907
v -0.08166667 0.06447368 0.02836907
v -0.05833333 0.06447368 0.02836907
v -0.03500000 0.06447368 0.02836907
v -0.01166667 0.06447368 0.02836907
v 0.01166667 0.06447368 0.02836907
v 0.03500000 0.06447368 0.02836907
v 0.05833333 0.06447368 0.02836907
v 0.08166667 0.06447368 0.02836907
v 0.10500000 0.06447368 0.02836907
v 0.12833333 0.06447368 0.02836907
v 0.15166667 0.06447368 0.02836907
v 0.17500000 0.06447368 0.02836907
v -0.17500000 0.06815789 0.02738722
v -0.15166667 0.06815789 0.02738722
v -0.12833333 0.06815789 0.02738722
v -0.10500000 0.06815789 0.02738722
v -0.08166667 0.06815789 0.02738722
v -0.05833333 0.06815789 0.02738722
v -0.03500000 0.06815789 0.02738722
v -0.01166667 0.06815789 0.02738722
v 0.01166667 0.06815789 0.02738722
v 0.03500000 0.06815789 0.02738722
v 0.05833333 0.06815789 0.02738722
v 0.08166667 0.06815789 0.02738722
v 0.10500000 0.06815789 0.02738722
v 0.12833333 0.06815789 0.02738722
v 0.15166667 0.06815789 0.02738722
v 0.17500000 0.06815789 0.02738722
v -0.17500000 0.07184211 0.02656985
v -0.15166667 0.07184211 0.02656985
v -0.12833333 0.07184211 0.02656985
v -0.10500000 0.07184211 0.02656985
v -0.08166667 0.07184211 0.02656985
v -0.05833333 0.07184211 0.02656985
v -0.03500000 0.07184211 0.02656985
v -0.01166667 0.07184211 0.02656985
v 0.01166667 0.07184211 0.02656985
v 0.03500000 0.07184211 0.02656985
v 0.05833333 0.07184211 0.02656985
v 0.08166667 0.07184211 0.02656985
v 0.10500000 0.07184211 0.02656985
v 0.12833333 0.07184211 0.02656985
v 0.15166667 0.07184211 0.02656985
v 0.17500000 0.07184211 0.02656985
v -0.17500000 0.07552632 0.02592053
v -0.15166667 0.07552632 0.02592053
v -0.12833333 0.07552632 0.02592053
v -0.10500000 0.07552632 0.02592053
v -0.08166667 0.07552632 0.02592053
v -0.05833333 0.07552632 0.02592053
v -0.03500000 0.07552632 0.02592053
v -0.01166667 0.07552632 0.02592053
v 0.01166667 0.07552632 0.02592053
v 0.03500000 0.07552632 0.02592053
v 0.05833333 0.07552632 0.02592053
v 0.08166667 0.07552632 0.02592053
v 0.10500000 0.07552632 0.02592053
v 0.12833333 0.07552632 0.02592053
v 0.15166667 0.07552632 0.02592053
v 0.17500000 0.07552632 0.02592053
v -0.17500000 0.07921053 0.02544209
v -0.15166667 0.07921053 0.02544209
v -0.12833333 0.07921053 0.02544209
v -0.10500000 0.07921053 0.02544209
v -0.08166667 0.07921053 0.02544209
v -0.05833333 0.07921053 0.02544209
v -0.03500000 0.07921053 0.02544209
v -0.01166667 0.07921053 0.02544209
v 0.01166667 0.07921053 0.02544209
v 0.03500000 0.07921053 0.02544209
v 0.05833333 0.07921053 0.02544209
v 0.08166667 0.07921053 0.02544209
v 0.10500000 0.07921053 0.02544209
v 0.12833333 0.07921053 0.02544209
v 0.15166667 0.07921053 0.02544209
v 0.17500000 0.07921053 0.02544209
v -0.17500000 0.08289474 0.02513662
v -0.15166667 0.08289474 0.02513662
v -0.12833333 0.08289474 0.02513662
v -0.10500000 0.08289474 0.02513662
v -0.08166667 0.08289474 0.02513662
v -0.05833333 0.08289474 0.02513662
v -0.03500000 0.08289474 0.02513662
v -0.01166667 0.08289474 0.02513662
v 0.01166667 0.08289474 0.02513662
v 0.03500000 0.08289474 0.02513662
v 0.05833333 0.08289474 0.02513662
v 0.08166667 0.08289474 0.02513662
v 0.10500000 0.08289474 0.02513662
v 0.12833333 0.08289474 0.02513662
v 0.15166667 0.08289474 0.02513662
v 0.17500000 0.08289474 0.02513662
v -0.17500000 0.08657895 0.02500547
v -0.15166667 0.08657895 0.02500547
v -0.12833333 0.08657895 0.02500547
v -0.10500000 0.08657895 0.02500547
v -0.08166667 0.08657895 0.02500547
v -0.05833333 0.08657895 0.02500547
v -0.03500000 0.08657895 0.02500547
v -0.01166667 0.08657895 0.02500547
v 0.01166667 0.08657895 0.02500547
v 0.03500000 0.08657895 0.02500547
v 0.05833333 0.08657895 0.02500547
v 0.08166667 0.08657895 0.02500547
v 0.10500000 0.08657895 0.02500547
v 0.12833333 0.08657895 0.02500547
v 0.15166667 0.08657895 0.02500547
v 0.17500000 0.08657895 0.02500547
v -0.17500000 0.09026316 0.02504920
v -0.15166667 0.09026316 0.02504920
v -0.12833333 0.09026316 0.02504920
v -0.10500000 0.09026316 0.02504920
v -0.08166667 0.09026316 0.02504920
v -0.05833333 0.09026316 0.02504920
v -0.03500000 0.09026316 0.02504920
v -0.01166667 0.09026316 0.02504920
v 0.01166667 0.09026316 0.02504920
v 0.03500000 0.09026316 0.02504920
v 0.05833333 0.09026316 0.02504920
v 0.08166667 0.09026316 0.02504920
v 0.10500000 0.09026316 0.02504920
v 0.12833333 0.09026316 0.02504920
v 0.15166667 0.09026316 0.02504920
v 0.17500000 0.09026316 0.02504920
v -0.17500000 0.09394737 0.02526763
v -0.15166667 0.09394737 0.02526763
v -0.12833333 0.09394737 0.02526763
v -0.10500000 0.09394737 0.02526763
v -0.08166667 0.09394737 0.02526763
v -0.05833333 0.09394737 0.02526763
v -0.03500000 0.09394737 0.02526763
v -0.01166667 0.09394737 0.02526763
v 0.01166667 0.09394737 0.02526763
v 0.03500000 0.09394737 0.02526763
v 0.05833333 0.09394737 0.02526763
v 0.08166667 0.09394737 0.02526763
v 0.10500000 0.09394737 0.02526763
v 0.12833333 0.09394737 0.02526763
v 0.15166667 0.09394737 0.02526763
v 0.17500000 0.09394737 0.02526763
v -0.17500000 0.09763158 0.02565980
v -0.15166667 0.09763158 0.02565980
v -0.12833333 0.09763158 0.02565980
v -0.10500000 0.09763158 0.02565980
v -0.08166667 0.09763158 0.02565980
v -0.05833333 0.09763158 0.02565980
v -0.03500000 0.09763158 0.02565980
v -0.01166667 0.09763158 0.02565980
v 0.01166667 0.09763158 0.02565980
v 0.03500000 0.09763158 0.02565980
v 0.05833333 0.09763158 0.02565980
v 0.08166667 0.09763158 0.02565980
v 0.10500000 0.09763158 0.02565980
v 0.12833333 0.09763158 0.02565980
v 0.15166667 0.09763158 0.02565980
v 0.17500000 0.09763158 0.02565980
v -0.17500000 0.10131579 0.02622399
v -0.15166667 0.10131579 0.02622399
v -0.12833333 0.10131579 0.02622399
v -0.10500000 0.10131579 0.02622399
v -0.08166667 0.10131579 0.02622399
v -0.05833333 0.10131579 0.02622399
v -0.03500000 0.10131579 0.02622399
v -0.01166667 0.10131579 0.02622399
v 0.01166667 0.10131579 0.02622399
v 0.03500000 0.10131579 0.02622399
v 0.05833333 0.10131579 0.02622399
v 0.08166667 0.10131579 0.02622399
v 0.10500000 0.10131579 0.02622399
v 0.12833333 0.10131579 0.02622399
v 0.15166667 0.10131579 0.02622399
v 0.17500000 0.10131579 0.02622399
v -0.17500000 0.10500000 0.02695774
v -0.15166667 0.10500000 0.02695774
v -0.12833333 0.10500000 0.02695774
v -0.10500000 0.10500000 0.02695774
v -0.08166667 0.10500000 0.02695774
v -0.05833333 0.10500000 0.02695774
v -0.03500000 0.10500000 0.02695774
v -0.01166667 0.10500000 0.02695774
v 0.01166667 0.10500000 0.02695774
v 0.03500000 0.10500000 0.02695774
v 0.05833333 0.10500000 0.02695774
v 0.08166667 0.10500000 0.02695774
v 0.10500000 0.10500000 0.02695774
v 0.12833333 0.10500000 0.02695774
v 0.15166667 0.10500000 0.02695774
v 0.17500000 0.10500000 0.02695774
v -0.17500000 0.10868421 0.02785784
v -0.15166667 0.10868421 0.02785784
v -0.12833333 0.10868421 0.02785784
v -0.10500000 0.10868421 0.02785784
v -0.08166667 0.10868421 0.02785784
v -0.05833333 0.10868421 0.02785784
v -0.03500000 0.10868421 0.02785784
v -0.01166667 0.10868421 0.02785784
v 0.01166667 0.10868421 0.02785784
v 0.03500000 0.10868421 0.02785784
v 0.05833333 0.10868421 0.02785784
v 0.08166667 0.10868421 0.02785784
v 0.10500000 0.10868421 0.02785784
v 0.12833333 0.10868421 0.02785784
v 0.15166667 0.10868421 0.02785784
v 0.17500000 0.10868421 0.02785784
v -0.17500000 0.11236842 0.02892035
v -0.15166667 0.11236842 0.02892035
v -0.12833333 0.11236842 0.02892035
v -0.10500000 0.11236842 0.02892035
v -0.08166667 0.11236842 0.02892035
v -0.05833333 0.11236842 0.02892035
v -0.03500000 0.11236842 0.02892035
v -0.01166667 0.11236842 0.02892035
v 0.01166667 0.11236842 0.02892035
v 0.03500000 0.11236842 0.02892035
v 0.05833333 0.11236842 0.02892035
v 0.08166667 0.11236842 0.02892035
v 0.10500000 0.11236842 0.02892035
v 0.12833333 0.11236842 0.02892035
v 0.15166667 0.11236842 0.02892035
v 0.17500000 0.11236842 0.02892035
v -0.17500000 0.11605263 0.03014063
v -0.15166667 0.11605263 0.03014063
v -0.12833333 0.11605263 0.03014063
v -0.10500000 0.11605263 0.03014063
v -0.08166667 0.11605263 0.03014063
v -0.05833333 0.11605263 0.03014063
v -0.03500000 0.11605263 0.03014063
v -0.01166667 0.11605263 0.03014063
v 0.01166667 0.11605263 0.03014063
v 0.03500000 0.11605263 0.03014063
v 0.05833333 0.11605263 0.03014063
v 0.08166667 0.11605263 0.03014063
v 0.10500000 0.11605263 0.03014063
v 0.12833333 0.11605263 0.03014063
v 0.15166667 0.11605263 0.03014063
v 0.17500000 0.11605263 0.03014063
v -0.17500000 0.11973684 0.03151334
v -0.15166667 0.11973684 0.03151334
v -0.12833333 0.11973684 0.03151334
v -0.10500000 0.11973684 0.03151334
v -0.08166667 0.11973684 0.03151334
v -0.05833333 0.11973684 0.03151334
v -0.03500000 0.11973684 0.03151334
v -0.01166667 0.11973684 0.03151334
v 0.01166667 0.11973684 0.03151334
v 0.03500000 0.11973684 0.03151334
v 0.05833333 0.11973684 0.03151334
v 0.08166667 0.11973684 0.03151334
v 0.10500000 0.11973684 0.03151334
v 0.12833333 0.11973684 0.03151334
v 0.15166667 0.11973684 0.03151334
v 0.17500000 0.11973684 0.03151334
v -0.17500000 0.12342105 0.03303248
v -0.15166667 0.12342105 0.03303248
v -0.12833333 0.12342105 0.03303248
v -0.10500000 0.12342105 0.03303248
v -0.08166667 0.12342105 0.03303248
v -0.05833333 0.12342105 0.03303248
v -0.03500000 0.12342105 0.03303248
v -0.01166667 0.12342105 0.03303248
v 0.01166667 0.12342105 0.03303248
v 0.03500000 0.12342105 0.03303248
v 0.05833333 0.12342105 0.03303248
v 0.08166667 0.12342105 0.03303248
v 0.10500000 0.12342105 0.03303248
v 0.12833333 0.12342105 0.03303248
v 0.15166667 0.12342105 0.03303248
v 0.17500000 0.12342105 0.03303248
v -0.17500000 0.12710526 0.03469141
v -0.15166667 0.12710526 0.03469141
v -0.12833333 0.12710526 0.03469141
v -0.10500000 0.12710526 0.03469141
v -0.08166667 0.12710526 0.03469141
v -0.05833333 0.12710526 0.03469141
v -0.03500000 0.12710526 0.03469141
v -0.01166667 0.12710526 0.03469141
v 0.01166667 0.12710526 0.03469141
v 0.03500000 0.12710526 0.03469141
v 0.05833333 0.12710526 0.03469141
v 0.08166667 0.12710526 0.03469141
v 0.10500000 0.12710526 0.03469141
v 0.12833333 0.12710526 0.03469141
v 0.15166667 0.12710526 0.03469141
v 0.17500000 0.12710526 0.03469141
v -0.17500000 0.13078947 0.03648286
v -0.15166667 0.13078947 0.03648286
v -0.12833333 0.13078947 0.03648286
v -0.10500000 0.13078947 0.03648286
v -0.08166667 0.13078947 0.03648286
v -0.05833333 0.13078947 0.03648286
v -0.03500000 0.13078947 0.03648286
v -0.01166667 0.13078947 0.03648286
v 0.01166667 0.13078947 0.03648286
v 0.03500000 0.13078947 0.03648286
v 0.05833333 0.13078947 0.03648286
v 0.08166667 0.13078947 0.03648286
v 0.10500000 0.13078947 0.03648286
v 0.12833333 0.13078947 0.03648286
v 0.15166667 0.13078947 0.03648286
v 0.17500000 0.13078947 0.03648286
v -0.17500000 0.13447368 0.03839902
v -0.15166667 0.13447368 0.03839902
v -0.12833333 0.13447368 0.03839902
v -0.10500000 0.13447368 0.03839902
v -0.08166667 0.13447368 0.03839902
v -0.05833333 0.13447368 0.03839902
v -0.03500000 0.13447368 0.03839902
v -0.01166667 0.13447368 0.03839902
v 0.01166667 0.13447368 0.03839902
v 0.03500000 0.13447368 0.03839902
v 0.05833333 0.13447368 0.03839902
v 0.08166667 0.13447368 0.03839902
v 0.10500000 0.13447368 0.03839902
v 0.12833333 0.13447368 0.03839902
v 0.15166667 0.13447368 0.03839902
v 0.17500000 0.13447368 0.03839902
v -0.17500000 0.13815789 0.04043149
v -0.15166667 0.13815789 0.04043149
v -0.12833333 0.13815789 0.04043149
v -0.10500000 0.13815789 0.04043149
v -0.08166667 0.13815789 0.04043149
v -0.05833333 0.13815789 0.04043149
v -0.03500000 0.13815789 0.04043149
v -0.01166667 0.13815789 0.04043149
v 0.01166667 0.13815789 0.04043149
v 0.03500000 0.13815789 0.04043149
v 0.05833333 0.13815789 0.04043149
v 0.08166667 0.13815789 0.04043149
v 0.10500000 0.13815789 0.04043149
v 0.12833333 0.13815789 0.04043149
v 0.15166667 0.13815789 0.04043149
v 0.17500000 0.13815789 0.04043149
v -0.17500000 0.14184211 0.04257140
v -0.15166667 0.14184211 0.04257140
v -0.12833333 0.14184211 0.04257140
v -0.10500000 0.14184211 0.04257140
v -0.08166667 0.14184211 0.04257140
v -0.05833333 0.14184211 0.04257140
v -0.03500000 0.14184211 0.04257140
v -0.01166667 0.14184211 0.04257140
v 0.01166667 0.14184211 0.04257140
v 0.03500000 0.14184211 0.04257140
v 0.05833333 0.14184211 0.04257140
v 0.08166667 0.14184211 0.04257140
v 0.10500000 0.14184211 0.04257140
v 0.12833333 0.14184211 0.04257140
v 0.15166667 0.14184211 0.04257140
v 0.17500000 0.14184211 0.04257140
v -0.17500000 0.14552632 0.04480938
v -0.15166667 0.14552632 0.04480938
v -0.12833333 0.14552632 0.04480938
v -0.10500000 0.14552632 0.04480938
v -0.08166667 0.14552632 0.04480938
v -0.05833333 0.14552632 0.04480938
v -0.03500000 0.14552632 0.04480938
v -0.01166667 0.14552632 0.04480938
v 0.01166667 0.14552632 0.04480938
v 0.03500000 0.14552632 0.04480938
v 0.05833333 0.14552632 0.04480938
v 0.08166667 0.14552632 0.04480938
v 0.10500000 0.14552632 0.04480938
v 0.12833333 0.14552632 0.04480938
v 0.15166667 0.14552632 0.04480938
v 0.17500000 0.14552632 0.04480938
v -0.17500000 0.14921053 0.04713565
v -0.15166667 0.14921053 0.04713565
v -0.12833333 0.14921053 0.04713565
v -0.10500000 0.14921053 0.04713565
v -0.08166667 0.14921053 0.04713565
v -0.05833333 0.14921053 0.04713565
v -0.03500000 0.14921053 0.04713565
v -0.01166667 0.14921053 0.04713565
v 0.01166667 0.14921053 0.04713565
v 0.03500000 0.14921053 0.04713565
v 0.05833333 0.14921053 0.04713565
v 0.08166667 0.14921053 0.04713565
v 0.10500000 0.14921053 0.04713565
v 0.12833333 0.14921053 0.04713565
v 0.15166667 0.14921053 0.04713565
v 0.17500000 0.14921053 0.04713565
v -0.17500000 0.15289474 0.04954003
v -0.15166667 0.15289474 0.04954003
v -0.12833333 0.15289474 0.04954003
v -0.10500000 0.15289474 0.04954003
v -0.08166667 0.15289474 0.04954003
v -0.05833333 0.15289474 0.04954003
v -0.03500000 0.15289474 0.04954003
v -0.01166667 0.15289474 0.04954003
v 0.01166667 0.15289474 0.04954003
v 0.03500000 0.15289474 0.04954003
v 0.05833333 0.15289474 0.04954003
v 0.08166667 0.15289474 0.04954003
v 0.10500000 0.15289474 0.04954003
v 0.12833333 0.15289474 0.04954003
v 0.15166667 0.15289474 0.04954003
v 0.17500000 0.15289474 0.04954003
v -0.17500000 0.15657895 0.05201202
v -0.15166667 0.15657895 0.05201202
v -0.12833333 0.15657895 0.05201202
v -0.10500000 0.15657895 0.05201202
v -0.08166667 0.15657895 0.05201202
v -0.05833333 0.15657895 0.05201202
v -0.03500000 0.15657895 0.05201202
v -0.01166667 0.15657895 0.05201202
v 0.01166667 0.15657895 0.05201202
v 0.03500000 0.15657895 0.05201202
v 0.05833333 0.15657895 0.05201202
v 0.08166667 0.15657895 0.05201202
v 0.10500000 0.15657895 0.05201202
v 0.12833333 0.15657895 0.05201202
v 0.15166667 0.15657895 0.05201202
v 0.17500000 0.15657895 0.05201202
v -0.17500000 0.16026316 0.05454080
v -0.15166667 0.16026316 0.05454080
v -0.12833333 0.16026316 0.05454080
v -0.10500000 0.16026316 0.05454080
v -0.08166667 0.16026316 0.05454080
v -0.05833333 0.16026316 0.05454080
v -0.03500000 0.16026316 0.05454080
v -0.01166667 0.16026316 0.05454080
v 0.01166667 0.16026316 0.05454080
v 0.03500000 0.16026316 0.05454080
v 0.05833333 0.16026316 0.05454080
v 0.08166667 0.16026316 0.05454080
v 0.10500000 0.16026316 0.05454080
v 0.12833333 0.16026316 0.05454080
v 0.15166667 0.16026316 0.05454080
v 0.17500000 0.16026316 0.05454080
v -0.17500000 0.16394737 0.05711532
v -0.15166667 0.16394737 0.05711532
v -0.12833333 0.16394737 0.05711532
v -0.10500000 0.16394737 0.05711532
v -0.08166667 0.16394737 0.05711532
v -0.05833333 0.16394737 0.05711532
v -0.03500000 0.16394737 0.05711532
v -0.01166667 0.16394737 0.05711532
v 0.01166667 0.16394737 0.05711532
v 0.03500000 0.16394737 0.05711532
v 0.05833333 0.16394737 0.05711532
v 0.08166667 0.16394737 0.05711532
v 0.10500000 0.16394737 0.05711532
v 0.12833333 0.16394737 0.05711532
v 0.15166667 0.16394737 0.05711532
v 0.17500000 0.16394737 0.05711532
v -0.17500000 0.16763158 0.05972431
v -0.15166667 0.16763158 0.05972431
v -0.12833333 0.16763158 0.05972431
v -0.10500000 0.16763158 0.05972431
v -0.08166667 0.16763158 0.05972431
v -0.05833333 0.16763158 0.05972431
v -0.03500000 0.16763158 0.05972431
v -0.01166667 0.16763158 0.05972431
v 0.01166667 0.16763158 0.05972431
v 0.03500000 0.16763158 0.05972431
v 0.05833333 0.16763158 0.05972431
v 0.08166667 0.16763158 0.05972431
v 0.10500000 0.16763158 0.05972431
v 0.12833333 0.16763158 0.05972431
v 0.15166667 0.16763158 0.05972431
v 0.17500000 0.16763158 0.05972431
v -0.17500000 0.17131579 0.06235638
v -0.15166667 0.17131579 0.06235638
v -0.12833333 0.17131579 0.06235638
v -0.10500000 0.17131579 0.06235638
v -0.08166667 0.17131579 0.06235638
v -0.05833333 0.17131579 0.06235638
v -0.03500000 0.17131579 0.06235638
v -0.01166667 0.17131579 0.06235638
v 0.01166667 0.17131579 0.06235638
v 0.03500000 0.17131579 0.06235638
v 0.05833333 0.17131579 0.06235638
v 0.08166667 0.17131579 0.06235638
v 0.10500000 0.17131579 0.06235638
v 0.12833333 0.17131579 0.06235638
v 0.15166667 0.17131579 0.06235638
v 0.17500000 0.17131579 0.06235638
v -0.17500000 0.17500000 0.06500000
v -0.15166667 0.17500000 0.06500000
v -0.12833333 0.17500000 0.06500000
v -0.10500000 0.17500000 0.06500000
v -0.08166667 0.17500000 0.06500000
v -0.05833333 0.17500000 0.06500000
v -0.03500000 0.17500000 0.06500000
v -0.01166667 0.17500000 0.06500000
v 0.01166667 0.17500000 0.06500000
v 0.03500000 0.17500000 0.06500000
v 0.05833333 0.17500000 0.06500000
v 0.08166667 0.17500000 0.06500000
v 0.10500000 0.17500000 0.06500000
v 0.12833333 0.17500000 0.06500000
v 0.15166667 0.17500000 0.06500000
v 0.17500000 0.17500000 0.06500000
v -0.17500000 -0.17500000 0.00000000
v -0.15166667 -0.17500000 0.00000000
v -0.12833333 -0.17500000 0.00000000
v -0.10500000 -0.17500000 0.00000000
v -0.08166667 -0.17500000 0.00000000
v -0.05833333 -0.17500000 0.00000000
v -0.03500000 -0.17500000 0.00000000
v -0.01166667 -0.17500000 0.00000000
v 0.01166667 -0.17500000 0.00000000
v 0.03500000 -0.17500000 0.00000000
v 0.05833333 -0.17500000 0.00000000
v 0.08166667 -0.17500000 0.00000000
v 0.10500000 -0.17500000 0.00000000
v 0.12833333 -0.17500000 0.00000000
v 0.15166667 -0.17500000 0.00000000
v 0.17500000 -0.17500000 0.00000000
v -0.17500000 -0.17131579 0.00000000
v -0.15166667 -0.17131579 0.00000000
v -0.12833333 -0.17131579 0.00000000
v -0.10500000 -0.17131579 0.00000000
v -0.08166667 -0.17131579 0.00000000
v -0.05833333 -0.17131579 0.00000000
v -0.03500000 -0.17131579 0.00000000
v -0.01166667 -0.17131579 0.00000000
v 0.01166667 -0.17131579 0.00000000
v 0.03500000 -0.17131579 0.00000000
v 0.05833333 -0.17131579 0.00000000
v 0.08166667 -0.17131579 0.00000000
v 0.10500000 -0.17131579 0.00000000
v 0.12833333 -0.17131579 0.00000000
v 0.15166667 -0.17131579 0.00000000
v 0.17500000 -0.17131579 0.00000000
v -0.17500000 -0.16763158 0.00000000
v -0.15166667 -0.16763158 0.00000000
v -0.12833333 -0.16763158 0.00000000
v -0.10500000 -0.16763158 0.00000000
v -0.08166667 -0.16763158 0.00000000
v -0.05833333 -0.16763158 0.00000000
v -0.03500000 -0.16763158 0.00000000
v -0.01166667 -0.16763158 0.00000000
v 0.01166667 -0.16763158 0.00000000
v 0.03500000 -0.16763158 0.00000000
v 0.05833333 -0.16763158 0.00000000
v 0.08166667 -0.16763158 0.00000000
v 0.10500000 -0.16763158 0.00000000
v 0.12833333 -0.16763158 0.00000000
v 0.15166667 -0.16763158 0.00000000
v 0.17500000 -0.16763158 0.00000000
v -0.17500000 -0.16394737 0.00000000
v -0.15166667 -0.16394737 0.00000000
v -0.12833333 -0.16394737 0.00000000
v -0.10500000 -0.16394737 0.00000000
v -0.08166667 -0.16394737 0.00000000
v -0.05833333 -0.16394737 0.00000000
v -0.03500000 -0.16394737 0.00000000
v -0.01166667 -0.16394737 0.00000000
v 0.01166667 -0.16394737 0.00000000
v 0.03500000 -0.16394737 0.00000000
v 0.05833333 -0.16394737 0.00000000
v 0.08166667 -0.16394737 0.00000000
v 0.10500000 -0.16394737 0.00000000
v 0.12833333 -0.16394737 0.00000000
v 0.15166667 -0.16394737 0.00000000
v 0.17500000 -0.16394737 0.00000000
v -0.17500000 -0.16026316 0.00000000
v -0.15166667 -0.16026316 0.00000000
v -0.12833333 -0.16026316 0.00000000
v -0.10500000 -0.16026316 0.00000000
v -0.08166667 -0.16026316 0.00000000
v -0.05833333 -0.16026316 0.00000000
v -0.03500000 -0.16026316 0.00000000
v -0.01166667 -0.16026316 0.00000000
v 0.01166667 -0.16026316 0.00000000
v 0.03500000 -0.16026316 0.00000000
v 0.05833333 -0.16026316 0.00000000
v 0.08166667 -0.16026316 0.00000000
v 0.10500000 -0.16026316 0.00000000
v 0.12833333 -0.16026316 0.00000000
v 0.15166667 -0.16026316 0.00000000
v 0.17500000 -0.16026316 0.00000000
v -0.17500000 -0.15657895 0.00000000
v -0.15166667 -0.15657895 0.00000000
v -0.12833333 -0.15657895 0.00000000
v -0.10500000 -0.15657895 0.00000000
v -0.08166667 -0.15657895 0.00000000
v -0.05833333 -0.15657895 0.00000000
v -0.03500000 -0.15657895 0.00000000
v -0.01166667 -0.15657895 0.00000000
v 0.01166667 -0.15657895 0.00000000
v 0.03500000 -0.15657895 0.00000000
v 0.05833333 -0.15657895 0.00000000
v 0.08166667 -0.15657895 0.00000000
v 0.10500000 -0.15657895 0.00000000
v 0.12833333 -0.15657895 0.00000000
v 0.15166667 -0.15657895 0.00000000
v 0.17500000 -0.15657895 0.00000000
v -0.17500000 -0.15289474 0.00000000
v -0.15166667 -0.15289474 0.00000000
v -0.12833333 -0.15289474 0.00000000
v -0.10500000 -0.15289474 0.00000000
v -0.08166667 -0.15289474 0.00000000
v -0.05833333 -0.15289474 0.00000000
v -0.03500000 -0.15289474 0.00000000
v -0.01166667 -0.15289474 0.00000000
v 0.01166667 -0.15289474 0.00000000
v 0.03500000 -0.15289474 0.00000000
v 0.05833333 -0.15289474 0.00000000
v 0.08166667 -0.15289474 0.00000000
v 0.10500000 -0.15289474 0.00000000
v 0.12833333 -0.15289474 0.00000000
v 0.15166667 -0.15289474 0.00000000
v 0.17500000 -0.15289474 0.00000000
v -0.17500000 -0.14921053 0.00000000
v -0.15166667 -0.14921053 0.00000000
v -0.12833333 -0.14921053 0.00000000
v -0.10500000 -0.14921053 0.00000000
v -0.08166667 -0.14921053 0.00000000
v -0.05833333 -0.14921053 0.00000000
v -0.03500000 -0.14921053 0.00000000
v -0.01166667 -0.14921053 0.00000000
v 0.01166667 -0.14921053 0.00000000
v 0.03500000 -0.14921053 0.00000000
v 0.05833333 -0.14921053 0.00000000
v 0.08166667 -0.14921053 0.00000000
v 0.10500000 -0.14921053 0.00000000
v 0.12833333 -0.14921053 0.00000000
v 0.15166667 -0.14921053 0.00000000
v 0.17500000 -0.14921053 0.00000000
v -0.17500000 -0.14552632 0.00000000
v -0.15166667 -0.14552632 0.00000000
v -0.12833333 -0.14552632 0.00000000
v -0.10500000 -0.14552632 0.00000000
v -0.08166667 -0.14552632 0.00000000
v -0.05833333 -0.14552632 0.00000000
v -0.03500000 -0.14552632 0.00000000
v -0.01166667 -0.14552632 0.00000000
v 0.01166667 -0.14552632 0.00000000
v 0.03500000 -0.14552632 0.00000000
v 0.05833333 -0.14552632 0.00000000
v 0.08166667 -0.14552632 0.00000000
v 0.10500000 -0.14552632 0.00000000
v 0.12833333 -0.14552632 0.00000000
v 0.15166667 -0.14552632 0.00000000
v 0.17500000 -0.14552632 0.00000000
v -0.17500000 -0.14184211 0.00000000
v -0.15166667 -0.14184211 0.00000000
v -0.12833333 -0.14184211 0.00000000
v -0.10500000 -0.14184211 0.00000000
v -0.08166667 -0.14184211 0.00000000
v -0.05833333 -0.14184211 0.00000000
v -0.03500000 -0.14184211 0.00000000
v -0.01166667 -0.14184211 0.00000000
v 0.01166667 -0.14184211 0.00000000
v 0.03500000 -0.14184211 0.00000000
v 0.05833333 -0.14184211 0.00000000
v 0.08166667 -0.14184211 0.00000000
v 0.10500000 -0.14184211 0.00000000
v 0.12833333 -0.14184211 0.00000000
v 0.15166667 -0.14184211 0.00000000
v 0.17500000 -0.14184211 0.00000000
v -0.17500000 -0.13815789 0.00000000
v -0.15166667 -0.13815789 0.00000000
v -0.12833333 -0.13815789 0.00000000
v -0.10500000 -0.13815789 0.00000000
v -0.08166667 -0.13815789 0.00000000
v -0.05833333 -0.13815789 0.00000000
v -0.03500000 -0.13815789 0.00000000
v -0.01166667 -0.13815789 0.00000000
v 0.01166667 -0.13815789 0.00000000
v 0.03500000 -0.13815789 0.00000000
v 0.05833333 -0.13815789 0.00000000
v 0.08166667 -0.13815789 0.00000000
v 0.10500000 -0.13815789 0.00000000
v 0.12833333 -0.13815789 0.00000000
v 0.15166667 -0.13815789 0.00000000
v 0.17500000 -0.13815789 0.00000000
v -0.17500000 -0.13447368 0.00000000
v -0.15166667 -0.13447368 0.00000000
v -0.12833333 -0.13447368 0.00000000
v -0.10500000 -0.13447368 0.00000000
v -0.08166667 -0.13447368 0.00000000
v -0.05833333 -0.13447368 0.00000000
v -0.03500000 -0.13447368 0.00000000
v -0.01166667 -0.13447368 0.00000000
v 0.01166667 -0.13447368 0.00000000
v 0.03500000 -0.13447368 0.00000000
v 0.05833333 -0.13447368 0.00000000
v 0.08166667 -0.13447368 0.00000000
v 0.10500000 -0.13447368 0.00000000
v 0.12833333 -0.13447368 0.00000000
v 0.15166667 -0.13447368 0.00000000
v 0.17500000 -0.13447368 0.00000000
v -0.17500000 -0.13078947 0.00000000
v -0.15166667 -0.13078947 0.00000000
v -0.12833333 -0.13078947 0.00000000
v -0.10500000 -0.13078947 0.00000000
v -0.08166667 -0.13078947 0.00000000
v -0.05833333 -0.13078947 0.00000000
v -0.03500000 -0.13078947 0.00000000
v -0.01166667 -0.13078947 0.00000000
v 0.01166667 -0.13078947 0.00000000
v 0.03500000 -0.13078947 0.00000000
v 0.05833333 -0.13078947 0.00000000
v 0.08166667 -0.13078947 0.00000000
v 0.10500000 -0.13078947 0.00000000
v 0.12833333 -0.13078947 0.00000000
v 0.15166667 -0.13078947 0.00000000
v 0.17500000 -0.13078947 0.00000000
v -0.17500000 -0.12710526 0.00000000
v -0.15166667 -0.12710526 0.00000000
v -0.12833333 -0.12710526 0.00000000
v -0.10500000 -0.12710526 0.00000000
v -0.08166667 -0.12710526 0.00000000
v -0.05833333 -0.12710526 0.00000000
v -0.03500000 -0.12710526 0.00000000
v -0.01166667 -0.12710526 0.00000000
v 0.01166667 -0.12710526 0.00000000
v 0.03500000 -0.12710526 0.00000000
v 0.05833333 -0.12710526 0.00000000
v 0.08166667 -0.12710526 0.00000000
v 0.10500000 -0.12710526 0.00000000
v 0.12833333 -0.12710526 0.00000000
v 0.15166667 -0.12710526 0.00000000
v 0.17500000 -0.12710526 0.00000000
v -0.17500000 -0.12342105 0.00000000
v -0.15166667 -0.12342105 0.00000000
v -0.12833333 -0.12342105 0.00000000
v -0.10500000 -0.12342105 0.00000000
v -0.08166667 -0.12342105 0.00000000
v -0.05833333 -0.12342105 0.00000000
v -0.03500000 -0.12342105 0.00000000
v -0.01166667 -0.12342105 0.00000000
v 0.01166667 -0.12342105 0.00000000
v 0.03500000 -0.12342105 0.00000000
v 0.05833333 -0.12342105 0.00000000
v 0.08166667 -0.12342105 0.00000000
v 0.10500000 -0.12342105 0.00000000
v 0.12833333 -0.12342105 0.00000000
v 0.15166667 -0.12342105 0.00000000
v 0.17500000 -0.12342105 0.00000000
v -0.17500000 -0.11973684 0.00000000
v -0.15166667 -0.11973684 0.00000000
v -0.12833333 -0.11973684 0.00000000
v -0.10500000 -0.11973684 0.00000000
v -0.08166667 -0.11973684 0.00000000
v -0.05833333 -0.11973684 0.00000000
v -0.03500000 -0.11973684 0.00000000
v -0.01166667 -0.11973684 0.00000000
v 0.01166667 -0.11973684 0.00000000
v 0.03500000 -0.11973684 0.00000000
v 0.05833333 -0.11973684 0.00000000
v 0.08166667 -0.11973684 0.00000000
v 0.10500000 -0.11973684 0.00000000
v 0.12833333 -0.11973684 0.00000000
v 0.15166667 -0.11973684 0.00000000
v 0.17500000 -0.11973684 0.00000000
v -0.17500000 -0.11605263 0.00000000
v -0.15166667 -0.11605263 0.00000000
v -0.12833333 -0.11605263 0.00000000
v -0.10500000 -0.11605263 0.00000000
v -0.08166667 -0.11605263 0.00000000
v -0.05833333 -0.11605263 0.00000000
v -0.03500000 -0.11605263 0.00000000
v -0.01166667 -0.11605263 0.00000000
v 0.01166667 -0.11605263 0.00000000
v 0.03500000 -0.11605263 0.00000000
v 0.05833333 -0.11605263 0.00000000
v 0.08166667 -0.11605263 0.00000000
v 0.10500000 -0.11605263 0.00000000
v 0.12833333 -0.11605263 0.00000000
v 0.15166667 -0.11605263 0.00000000
v 0.17500000 -0.11605263 0.00000000
v -0.17500000 -0.11236842 0.00000000
v -0.15166667 -0.11236842 0.00000000
v -0.12833333 -0.11236842 0.00000000
v -0.10500000 -0.11236842 0.00000000
v -0.08166667 -0.11236842 0.00000000
v -0.05833333 -0.11236842 0.00000000
v -0.03500000 -0.11236842 0.00000000
v -0.01166667 -0.11236842 0.00000000
v 0.01166667 -0.11236842 0.00000000
v 0.03500000 -0.11236842 0.00000000
v 0.05833333 -0.11236842 0.00000000
v 0.08166667 -0.11236842 0.00000000
v 0.10500000 -0.11236842 0.00000000
v 0.12833333 -0.11236842 0.00000000
v 0.15166667 -0.11236842 0.00000000
v 0.17500000 -0.11236842 0.00000000
v -0.17500000 -0.10868421 0.00000000
v -0.15166667 -0.10868421 0.00000000
v -0.12833333 -0.10868421 0.00000000
v -0.10500000 -0.10868421 0.00000000
v -0.08166667 -0.10868421 0.00000000
v -0.05833333 -0.10868421 0.00000000
v -0.03500000 -0.10868421 0.00000000
v -0.01166667 -0.10868421 0.00000000
v 0.01166667 -0.10868421 0.00000000
v 0.03500000 -0.10868421 0.00000000
v 0.05833333 -0.10868421 0.00000000
v 0.08166667 -0.10868421 0.00000000
v 0.10500000 -0.10868421 0.00000000
v 0.12833333 -0.10868421 0.00000000
v 0.15166667 -0.10868421 0.00000000
v 0.17500000 -0.10868421 0.00000000
v -0.17500000 -0.10500000 0.00000000
v -0.15166667 -0.10500000 0.00000000
v -0.12833333 -0.10500000 0.00000000
v -0.10500000 -0.10500000 0.00000000
v -0.08166667 -0.10500000 0.00000000
v -0.05833333 -0.10500000 0.00000000
v -0.03500000 -0.10500000 0.00000000
v -0.01166667 -0.10500000 0.00000000
v 0.01166667 -0.10500000 0.00000000
v 0.03500000 -0.10500000 0.00000000
v 0.05833333 -0.10500000 0.00000000
v 0.08166667 -0.10500000 0.00000000
v 0.10500000 -0.10500000 0.00000000
v 0.12833333 -0.10500000 0.00000000
v 0.15166667 -0.10500000 0.00000000
v 0.17500000 -0.10500000 0.00000000
v -0.17500000 -0.10131579 0.00000000
v -0.15166667 -0.10131579 0.00000000
v -0.12833333 -0.10131579 0.00000000
v -0.10500000 -0.10131579 0.00000000
v -0.08166667 -0.10131579 0.00000000
v -0.05833333 -0.10131579 0.00000000
v -0.03500000 -0.10131579 0.00000000
v -0.01166667 -0.10131579 0.00000000
v 0.01166667 -0.10131579 0.00000000
v 0.03500000 -0.10131579 0.00000000
v 0.05833333 -0.10131579 0.00000000
v 0.08166667 -0.10131579 0.00000000
v 0.10500000 -0.10131579 0.00000000
v 0.12833333 -0.10131579 0.00000000
v 0.15166667 -0.10131579 0.00000000
v 0.17500000 -0.10131579 0.00000000
v -0.17500000 -0.09763158 0.00000000
v -0.15166667 -0.09763158 0.00000000
v -0.12833333 -0.09763158 0.00000000
v -0.10500000 -0.09763158 0.00000000
v -0.08166667 -0.09763158 0.00000000
v -0.05833333 -0.09763158 0.00000000
v -0.03500000 -0.09763158 0.00000000
v -0.01166667 -0.09763158 0.00000000
v 0.01166667 -0.09763158 0.00000000
v 0.03500000 -0.09763158 0.00000000
v 0.05833333 -0.09763158 0.00000000
v 0.08166667 -0.09763158 0.00000000
v 0.10500000 -0.09763158 0.00000000
v 0.12833333 -0.09763158 0.00000000
v 0.15166667 -0.09763158 0.00000000
v 0.17500000 -0.09763158 0.00000000
v -0.17500000 -0.09394737 0.00000000
v -0.15166667 -0.09394737 0.00000000
v -0.12833333 -0.09394737 0.00000000
v -0.10500000 -0.09394737 0.00000000
v -0.08166667 -0.09394737 0.00000000
v -0.05833333 -0.09394737 0.00000000
v -0.03500000 -0.09394737 0.00000000
v -0.01166667 -0.09394737 0.00000000
v 0.01166667 -0.09394737 0.00000000
v 0.03500000 -0.09394737 0.00000000
v 0.05833333 -0.09394737 0.00000000
v 0.08166667 -0.09394737 0.00000000
v 0.10500000 -0.09394737 0.00000000
v 0.12833333 -0.09394737 0.00000000
v 0.15166667 -0.09394737 0.00000000
v 0.17500000 -0.09394737 0.00000000
v -0.17500000 -0.09026316 0.00000000
v -0.15166667 -0.09026316 0.00000000
v -0.12833333 -0.09026316 0.00000000
v -0.10500000 -0.09026316 0.00000000
v -0.08166667 -0.09026316 0.00000000
v -0.05833333 -0.09026316 0.00000000
v -0.03500000 -0.09026316 0.00000000
v -0.01166667 -0.09026316 0.00000000
v 0.01166667 -0.09026316 0.00000000
v 0.03500000 -0.09026316 0.00000000
v 0.05833333 -0.09026316 0.00000000
v 0.08166667 -0.09026316 0.00000000
v 0.10500000 -0.09026316 0.00000000
v 0.12833333 -0.09026316 0.00000000
v 0.15166667 -0.09026316 0.00000000
v 0.17500000 -0.09026316 0.00000000
v -0.17500000 -0.08657895 0.00000000
v -0.15166667 -0.08657895 0.00000000
v -0.12833333 -0.08657895 0.00000000
v -0.10500000 -0.08657895 0.00000000
v -0.08166667 -0.08657895 0.00000000
v -0.05833333 -0.08657895 0.00000000
v -0.03500000 -0.08657895 0.00000000
v -0.01166667 -0.08657895 0.00000000
v 0.01166667 -0.08657895 0.00000000
v 0.03500000 -0.08657895 0.00000000
v 0.05833333 -0.08657895 0.00000000
v 0.08166667 -0.08657895 0.00000000
v 0.10500000 -0.08657895 0.00000000
v 0.12833333 -0.08657895 0.00000000
v 0.15166667 -0.08657895 0.00000000
v 0.17500000 -0.08657895 0.00000000
v -0.17500000 -0.08289474 0.00000000
v -0.15166667 -0.08289474 0.00000000
v -0.12833333 -0.08289474 0.00000000
v -0.10500000 -0.08289474 0.00000000
v -0.08166667 -0.08289474 0.00000000
v -0.05833333 -0.08289474 0.00000000
v -0.03500000 -0.08289474 0.00000000
v -0.01166667 -0.08289474 0.00000000
v 0.01166667 -0.08289474 0.00000000
v 0.03500000 -0.08289474 0.00000000
v 0.05833333 -0.08289474 0.00000000
v 0.08166667 -0.08289474 0.00000000
v 0.10500000 -0.08289474 0.00000000
v 0.12833333 -0.08289474 0.00000000
v 0.15166667 -0.08289474 0.00000000
v 0.17500000 -0.08289474 0.00000000
v -0.17500000 -0.07921053 0.00000000
v -0.15166667 -0.07921053 0.00000000
v -0.12833333 -0.07921053 0.00000000
v -0.10500000 -0.07921053 0.00000000
v -0.08166667 -0.07921053 0.00000000
v -0.05833333 -0.07921053 0.00000000
v -0.03500000 -0.07921053 0.00000000
v -0.01166667 -0.07921053 0.00000000
v 0.01166667 -0.07921053 0.00000000
v 0.03500000 -0.07921053 0.00000000
v 0.05833333 -0.07921053 0.00000000
v 0.08166667 -0.07921053 0.00000000
v 0.10500000 -0.07921053 0.00000000
v 0.12833333 -0.07921053 0.00000000
v 0.15166667 -0.07921053 0.00000000
v 0.17500000 -0.07921053 0.00000000
v -0.17500000 -0.07552632 0.00000000
v -0.15166667 -0.07552632 0.00000000
v -0.12833333 -0.07552632 0.00000000
v -0.10500000 -0.07552632 0.00000000
v -0.08166667 -0.07552632 0.00000000
v -0.05833333 -0.07552632 0.00000000
v -0.03500000 -0.07552632 0.00000000
v -0.01166667 -0.07552632 0.00000000
v 0.01166667 -0.07552632 0.00000000
v 0.03500000 -0.07552632 0.00000000
v 0.05833333 -0.07552632 0.00000000
v 0.08166667 -0.07552632 0.00000000
v 0.10500000 -0.07552632 0.00000000
v 0.12833333 -0.07552632 0.00000000
v 0.15166667 -0.07552632 0.00000000
v 0.17500000 -0.07552632 0.00000000
v -0.17500000 -0.07184211 0.00000000
v -0.15166667 -0.07184211 0.00000000
v -0.12833333 -0.07184211 0.00000000
v -0.10500000 -0.07184211 0.00000000
v -0.08166667 -0.07184211 0.00000000
v -0.05833333 -0.07184211 0.00000000
v -0.03500000 -0.07184211 0.00000000
v -0.01166667 -0.07184211 0.00000000
v 0.01166667 -0.07184211 0.00000000
v 0.03500000 -0.07184211 0.00000000
v 0.05833333 -0.07184211 0.00000000
v 0.08166667 -0.07184211 0.00000000
v 0.10500000 -0.07184211 0.00000000
v 0.12833333 -0.07184211 0.00000000
v 0.15166667 -0.07184211 0.00000000
v 0.17500000 -0.07184211 0.00000000
v -0.17500000 -0.06815789 0.00000000
v -0.15166667 -0.06815789 0.00000000
v -0.12833333 -0.06815789 0.00000000
v -0.10500000 -0.06815789 0.00000000
v -0.08166667 -0.06815789 0.00000000
v -0.05833333 -0.06815789 0.00000000
v -0.03500000 -0.06815789 0.00000000
v -0.01166667 -0.06815789 0.00000000
v 0.01166667 -0.06815789 0.00000000
v 0.03500000 -0.06815789 0.00000000
v 0.05833333 -0.06815789 0.00000000
v 0.08166667 -0.06815789 0.00000000
v 0.10500000 -0.06815789 0.00000000
v 0.12833333 -0.06815789 0.00000000
v 0.15166667 -0.06815789 0.00000000
v 0.17500000 -0.06815789 0.00000000
v -0.17500000 -0.06447368 0.00000000
v -0.15166667 -0.06447368 0.00000000
v -0.12833333 -0.06447368 0.00000000
v -0.10500000 -0.06447368 0.00000000
v -0.08166667 -0.06447368 0.00000000
v -0.05833333 -0.06447368 0.00000000
v -0.03500000 -0.06447368 0.00000000
v -0.01166667 -0.06447368 0.00000000
v 0.01166667 -0.06447368 0.00000000
v 0.03500000 -0.06447368 0.00000000
v 0.05833333 -0.06447368 0.00000000
v 0.08166667 -0.06447368 0.00000000
v 0.10500000 -0.06447368 0.00000000
v 0.12833333 -0.06447368 0.00000000
v 0.15166667 -0.06447368 0.00000000
v 0.17500000 -0.06447368 0.00000000
v -0.17500000 -0.06078947 0.00000000
v -0.15166667 -0.06078947 0.00000000
v -0.12833333 -0.06078947 0.00000000
v -0.10500000 -0.06078947 0.00000000
v -0.08166667 -0.06078947 0.00000000
v -0.05833333 -0.06078947 0.00000000
v -0.03500000 -0.06078947 0.00000000
v -0.01166667 -0.06078947 0.00000000
v 0.01166667 -0.06078947 0.00000000
v 0.03500000 -0.06078947 0.00000000
v 0.05833333 -0.06078947 0.00000000
v 0.08166667 -0.06078947 0.00000000
v 0.10500000 -0.06078947 0.00000000
v 0.12833333 -0.06078947 0.00000000
v 0.15166667 -0.06078947 0.00000000
v 0.17500000 -0.06078947 0.00000000
v -0.17500000 -0.05710526 0.00000000
v -0.15166667 -0.05710526 0.00000000
v -0.12833333 -0.05710526 0.00000000
v -0.10500000 -0.05710526 0.00000000
v -0.08166667 -0.05710526 0.00000000
v -0.05833333 -0.05710526 0.00000000
v -0.03500000 -0.05710526 0.00000000
v -0.01166667 -0.05710526 0.00000000
v 0.01166667 -0.05710526 0.00000000
v 0.03500000 -0.05710526 0.00000000
v 0.05833333 -0.05710526 0.00000000
v 0.08166667 -0.05710526 0.00000000
v 0.10500000 -0.05710526 0.00000000
v 0.12833333 -0.05710526 0.00000000
v 0.15166667 -0.05710526 0.00000000
v 0.17500000 -0.05710526 0.00000000
v -0.17500000 -0.05342105 0.00000000
v -0.15166667 -0.05342105 0.00000000
v -0.12833333 -0.05342105 0.00000000
v -0.10500000 -0.05342105 0.00000000
v -0.08166667 -0.05342105 0.00000000
v -0.05833333 -0.05342105 0.00000000
v -0.03500000 -0.05342105 0.00000000
v -0.01166667 -0.05342105 0.00000000
v 0.01166667 -0.05342105 0.00000000
v 0.03500000 -0.05342105 0.00000000
v 0.05833333 -0.05342105 0.00000000
v 0.08166667 -0.05342105 0.00000000
v 0.10500000 -0.05342105 0.00000000
v 0.12833333 -0.05342105 0.00000000
v 0.15166667 -0.05342105 0.00000000
v 0.17500000 -0.05342105 0.00000000
v -0.17500000 -0.04973684 0.00000000
v -0.15166667 -0.04973684 0.00000000
v -0.12833333 -0.04973684 0.00000000
v -0.10500000 -0.04973684 0.00000000
v -0.08166667 -0.04973684 0.00000000
v -0.05833333 -0.04973684 0.00000000
v -0.03500000 -0.04973684 0.00000000
v -0.01166667 -0.04973684 0.00000000
v 0.01166667 -0.04973684 0.00000000
v 0.03500000 -0.04973684 0.00000000
v 0.05833333 -0.04973684 0.00000000
v 0.08166667 -0.04973684 0.00000000
v 0.10500000 -0.04973684 0.00000000
v 0.12833333 -0.04973684 0.00000000
v 0.15166667 -0.04973684 0.00000000
v 0.17500000 -0.04973684 0.00000000
v -0.17500000 -0.04605263 0.00000000
v -0.15166667 -0.04605263 0.00000000
v -0.12833333 -0.04605263 0.00000000
v -0.10500000 -0.04605263 0.00000000
v -0.08166667 -0.04605263 0.00000000
v -0.05833333 -0.04605263 0.00000000
v -0.03500000 -0.04605263 0.00000000
v -0.01166667 -0.04605263 0.00000000
v 0.01166667 -0.04605263 0.00000000
v 0.03500000 -0.04605263 0.00000000
v 0.05833333 -0.04605263 0.00000000
v 0.08166667 -0.04605263 0.00000000
v 0.10500000 -0.04605263 0.00000000
v 0.12833333 -0.04605263 0.00000000
v 0.15166667 -0.04605263 0.00000000
v 0.17500000 -0.04605263 0.00000000
v -0.17500000 -0.04236842 0.00000000
v -0.15166667 -0.04236842 0.00000000
v -0.12833333 -0.04236842 0.00000000
v -0.10500000 -0.04236842 0.00000000
v -0.08166667 -0.04236842 0.00000000
v -0.05833333 -0.04236842 0.00000000
v -0.03500000 -0.04236842 0.00000000
v -0.01166667 -0.04236842 0.00000000
v 0.01166667 -0.04236842 0.00000000
v 0.03500000 -0.04236842 0.00000000
v 0.05833333 -0.04236842 0.00000000
v 0.08166667 -0.04236842 0.00000000
v 0.10500000 -0.04236842 0.00000000
v 0.12833333 -0.04236842 0.00000000
v 0.15166667 -0.04236842 0.00000000
v 0.17500000 -0.04236842 0.00000000
v -0.17500000 -0.03868421 0.00000000
v -0.15166667 -0.03868421 0.00000000
v -0.12833333 -0.03868421 0.00000000
v -0.10500000 -0.03868421 0.00000000
v -0.08166667 -0.03868421 0.00000000
v -0.05833333 -0.03868421 0.00000000
v -0.03500000 -0.03868421 0.00000000
v -0.01166667 -0.03868421 0.00000000
v 0.01166667 -0.03868421 0.00000000
v 0.03500000 -0.03868421 0.00000000
v 0.05833333 -0.03868421 0.00000000
v 0.08166667 -0.03868421 0.00000000
v 0.10500000 -0.03868421 0.00000000
v 0.12833333 -0.03868421 0.00000000
v 0.15166667 -0.03868421 0.00000000
v 0.17500000 -0.03868421 0.00000000
v -0.17500000 -0.03500000 0.00000000
v -0.15166667 -0.03500000 0.00000000
v -0.12833333 -0.03500000 0.00000000
v -0.10500000 -0.03500000 0.00000000
v -0.08166667 -0.03500000 0.00000000
v -0.05833333 -0.03500000 0.00000000
v -0.03500000 -0.03500000 0.00000000
v -0.01166667 -0.03500000 0.00000000
v 0.01166667 -0.03500000 0.00000000
v 0.03500000 -0.03500000 0.00000000
v 0.05833333 -0.03500000 0.00000000
v 0.08166667 -0.03500000 0.00000000
v 0.10500000 -0.03500000 0.00000000
v 0.12833333 -0.03500000 0.00000000
v 0.15166667 -0.03500000 0.00000000
v 0.17500000 -0.03500000 0.00000000
v -0.17500000 -0.03131579 0.00000000
v -0.15166667 -0.03131579 0.00000000
v -0.12833333 -0.03131579 0.00000000
v -0.10500000 -0.03131579 0.00000000
v -0.08166667 -0.03131579 0.00000000
v -0.05833333 -0.03131579 0.00000000
v -0.03500000 -0.03131579 0.00000000
v -0.01166667 -0.03131579 0.00000000
v 0.01166667 -0.03131579 0.00000000
v 0.03500000 -0.03131579 0.00000000
v 0.05833333 -0.03131579 0.00000000
v 0.08166667 -0.03131579 0.00000000
v 0.10500000 -0.03131579 0.00000000
v 0.12833333 -0.03131579 0.00000000
v 0.15166667 -0.03131579 0.00000000
v 0.17500000 -0.03131579 0.00000000
v -0.17500000 -0.02763158 0.00000000
v -0.15166667 -0.02763158 0.00000000
v -0.12833333 -0.02763158 0.00000000
v -0.10500000 -0.02763158 0.00000000
v -0.08166667 -0.02763158 0.00000000
v -0.05833333 -0.02763158 0.00000000
v -0.03500000 -0.02763158 0.00000000
v -0.01166667 -0.02763158 0.00000000
v 0.01166667 -0.02763158 0.00000000
v 0.03500000 -0.02763158 0.00000000
v 0.05833333 -0.02763158 0.00000000
v 0.08166667 -0.02763158 0.00000000
v 0.10500000 -0.02763158 0.00000000
v 0.12833333 -0.02763158 0.00000000
v 0.15166667 -0.02763158 0.00000000
v 0.17500000 -0.02763158 0.00000000
v -0.17500000 -0.02394737 0.00000000
v -0.15166667 -0.02394737 0.00000000
v -0.12833333 -0.02394737 0.00000000
v -0.10500000 -0.02394737 0.00000000
v -0.08166667 -0.02394737 0.00000000
v -0.05833333 -0.02394737 0.00000000
v -0.03500000 -0.02394737 0.00000000
v -0.01166667 -0.02394737 0.00000000
v 0.01166667 -0.02394737 0.00000000
v 0.03500000 -0.02394737 0.00000000
v 0.05833333 -0.02394737 0.00000000
v 0.08166667 -0.02394737 0.00000000
v 0.10500000 -0.02394737 0.00000000
v 0.12833333 -0.02394737 0.00000000
v 0.15166667 -0.02394737 0.00000000
v 0.17500000 -0.02394737 0.00000000
v -0.17500000 -0.02026316 0.00000000
v -0.15166667 -0.02026316 0.00000000
v -0.12833333 -0.02026316 0.00000000
v -0.10500000 -0.02026316 0.00000000
v -0.08166667 -0.02026316 0.00000000
v -0.05833333 -0.02026316 0.00000000
v -0.03500000 -0.02026316 0.00000000
v -0.01166667 -0.02026316 0.00000000
v 0.01166667 -0.02026316 0.00000000
v 0.03500000 -0.02026316 0.00000000
v 0.05833333 -0.02026316 0.00000000
v 0.08166667 -0.02026316 0.00000000
v 0.10500000 -0.02026316 0.00000000
v 0.12833333 -0.02026316 0.00000000
v 0.15166667 -0.02026316 0.00000000
v 0.17500000 -0.02026316 0.00000000
v -0.17500000 -0.01657895 0.00000000
v -0.15166667 -0.01657895 0.00000000
v -0.12833333 -0.01657895 0.00000000
v -0.10500000 -0.01657895 0.00000000
v -0.08166667 -0.01657895 0.00000000
v -0.05833333 -0.01657895 0.00000000
v -0.03500000 -0.01657895 0.00000000
v -0.01166667 -0.01657895 0.00000000
v 0.01166667 -0.01657895 0.00000000
v 0.03500000 -0.01657895 0.00000000
v 0.05833333 -0.01657895 0.00000000
v 0.08166667 -0.01657895 0.00000000
v 0.10500000 -0.01657895 0.00000000
v 0.12833333 -0.01657895 0.00000000
v 0.15166667 -0.01657895 0.00000000
v 0.17500000 -0.01657895 0.00000000
v -0.17500000 -0.01289474 0.00000000
v -0.15166667 -0.01289474 0.00000000
v -0.12833333 -0.01289474 0.00000000
v -0.10500000 -0.01289474 0.00000000
v -0.08166667 -0.01289474 0.00000000
v -0.05833333 -0.01289474 0.00000000
v -0.03500000 -0.01289474 0.00000000
v -0.01166667 -0.01289474 0.00000000
v 0.01166667 -0.01289474 0.00000000
v 0.03500000 -0.01289474 0.00000000
v 0.05833333 -0.01289474 0.00000000
v 0.08166667 -0.01289474 0.00000000
v 0.10500000 -0.01289474 0.00000000
v 0.12833333 -0.01289474 0.00000000
v 0.15166667 -0.01289474 0.00000000
v 0.17500000 -0.01289474 0.00000000
v -0.17500000 -0.00921053 0.00000000
v -0.15166667 -0.00921053 0.00000000
v -0.12833333 -0.00921053 0.00000000
v -0.10500000 -0.00921053 0.00000000
v -0.08166667 -0.00921053 0.00000000
v -0.05833333 -0.00921053 0.00000000
v -0.03500000 -0.00921053 0.00000000
v -0.01166667 -0.00921053 0.00000000
v 0.01166667 -0.00921053 0.00000000
v 0.03500000 -0.00921053 0.00000000
v 0.05833333 -0.00921053 0.00000000
v 0.08166667 -0.00921053 0.00000000
v 0.10500000 -0.00921053 0.00000000
v 0.12833333 -0.00921053 0.00000000
v 0.15166667 -0.00921053 0.00000000
v 0.17500000 -0.00921053 0.00000000
v -0.17500000 -0.00552632 0.00000000
v -0.15166667 -0.00552632 0.00000000
v -0.12833333 -0.00552632 0.00000000
v -0.10500000 -0.00552632 0.00000000
v -0.08166667 -0.00552632 0.00000000
v -0.05833333 -0.00552632 0.00000000
v -0.03500000 -0.00552632 0.00000000
v -0.01166667 -0.00552632 0.00000000
v 0.01166667 -0.00552632 0.00000000
v 0.03500000 -0.00552632 0.00000000
v 0.05833333 -0.00552632 0.00000000
v 0.08166667 -0.00552632 0.00000000
v 0.10500000 -0.00552632 0.00000000
v 0.12833333 -0.00552632 0.00000000
v 0.15166667 -0.00552632 0.00000000
v 0.17500000 -0.00552632 0.00000000
v -0.17500000 -0.00184211 0.00000000
v -0.15166667 -0.00184211 0.00000000
v -0.12833333 -0.00184211 0.00000000
v -0.10500000 -0.00184211 0.00000000
v -0.08166667 -0.00184211 0.00000000
v -0.05833333 -0.00184211 0.00000000
v -0.03500000 -0.00184211 0.00000000
v -0.01166667 -0.00184211 0.00000000
v 0.01166667 -0.00184211 0.00000000
v 0.03500000 -0.00184211 0.00000000
v 0.05833333 -0.00184211 0.00000000
v 0.08166667 -0.00184211 0.00000000
v 0.10500000 -0.00184211 0.00000000
v 0.12833333 -0.00184211 0.00000000
v 0.15166667 -0.00184211 0.00000000
v 0.17500000 -0.00184211 0.00000000
v -0.17500000 0.00184211 0.00000000
v -0.15166667 0.00184211 0.00000000
v -0.12833333 0.00184211 0.00000000
v -0.10500000 0.00184211 0.00000000
v -0.08166667 0.00184211 0.00000000
v -0.05833333 0.00184211 0.00000000
v -0.03500000 0.00184211 0.00000000
v -0.01166667 0.00184211 0.00000000
v 0.01166667 0.00184211 0.00000000
v 0.03500000 0.00184211 0.00000000
v 0.05833333 0.00184211 0.00000000
v 0.08166667 0.00184211 0.00000000
v 0.10500000 0.00184211 0.00000000
v 0.12833333 0.00184211 0.00000000
v 0.15166667 0.00184211 0.00000000
v 0.17500000 0.00184211 0.00000000
v -0.17500000 0.00552632 0.00000000
v -0.15166667 0.00552632 0.00000000
v -0.12833333 0.00552632 0.00000000
v -0.10500000 0.00552632 0.00000000
v -0.08166667 0.00552632 0.00000000
v -0.05833333 0.00552632 0.00000000
v -0.03500000 0.00552632 0.00000000
v -0.01166667 0.00552632 0.00000000
v 0.01166667 0.00552632 0.00000000
v 0.03500000 0.00552632 0.00000000
v 0.05833333 0.00552632 0.00000000
v 0.08166667 0.00552632 0.00000000
v 0.10500000 0.00552632 0.00000000
v 0.12833333 0.00552632 0.00000000
v 0.15166667 0.00552632 0.00000000
v 0.17500000 0.00552632 0.00000000
v -0.17500000 0.00921053 0.00000000
v -0.15166667 0.00921053 0.00000000
v -0.12833333 0.00921053 0.00000000
v -0.10500000 0.00921053 0.00000000
v -0.08166667 0.00921053 0.00000000
v -0.05833333 0.00921053 0.00000000
v -0.03500000 0.00921053 0.00000000
v -0.01166667 0.00921053 0.00000000
v 0.01166667 0.00921053 0.00000000
v 0.03500000 0.00921053 0.00000000
v 0.05833333 0.00921053 0.00000000
v 0.08166667 0.00921053 0.00000000
v 0.10500000 0.00921053 0.00000000
v 0.12833333 0.00921053 0.00000000
v 0.15166667 0.00921053 0.00000000
v 0.17500000 0.00921053 0.00000000
v -0.17500000 0.01289474 0.00000000
v -0.15166667 0.01289474 0.00000000
v -0.12833333 0.01289474 0.00000000
v -0.10500000 0.01289474 0.00000000
v -0.08166667 0.01289474 0.00000000
v -0.05833333 0.01289474 0.00000000
v -0.03500000 0.01289474 0.00000000
v -0.01166667 0.01289474 0.00000000
v 0.01166667 0.01289474 0.00000000
v 0.03500000 0.01289474 0.00000000
v 0.05833333 0.01289474 0.00000000
v 0.08166667 0.01289474 0.00000000
v 0.10500000 0.01289474 0.00000000
v 0.12833333 0.01289474 0.00000000
v 0.15166667 0.01289474 0.00000000
v 0.17500000 0.01289474 0.00000000
v -0.17500000 0.01657895 0.00000000
v -0.15166667 0.01657895 0.00000000
v -0.12833333 0.01657895 0.00000000
v -0.10500000 0.01657895 0.00000000
v -0.08166667 0.01657895 0.00000000
v -0.05833333 0.01657895 0.00000000
v -0.03500000 0.01657895 0.00000000
v -0.01166667 0.01657895 0.00000000
v 0.01166667 0.01657895 0.00000000
v 0.03500000 0.01657895 0.00000000
v 0.05833333 0.01657895 0.00000000
v 0.08166667 0.01657895 0.00000000
v 0.10500000 0.01657895 0.00000000
v 0.12833333 0.01657895 0.00000000
v 0.15166667 0.01657895 0.00000000
v 0.17500000 0.01657895 0.00000000
v -0.17500000 0.02026316 0.00000000
v -0.15166667 0.02026316 0.00000000
v -0.12833333 0.02026316 0.00000000
v -0.10500000 0.02026316 0.00000000
v -0.08166667 0.02026316 0.00000000
v -0.05833333 0.02026316 0.00000000
v -0.03500000 0.02026316 0.00000000
v -0.01166667 0.02026316 0.00000000
v 0.01166667 0.02026316 0.00000000
v 0.03500000 0.02026316 0.00000000
v 0.05833333 0.02026316 0.00000000
v 0.08166667 0.02026316 0.00000000
v 0.10500000 0.02026316 0.00000000
v 0.12833333 0.02026316 0.00000000
v 0.15166667 0.02026316 0.00000000
v 0.17500000 0.02026316 0.00000000
v -0.17500000 0.02394737 0.00000000
v -0.15166667 0.02394737 0.00000000
v -0.12833333 0.02394737 0.00000000
v -0.10500000 0.02394737 0.00000000
v -0.08166667 0.02394737 0.00000000
v -0.05833333 0.02394737 0.00000000
v -0.03500000 0.02394737 0.00000000
v -0.01166667 0.02394737 0.00000000
v 0.01166667 0.02394737 0.00000000
v 0.03500000 0.02394737 0.00000000
v 0.05833333 0.02394737 0.00000000
v 0.08166667 0.02394737 0.00000000
v 0.10500000 0.02394737 0.00000000
v 0.12833333 0.02394737 0.00000000
v 0.15166667 0.02394737 0.00000000
v 0.17500000 0.02394737 0.00000000
v -0.17500000 0.02763158 0.00000000
v -0.15166667 0.02763158 0.00000000
v -0.12833333 0.02763158 0.00000000
v -0.10500000 0.02763158 0.00000000
v -0.08166667 0.02763158 0.00000000
v -0.05833333 0.02763158 0.00000000
v -0.03500000 0.02763158 0.00000000
v -0.01166667 0.02763158 0.00000000
v 0.01166667 0.02763158 0.00000000
v 0.03500000 0.02763158 0.00000000
v 0.05833333 0.02763158 0.00000000
v 0.08166667 0.02763158 0.00000000
v 0.10500000 0.02763158 0.00000000
v 0.12833333 0.02763158 0.00000000
v 0.15166667 0.02763158 0.00000000
v 0.17500000 0.02763158 0.00000000
v -0.17500000 0.03131579 0.00000000
v -0.15166667 0.03131579 0.00000000
v -0.12833333 0.03131579 0.00000000
v -0.10500000 0.03131579 0.00000000
v -0.08166667 0.03131579 0.00000000
v -0.05833333 0.03131579 0.00000000
v -0.03500000 0.03131579 0.00000000
v -0.01166667 0.03131579 0.00000000
v 0.01166667 0.03131579 0.00000000
v 0.03500000 0.03131579 0.00000000
v 0.05833333 0.03131579 0.00000000
v 0.08166667 0.03131579 0.00000000
v 0.10500000 0.03131579 0.00000000
v 0.12833333 0.03131579 0.00000000
v 0.15166667 0.03131579 0.00000000
v 0.17500000 0.03131579 0.00000000
v -0.17500000 0.03500000 0.00000000
v -0.15166667 0.03500000 0.00000000
v -0.12833333 0.03500000 0.00000000
v -0.10500000 0.03500000 0.00000000
v -0.08166667 0.03500000 0.00000000
v -0.05833333 0.03500000 0.00000000
v -0.03500000 0.03500000 0.00000000
v -0.01166667 0.03500000 0.00000000
v 0.01166667 0.03500000 0.00000000
v 0.03500000 0.03500000 0.00000000
v 0.05833333 0.03500000 0.00000000
v 0.08166667 0.03500000 0.00000000
v 0.10500000 0.03500000 0.00000000
v 0.12833333 0.03500000 0.00000000
v 0.15166667 0.03500000 0.00000000
v 0.17500000 0.03500000 0.00000000
v -0.17500000 0.03868421 0.00000000
v -0.15166667 0.03868421 0.00000000
v -0.12833333 0.03868421 0.00000000
v -0.10500000 0.03868421 0.00000000
v -0.08166667 0.03868421 0.00000000
v -0.05833333 0.03868421 0.00000000
v -0.03500000 0.03868421 0.00000000
v -0.01166667 0.03868421 0.00000000
v 0.01166667 0.03868421 0.00000000
v 0.03500000 0.03868421 0.00000000
v 0.05833333 0.03868421 0.00000000
v 0.08166667 0.03868421 0.00000000
v 0.10500000 0.03868421 0.00000000
v 0.12833333 0.03868421 0.00000000
v 0.15166667 0.03868421 0.00000000
v 0.17500000 0.03868421 0.00000000
v -0.17500000 0.04236842 0.00000000
v -0.15166667 0.04236842 0.00000000
v -0.12833333 0.04236842 0.00000000
v -0.10500000 0.04236842 0.00000000
v -0.08166667 0.04236842 0.00000000
v -0.05833333 0.04236842 0.00000000
v -0.03500000 0.04236842 0.00000000
v -0.01166667 0.04236842 0.00000000
v 0.01166667 0.04236842 0.00000000
v 0.03500000 0.04236842 0.00000000
v 0.05833333 0.04236842 0.00000000
v 0.08166667 0.04236842 0.00000000
v 0.10500000 0.04236842 0.00000000
v 0.12833333 0.04236842 0.00000000
v 0.15166667 0.04236842 0.00000000
v 0.17500000 0.04236842 0.00000000
v -0.17500000 0.04605263 0.00000000
v -0.15166667 0.04605263 0.00000000
v -0.12833333 0.04605263 0.00000000
v -0.10500000 0.04605263 0.00000000
v -0.08166667 0.04605263 0.00000000
v -0.05833333 0.04605263 0.00000000
v -0.03500000 0.04605263 0.00000000
v -0.01166667 0.04605263 0.00000000
v 0.01166667 0.04605263 0.00000000
v 0.03500000 0.04605263 0.00000000
v 0.05833333 0.04605263 0.00000000
v 0.08166667 0.04605263 0.00000000
v 0.10500000 0.04605263 0.00000000
v 0.12833333 0.04605263 0.00000000
v 0.15166667 0.04605263 0.00000000
v 0.17500000 0.04605263 0.00000000
v -0.17500000 0.04973684 0.00000000
v -0.15166667 0.04973684 0.00000000
v -0.12833333 0.04973684 0.00000000
v -0.10500000 0.04973684 0.00000000
v -0.08166667 0.04973684 0.00000000
v -0.05833333 0.04973684 0.00000000
v -0.03500000 0.04973684 0.00000000
v -0.01166667 0.04973684 0.00000000
v 0.01166667 0.04973684 0.00000000
v 0.03500000 0.04973684 0.00000000
v 0.05833333 0.04973684 0.00000000
v 0.08166667 0.04973684 0.00000000
v 0.10500000 0.04973684 0.00000000
v 0.12833333 0.04973684 0.00000000
v 0.15166667 0.04973684 0.00000000
v 0.17500000 0.04973684 0.00000000
v -0.17500000 0.05342105 0.00000000
v -0.15166667 0.05342105 0.00000000
v -0.12833333 0.05342105 0.00000000
v -0.10500000 0.05342105 0.00000000
v -0.08166667 0.05342105 0.00000000
v -0.05833333 0.05342105 0.00000000
v -0.03500000 0.05342105 0.00000000
v -0.01166667 0.05342105 0.00000000
v 0.01166667 0.05342105 0.00000000
v 0.03500000 0.05342105 0.00000000
v 0.05833333 0.05342105 0.00000000
v 0.08166667 0.05342105 0.00000000
v 0.10500000 0.05342105 0.00000000
v 0.12833333 0.05342105 0.00000000
v 0.15166667 0.05342105 0.00000000
v 0.17500000 0.05342105 0.00000000
v -0.17500000 0.05710526 0.00000000
v -0.15166667 0.05710526 0.00000000
v -0.12833333 0.05710526 0.00000000
v -0.10500000 0.05710526 0.00000000
v -0.08166667 0.05710526 0.00000000
v -0.05833333 0.05710526 0.00000000
v -0.03500000 0.05710526 0.00000000
v -0.01166667 0.05710526 0.00000000
v 0.01166667 0.05710526 0.00000000
v 0.03500000 0.05710526 0.00000000
v 0.05833333 0.05710526 0.00000000
v 0.08166667 0.05710526 0.00000000
v 0.10500000 0.05710526 0.00000000
v 0.12833333 0.05710526 0.00000000
v 0.15166667 0.05710526 0.00000000
v 0.17500000 0.05710526 0.00000000
v -0.17500000 0.06078947 0.00000000
v -0.15166667 0.06078947 0.00000000
v -0.12833333 0.06078947 0.00000000
v -0.10500000 0.06078947 0.00000000
v -0.08166667 0.06078947 0.00000000
v -0.05833333 0.06078947 0.00000000
v -0.03500000 0.06078947 0.00000000
v -0.01166667 0.06078947 0.00000000
v 0.01166667 0.06078947 0.00000000
v 0.03500000 0.06078947 0.00000000
v 0.05833333 0.06078947 0.00000000
v 0.08166667 0.06078947 0.00000000
v 0.10500000 0.06078947 0.00000000
v 0.12833333 0.06078947 0.00000000
v 0.15166667 0.06078947 0.00000000
v 0.17500000 0.06078947 0.00000000
v -0.17500000 0.06447368 0.00000000
v -0.15166667 0.06447368 0.00000000
v -0.12833333 0.06447368 0.00000000
v -0.10500000 0.06447368 0.00000000
v -0.08166667 0.06447368 0.00000000
v -0.05833333 0.06447368 0.00000000
v -0.03500000 0.06447368 0.00000000
v -0.01166667 0.06447368 0.00000000
v 0.01166667 0.06447368 0.00000000
v 0.03500000 0.06447368 0.00000000
v 0.05833333 0.06447368 0.00000000
v 0.08166667 0.06447368 0.00000000
v 0.10500000 0.06447368 0.00000000
v 0.12833333 0.06447368 0.00000000
v 0.15166667 0.06447368 0.00000000
v 0.17500000 0.06447368 0.00000000
v -0.17500000 0.06815789 0.00000000
v -0.15166667 0.06815789 0.00000000
v -0.12833333 0.06815789 0.00000000
v -0.10500000 0.06815789 0.00000000
v -0.08166667 0.06815789 0.00000000
v -0.05833333 0.06815789 0.00000000
v -0.03500000 0.06815789 0.00000000
v -0.01166667 0.06815789 0.00000000
v 0.01166667 0.06815789 0.00000000
v 0.03500000 0.06815789 0.00000000
v 0.05833333 0.06815789 0.00000000
v 0.08166667 0.06815789 0.00000000
v 0.10500000 0.06815789 0.00000000
v 0.12833333 0.06815789 0.00000000
v 0.15166667 0.06815789 0.00000000
v 0.17500000 0.06815789 0.00000000
v -0.17500000 0.07184211 0.00000000
v -0.15166667 0.07184211 0.00000000
v -0.12833333 0.07184211 0.00000000
v -0.10500000 0.07184211 0.00000000
v -0.08166667 0.07184211 0.00000000
v -0.05833333 0.07184211 0.00000000
v -0.03500000 0.07184211 0.00000000
v -0.01166667 0.07184211 0.00000000
v 0.01166667 0.07184211 0.00000000
v 0.03500000 0.07184211 0.00000000
v 0.05833333 0.07184211 0.00000000
v 0.08166667 0.07184211 0.00000000
v 0.10500000 0.07184211 0.00000000
v 0.12833333 0.07184211 0.00000000
v 0.15166667 0.07184211 0.00000000
v 0.17500000 0.07184211 0.00000000
v -0.17500000 0.07552632 0.00000000
v -0.15166667 0.07552632 0.00000000
v -0.12833333 0.07552632 0.00000000
v -0.10500000 0.07552632 0.00000000
v -0.08166667 0.07552632 0.00000000
v -0.05833333 0.07552632 0.00000000
v -0.03500000 0.07552632 0.00000000
v -0.01166667 0.07552632 0.00000000
v 0.01166667 0.07552632 0.00000000
v 0.03500000 0.07552632 0.00000000
v 0.05833333 0.07552632 0.00000000
v 0.08166667 0.07552632 0.00000000
v 0.10500000 0.07552632 0.00000000
v 0.12833333 0.07552632 0.00000000
v 0.15166667 0.07552632 0.00000000
v 0.17500000 0.07552632 0.00000000
v -0.17500000 0.07921053 0.00000000
v -0.15166667 0.07921053 0.00000000
v -0.12833333 0.07921053 0.00000000
v -0.10500000 0.07921053 0.00000000
v -0.08166667 0.07921053 0.00000000
v -0.05833333 0.07921053 0.00000000
v -0.03500000 0.07921053 0.00000000
v -0.01166667 0.07921053 0.00000000
v 0.01166667 0.07921053 0.00000000
v 0.03500000 0.07921053 0.00000000
v 0.05833333 0.07921053 0.00000000
v 0.08166667 0.07921053 0.00000000
v 0.10500000 0.07921053 0.00000000
v 0.12833333 0.07921053 0.00000000
v 0.15166667 0.07921053 0.00000000
v 0.17500000 0.07921053 0.00000000
v -0.17500000 0.08289474 0.00000000
v -0.15166667 0.08289474 0.00000000
v -0.12833333 0.08289474 0.00000000
v -0.10500000 0.08289474 0.00000000
v -0.08166667 0.08289474 0.00000000
v -0.05833333 0.08289474 0.00000000
v -0.03500000 0.08289474 0.00000000
v -0.01166667 0.08289474 0.00000000
v 0.01166667 0.08289474 0.00000000
v 0.03500000 0.08289474 0.00000000
v 0.05833333 0.08289474 0.00000000
v 0.08166667 0.08289474 0.00000000
v 0.10500000 0.08289474 0.00000000
v 0.12833333 0.08289474 0.00000000
v 0.15166667 0.08289474 0.00000000
v 0.17500000 0.08289474 0.00000000
v -0.17500000 0.08657895 0.00000000
v -0.15166667 0.08657895 0.00000000
v -0.12833333 0.08657895 0.00000000
v -0.10500000 0.08657895 0.00000000
v -0.08166667 0.08657895 0.00000000
v -0.05833333 0.08657895 0.00000000
v -0.03500000 0.08657895 0.00000000
v -0.01166667 0.08657895 0.00000000
v 0.01166667 0.08657895 0.00000000
v 0.03500000 0.08657895 0.00000000
v 0.05833333 0.08657895 0.00000000
v 0.08166667 0.08657895 0.00000000
v 0.10500000 0.08657895 0.00000000
v 0.12833333 0.08657895 0.00000000
v 0.15166667 0.08657895 0.00000000
v 0.17500000 0.08657895 0.00000000
v -0.17500000 0.09026316 0.00000000
v -0.15166667 0.09026316 0.00000000
v -0.12833333 0.09026316 0.00000000
v -0.10500000 0.09026316 0.00000000
v -0.08166667 0.09026316 0.00000000
v -0.05833333 0.09026316 0.00000000
v -0.03500000 0.09026316 0.00000000
v -0.01166667 0.09026316 0.00000000
v 0.01166667 0.09026316 0.00000000
v 0.03500000 0.09026316 0.00000000
v 0.05833333 0.09026316 0.00000000
v 0.08166667 0.09026316 0.00000000
v 0.10500000 0.09026316 0.00000000
v 0.12833333 0.09026316 0.00000000
v 0.15166667 0.09026316 0.00000000
v 0.17500000 0.09026316 0.00000000
v -0.17500000 0.09394737 0.00000000
v -0.15166667 0.09394737 0.00000000
v -0.12833333 0.09394737 0.00000000
v -0.10500000 0.09394737 0.00000000
v -0.08166667 0.09394737 0.00000000
v -0.05833333 0.09394737 0.00000000
v -0.03500000 0.09394737 0.00000000
v -0.01166667 0.09394737 0.00000000
v 0.01166667 0.09394737 0.00000000
v 0.03500000 0.09394737 0.00000000
v 0.05833333 0.09394737 0.00000000
v 0.08166667 0.09394737 0.00000000
v 0.10500000 0.09394737 0.00000000
v 0.12833333 0.09394737 0.00000000
v 0.15166667 0.09394737 0.00000000
v 0.17500000 0.09394737 0.00000000
v -0.17500000 0.09763158 0.00000000
v -0.15166667 0.09763158 0.00000000
v -0.12833333 0.09763158 0.00000000
v -0.10500000 0.09763158 0.00000000
v -0.08166667 0.09763158 0.00000000
v -0.05833333 0.09763158 0.00000000
v -0.03500000 0.09763158 0.00000000
v -0.01166667 0.09763158 0.00000000
v 0.01166667 0.09763158 0.00000000
v 0.03500000 0.09763158 0.00000000
v 0.05833333 0.09763158 0.00000000
v 0.08166667 0.09763158 0.00000000
v 0.10500000 0.09763158 0.00000000
v 0.12833333 0.09763158 0.00000000
v 0.15166667 0.09763158 0.00000000
v 0.17500000 0.09763158 0.00000000
v -0.17500000 0.10131579 0.00000000
v -0.15166667 0.10131579 0.00000000
v -0.12833333 0.10131579 0.00000000
v -0.10500000 0.10131579 0.00000000
v -0.08166667 0.10131579 0.00000000
v -0.05833333 0.10131579 0.00000000
v -0.03500000 0.10131579 0.00000000
v -0.01166667 0.10131579 0.00000000
v 0.01166667 0.10131579 0.00000000
v 0.03500000 0.10131579 0.00000000
v 0.05833333 0.10131579 0.00000000
v 0.08166667 0.10131579 0.00000000
v 0.10500000 0.10131579 0.00000000
v 0.12833333 0.10131579 0.00000000
v 0.15166667 0.10131579 0.00000000
v 0.17500000 0.10131579 0.00000000
v -0.17500000 0.10500000 0.00000000
v -0.15166667 0.10500000 0.00000000
v -0.12833333 0.10500000 0.00000000
v -0.10500000 0.10500000 0.00000000
v -0.08166667 0.10500000 0.00000000
v -0.05833333 0.10500000 0.00000000
v -0.03500000 0.10500000 0.00000000
v -0.01166667 0.10500000 0.00000000
v 0.01166667 0.10500000 0.00000000
v 0.03500000 0.10500000 0.00000000
v 0.05833333 0.10500000 0.00000000
v 0.08166667 0.10500000 0.00000000
v 0.10500000 0.10500000 0.00000000
v 0.12833333 0.10500000 0.00000000
v 0.15166667 0.10500000 0.00000000
v 0.17500000 0.10500000 0.00000000
v -0.17500000 0.10868421 0.00000000
v -0.15166667 0.10868421 0.00000000
v -0.12833333 0.10868421 0.00000000
v -0.10500000 0.10868421 0.00000000
v -0.08166667 0.10868421 0.00000000
v -0.05833333 0.10868421 0.00000000
v -0.03500000 0.10868421 0.00000000
v -0.01166667 0.10868421 0.00000000
v 0.01166667 0.10868421 0.00000000
v 0.03500000 0.10868421 0.00000000
v 0.05833333 0.10868421 0.00000000
v 0.08166667 0.10868421 0.00000000
v 0.10500000 0.10868421 0.00000000
v 0.12833333 0.10868421 0.00000000
v 0.15166667 0.10868421 0.00000000
v 0.17500000 0.10868421 0.00000000
v -0.17500000 0.11236842 0.00000000
v -0.15166667 0.11236842 0.00000000
v -0.12833333 0.11236842 0.00000000
v -0.10500000 0.11236842 0.00000000
v -0.08166667 0.11236842 0.00000000
v -0.05833333 0.11236842 0.00000000
v -0.03500000 0.11236842 0.00000000
v -0.01166667 0.11236842 0.00000000
v 0.01166667 0.11236842 0.00000000
v 0.03500000 0.11236842 0.00000000
v 0.05833333 0.11236842 0.00000000
v 0.08166667 0.11236842 0.00000000
v 0.10500000 0.11236842 0.00000000
v 0.12833333 0.11236842 0.00000000
v 0.15166667 0.11236842 0.00000000
v 0.17500000 0.11236842 0.00000000
v -0.17500000 0.11605263 0.00000000
v -0.15166667 0.11605263 0.00000000
v -0.12833333 0.11605263 0.00000000
v -0.10500000 0.11605263 0.00000000
v -0.08166667 0.11605263 0.00000000
v -0.05833333 0.11605263 0.00000000
v -0.03500000 0.11605263 0.00000000
v -0.01166667 0.11605263 0.00000000
v 0.01166667 0.11605263 0.00000000
v 0.03500000 0.11605263 0.00000000
v 0.05833333 0.11605263 0.00000000
v 0.08166667 0.11605263 0.00000000
v 0.10500000 0.11605263 0.00000000
v 0.12833333 0.11605263 0.00000000
v 0.15166667 0.11605263 0.00000000
v 0.17500000 0.11605263 0.00000000
v -0.17500000 0.11973684 0.00000000
v -0.15166667 0.11973684 0.00000000
v -0.12833333 0.11973684 0.00000000
v -0.10500000 0.11973684 0.00000000
v -0.08166667 0.11973684 0.00000000
v -0.05833333 0.11973684 0.00000000
v -0.03500000 0.11973684 0.00000000
v -0.01166667 0.11973684 0.00000000
v 0.01166667 0.11973684 0.00000000
v 0.03500000 0.11973684 0.00000000
v 0.05833333 0.11973684 0.00000000
v 0.08166667 0.11973684 0.00000000
v 0.10500000 0.11973684 0.00000000
v 0.12833333 0.11973684 0.00000000
v 0.15166667 0.11973684 0.00000000
v 0.17500000 0.11973684 0.00000000
v -0.17500000 0.12342105 0.00000000
v -0.15166667 0.12342105 0.00000000
v -0.12833333 0.12342105 0.00000000
v -0.10500000 0.12342105 0.00000000
v -0.08166667 0.12342105 0.00000000
v -0.05833333 0.12342105 0.00000000
v -0.03500000 0.12342105 0.00000000
v -0.01166667 0.12342105 0.00000000
v 0.01166667 0.12342105 0.00000000
v 0.03500000 0.12342105 0.00000000
v 0.05833333 0.12342105 0.00000000
v 0.08166667 0.12342105 0.00000000
v 0.10500000 0.12342105 0.00000000
v 0.12833333 0.12342105 0.00000000
v 0.15166667 0.12342105 0.00000000
v 0.17500000 0.12342105 0.00000000
v -0.17500000 0.12710526 0.00000000
v -0.15166667 0.12710526 0.00000000
v -0.12833333 0.12710526 0.00000000
v -0.10500000 0.12710526 0.00000000
v -0.08166667 0.12710526 0.00000000
v -0.05833333 0.12710526 0.00000000
v -0.03500000 0.12710526 0.00000000
v -0.01166667 0.12710526 0.00000000
v 0.01166667 0.12710526 0.00000000
v 0.03500000 0.12710526 0.00000000
v 0.05833333 0.12710526 0.00000000
v 0.08166667 0.12710526 0.00000000
v 0.10500000 0.12710526 0.00000000
v 0.12833333 0.12710526 0.00000000
v 0.15166667 0.12710526 0.00000000
v 0.17500000 0.12710526 0.00000000
v -0.17500000 0.13078947 0.00000000
v -0.15166667 0.13078947 0.00000000
v -0.12833333 0.13078947 0.00000000
v -0.10500000 0.13078947 0.00000000
v -0.08166667 0.13078947 0.00000000
v -0.05833333 0.13078947 0.00000000
v -0.03500000 0.13078947 0.00000000
v -0.01166667 0.13078947 0.00000000
v 0.01166667 0.13078947 0.00000000
v 0.03500000 0.13078947 0.00000000
v 0.05833333 0.13078947 0.00000000
v 0.08166667 0.13078947 0.00000000
v 0.10500000 0.13078947 0.00000000
v 0.12833333 0.13078947 0.00000000
v 0.15166667 0.13078947 0.00000000
v 0.17500000 0.13078947 0.00000000
v -0.17500000 0.13447368 0.00000000
v -0.15166667 0.13447368 0.00000000
v -0.12833333 0.13447368 0.00000000
v -0.10500000 0.13447368 0.00000000
v -0.08166667 0.13447368 0.00000000
v -0.05833333 0.13447368 0.00000000
v -0.03500000 0.13447368 0.00000000
v -0.01166667 0.13447368 0.00000000
v 0.01166667 0.13447368 0.00000000
v 0.03500000 0.13447368 0.00000000
v 0.05833333 0.13447368 0.00000000
v 0.08166667 0.13447368 0.00000000
v 0.10500000 0.13447368 0.00000000
v 0.12833333 0.13447368 0.00000000
v 0.15166667 0.13447368 0.00000000
v 0.17500000 0.13447368 0.00000000
v -0.17500000 0.13815789 0.00000000
v -0.15166667 0.13815789 0.00000000
v -0.12833333 0.13815789 0.00000000
v -0.10500000 0.13815789 0.00000000
v -0.08166667 0.13815789 0.00000000
v -0.05833333 0.13815789 0.00000000
v -0.03500000 0.13815789 0.00000000
v -0.01166667 0.13815789 0.00000000
v 0.01166667 0.13815789 0.00000000
v 0.03500000 0.13815789 0.00000000
v 0.05833333 0.13815789 0.00000000
v 0.08166667 0.13815789 0.00000000
v 0.10500000 0.13815789 0.00000000
v 0.12833333 0.13815789 0.00000000
v 0.15166667 0.13815789 0.00000000
v 0.17500000 0.13815789 0.00000000
v -0.17500000 0.14184211 0.00000000
v -0.15166667 0.14184211 0.00000000
v -0.12833333 0.14184211 0.00000000
v -0.10500000 0.14184211 0.00000000
v -0.08166667 0.14184211 0.00000000
v -0.05833333 0.14184211 0.00000000
v -0.03500000 0.14184211 0.00000000
v -0.01166667 0.14184211 0.00000000
v 0.01166667 0.14184211 0.00000000
v 0.03500000 0.14184211 0.00000000
v 0.05833333 0.14184211 0.00000000
v 0.08166667 0.14184211 0.00000000
v 0.10500000 0.14184211 0.00000000
v 0.12833333 0.14184211 0.00000000
v 0.15166667 0.14184211 0.00000000
v 0.17500000 0.14184211 0.00000000
v -0.17500000 0.14552632 0.00000000
v -0.15166667 0.14552632 0.00000000
v -0.12833333 0.14552632 0.00000000
v -0.10500000 0.14552632 0.00000000
v -0.08166667 0.14552632 0.00000000
v -0.05833333 0.14552632 0.00000000
v -0.03500000 0.14552632 0.00000000
v -0.01166667 0.14552632 0.00000000
v 0.01166667 0.14552632 0.00000000
v 0.03500000 0.14552632 0.00000000
v 0.05833333 0.14552632 0.00000000
v 0.08166667 0.14552632 0.00000000
v 0.10500000 0.14552632 0.00000000
v 0.12833333 0.14552632 0.00000000
v 0.15166667 0.14552632 0.00000000
v 0.17500000 0.14552632 0.00000000
v -0.17500000 0.14921053 0.00000000
v -0.15166667 0.14921053 0.00000000
v -0.12833333 0.14921053 0.00000000
v -0.10500000 0.14921053 0.00000000
v -0.08166667 0.14921053 0.00000000
v -0.05833333 0.14921053 0.00000000
v -0.03500000 0.14921053 0.00000000
v -0.01166667 0.14921053 0.00000000
v 0.01166667 0.14921053 0.00000000
v 0.03500000 0.14921053 0.00000000
v 0.05833333 0.14921053 0.00000000
v 0.08166667 0.14921053 0.00000000
v 0.10500000 0.14921053 0.00000000
v 0.12833333 0.14921053 0.00000000
v 0.15166667 0.14921053 0.00000000
v 0.17500000 0.14921053 0.00000000
v -0.17500000 0.15289474 0.00000000
v -0.15166667 0.15289474 0.00000000
v -0.12833333 0.15289474 0.00000000
v -0.10500000 0.15289474 0.00000000
v -0.08166667 0.15289474 0.00000000
v -0.05833333 0.15289474 0.00000000
v -0.03500000 0.15289474 0.00000000
v -0.01166667 0.15289474 0.00000000
v 0.01166667 0.15289474 0.00000000
v 0.03500000 0.15289474 0.00000000
v 0.05833333 0.15289474 0.00000000
v 0.08166667 0.15289474 0.00000000
v 0.10500000 0.15289474 0.00000000
v 0.12833333 0.15289474 0.00000000
v 0.15166667 0.15289474 0.00000000
v 0.17500000 0.15289474 0.00000000
v -0.17500000 0.15657895 0.00000000
v -0.15166667 0.15657895 0.00000000
v -0.12833333 0.15657895 0.00000000
v -0.10500000 0.15657895 0.00000000
v -0.08166667 0.15657895 0.00000000
v -0.05833333 0.15657895 0.00000000
v -0.03500000 0.15657895 0.00000000
v -0.01166667 0.15657895 0.00000000
v 0.01166667 0.15657895 0.00000000
v 0.03500000 0.15657895 0.00000000
v 0.05833333 0.15657895 0.00000000
v 0.08166667 0.15657895 0.00000000
v 0.10500000 0.15657895 0.00000000
v 0.12833333 0.15657895 0.00000000
v 0.15166667 0.15657895 0.00000000
v 0.17500000 0.15657895 0.00000000
v -0.17500000 0.16026316 0.00000000
v -0.15166667 0.16026316 0.00000000
v -0.12833333 0.16026316 0.00000000
v -0.10500000 0.16026316 0.00000000
v -0.08166667 0.16026316 0.00000000
v -0.05833333 0.16026316 0.00000000
v -0.03500000 0.16026316 0.00000000
v -0.01166667 0.16026316 0.00000000
v 0.01166667 0.16026316 0.00000000
v 0.03500000 0.16026316 0.00000000
v 0.05833333 0.16026316 0.00000000
v 0.08166667 0.16026316 0.00000000
v 0.10500000 0.16026316 0.00000000
v 0.12833333 0.16026316 0.00000000
v 0.15166667 0.16026316 0.00000000
v 0.17500000 0.16026316 0.00000000
v -0.17500000 0.16394737 0.00000000
v -0.15166667 0.16394737 0.00000000
v -0.12833333 0.16394737 0.00000000
v -0.10500000 0.16394737 0.00000000
v -0.08166667 0.16394737 0.00000000
v -0.05833333 0.16394737 0.00000000
v -0.03500000 0.16394737 0.00000000
v -0.01166667 0.16394737 0.00000000
v 0.01166667 0.16394737 0.00000000
v 0.03500000 0.16394737 0.00000000
v 0.05833333 0.16394737 0.00000000
v 0.08166667 0.16394737 0.00000000
v 0.10500000 0.16394737 0.00000000
v 0.12833333 0.16394737 0.00000000
v 0.15166667 0.16394737 0.00000000
v 0.17500000 0.16394737 0.00000000
v -0.17500000 0.16763158 0.00000000
v -0.15166667 0.16763158 0.00000000
v -0.12833333 0.16763158 0.00000000
v -0.10500000 0.16763158 0.00000000
v -0.08166667 0.16763158 0.00000000
v -0.05833333 0.16763158 0.00000000
v -0.03500000 0.16763158 0.00000000
v -0.01166667 0.16763158 0.00000000
v 0.01166667 0.16763158 0.00000000
v 0.03500000 0.16763158 0.00000000
v 0.05833333 0.16763158 0.00000000
v 0.08166667 0.16763158 0.00000000
v 0.10500000 0.16763158 0.00000000
v 0.12833333 0.16763158 0.00000000
v 0.15166667 0.16763158 0.00000000
v 0.17500000 0.16763158 0.00000000
v -0.17500000 0.17131579 0.00000000
v -0.15166667 0.17131579 0.00000000
v -0.12833333 0.17131579 0.00000000
v -0.10500000 0.17131579 0.00000000
v -0.08166667 0.17131579 0.00000000
v -0.05833333 0.17131579 0.00000000
v -0.03500000 0.17131579 0.00000000
v -0.01166667 0.17131579 0.00000000
v 0.01166667 0.17131579 0.00000000
v 0.03500000 0.17131579 0.00000000
v 0.05833333 0.17131579 0.00000000
v 0.08166667 0.17131579 0.00000000
v 0.10500000 0.17131579 0.00000000
v 0.12833333 0.17131579 0.00000000
v 0.15166667 0.17131579 0.00000000
v 0.17500000 0.17131579 0.00000000
v -0.17500000 0.17500000 0.00000000
v -0.15166667 0.17500000 0.00000000
v -0.12833333 0.17500000 0.00000000
v -0.10500000 0.17500000 0.00000000
v -0.08166667 0.17500000 0.00000000
v -0.05833333 0.17500000 0.00000000
v -0.03500000 0.17500000 0.00000000
v -0.01166667 0.17500000 0.00000000
v 0.01166667 0.17500000 0.00000000
v 0.03500000 0.17500000 0.00000000
v 0.05833333 0.17500000 0.00000000
v 0.08166667 0.17500000 0.00000000
v 0.10500000 0.17500000 0.00000000
v 0.12833333 0.17500000 0.00000000
v 0.15166667 0.17500000 0.00000000
v 0.17500000 0.17500000 0.00000000
f 1 2 17
f 2 18 17
f 2 3 18
f 3 19 18
f 3 4 19
f 4 20 19
f 4 5 20
f 5 21 20
f 5 6 21
f 6 22 21
f 6 7 22
f 7 23 22
f 7 8 23
f 8 24 23
f 8 9 24
f 9 25 24
f 9 10 25
f 10 26 25
f 10 11 26
f 11 27 26
f 11 12 27
f 12 28 27
f 12 13 28
f 13 29 28
f 13 14 29
f 14 30 29
f 14 15 30
f 15 31 30
f 15 16 31
f 16 32 31
f 17 18 33
f 18 34 33
f 18 19 34
f 19 35 34
f 19 20 35
f 20 36 35
f 20 21 36
f 21 37 36
f 21 22 37
f 22 38 37
f 22 23 38
f 23 39 38
f 23 24 39
f 24 40 39
f 24 25 40
f 25 41 40
f 25 26 41
f 26 42 41
f 26 27 42
f 27 43 42
f 27 28 43
f 28 44 43
f 28 29 44
f 29 45 44
f 29 30 45
f 30 46 45
f 30 31 46
f 31 47 46
f 31 32 47
f 32 48 47
f 33 34 49
f 34 50 49
f 34 35 50
f 35 51 50
f 35 36 51
f 36 52 51
f 36 37 52
f 37 53 52
f 37 38 53
f 38 54 53
f 38 39 54
f 39 55 54
f 39 40 55
f 40 56 55
f 40 41 56
f 41 57 56
f 41 42 57
f 42 58 57
f 42 43 58
f 43 59 58
f 43 44 59
f 44 60 59
f 44 45 60
f 45 61 60
f 45 46 61
f 46 62 61
f 46 47 62
f 47 63 62
f 47 48 63
f 48 64 63
f 49 50 65
f 50 66 65
f 50 51 66
f 51 67 66
f 51 52 67
f 52 68 67
f 52 53 68
f 53 69 68
f 53 54 69
f 54 70 69
f 54 55 70
f 55 71 70
f 55 56 71
f 56 72 71
f 56 57 72
f 57 73 72
f 57 58 73
f 58 74 73
f 58 59 74
f 59 75 74
f 59 60 75
f 60 76 75
f 60 61 76
f 61 77 76
f 61 62 77
f 62 78 77
f 62 63 78
f 63 79 78
f 63 64 79
f 64 80 79
f 65 66 81
f 66 82 81
f 66 67 82
f 67 83 82
f 67 68 83
f 68 84 83
f 68 69 84
f 69 85 84
f 69 70 85
f 70 86 85
f 70 71 86
f 71 87 86
f 71 72 87
f 72 88 87
f 72 73 88
f 73 89 88
f 73 74 89
f 74 90 89
f 74 75 90
f 75 91 90
f 75 76 91
f 76 92 91
f 76 77 92
f 77 93 92
f 77 78 93
f 78 94 93
f 78 79 94
f 79 95 94
f 79 80 95
f 80 96 95
f 81 82 97
f 82 98 97
f 82 83 98
f 83 99 98
f 83 84 99
f 84 100 99
f 84 85 100
f 85 101 100
f 85 86 101
f 86 102 101
f 86 87 102
f 87 103 102
f 87 88 103
f 88 104 103
f 88 89 104
f 89 105 104
f 89 90 105
f 90 106 105
f 90 91 106
f 91 107 106
f 91 92 107
f 92 108 107
f 92 93 108
f 93 109 108
f 93 94 109
f 94 110 109
f 94 95 110
f 95 111 110
f 95 96 111
f 96 112 111
f 97 98 113
f 98 114 113
f 98 99 114
f 99 115 114
f 99 100 115
f 100 116 115
f 100 101 116
f 101 117 116
f 101 102 117
f 102 118 117
f 102 103 118
f 103 119 118
f 103 104 119
f 104 120 119
f 104 105 120
f 105 121 120
f 105 106 121
f 106 122 121
f 106 107 122
f 107 123 122
f 107 108 123
f 108 124 123
f 108 109 124
f 109 125 124
f 109 110 125
f 110 126 125
f 110 111 126
f 111 127 126
f 111 112 127
f 112 128 127
f 113 114 129
f 114 130 129
f 114 115 130
f 115 131 130
f 115 116 131
f 116 132 131
f 116 117 132
f 117 133 132
f 117 118 133
f 118 134 133
f 118 119 134
f 119 135 134
f 119 120 135
f 120 136 135
f 120 121 136
f 121 137 136
f 121 122 137
f 122 138 137
f 122 123 138
f 123 139 138
f 123 124 139
f 124 140 139
f 124 125 140
f 125 141 140
f 125 126 141
f 126 142 141
f 126 127 142
f 127 143 142
f 127 128 143
f 128 144 143
f 129 130 145
f 130 146 145
f 130 131 146
f 131 147 146
f 131 132 147
f 132 148 147
f 132 133 148
f 133 149 148
f 133 134 149
f 134 150 149
f 134 135 150
f 135 151 150
f 135 136 151
f 136 152 151
f 136 137 152
f 137 153 152
f 137 138 153
f 138 154 153
f 138 139 154
f 139 155 154
f 139 140 155
f 140 156 155
f 140 141 156
f 141 157 156
f 141 142 157
f 142 158 157
f 142 143 158
f 143 159 158
f 143 144 159
f 144 160 159
f 145 146 161
f 146 162 161
f 146 147 162
f 147 163 162
f 147 148 163
f 148 164 163
f 148 149 164
f 149 165 164
f 149 150 165
f 150 166 165
f 150 151 166
f 151 167 166
f 151 152 167
f 152 168 167
f 152 153 168
f 153 169 168
f 153 154 169
f 154 170 169
f 154 155 170
f 155 171 170
f 155 156 171
f 156 172 171
f 156 157 172
f 157 173 172
f 157 158 173
f 158 174 173
f 158 159 174
f 159 175 174
f 159 160 175
f 160 176 175
f 161 162 177
f 162 178 177
f 162 163 178
f 163 179 178
f 163 164 179
f 164 180 179
f 164 165 180
f 165 181 180
f 165 166 181
f 166 182 181
f 166 167 182
f 167 183 182
f 167 168 183
f 168 184 183
f 168 169 184
f 169 185 184
f 169 170 185
f 170 186 185
f 170 171 186
f 171 187 186
f 171 172 187
f 172 188 187
f 172 173 188
f 173 189 188
f 173 174 189
f 174 190 189
f 174 175 190
f 175 191 190
f 175 176 191
f 176 192 191
f 177 178 193
f 178 194 193
f 178 179 194
f 179 195 194
f 179 180 195
f 180 196 195
f 180 181 196
f 181 197 196
f 181 182 197
f 182 198 197
f 182 183 198
f 183 199 198
f 183 184 199
f 184 200 199
f 184 185 200
f 185 201 200
f 185 186 201
f 186 202 201
f 186 187 202
f 187 203 202
f 187 188 203
f 188 204 203
f 188 189 204
f 189 205 204
f 189 190 205
f 190 206 205
f 190 191 206
f 191 207 206
f 191 192 207
f 192 208 207
f 193 194 209
f 194 210 209
f 194 195 210
f 195 211 210
f 195 196 211
f 196 212 211
f 196 197 212
f 197 213 212
f 197 198 213
f 198 214 213
f 198 199 214
f 199 215 214
f 199 200 215
f 200 216 215
f 200 201 216
f 201 217 216
f 201 202 217
f 202 218 217
f 202 203 218
f 203 219 218
f 203 204 219
f 204 220 219
f 204 205 220
f 205 221 220
f 205 206 221
f 206 222 221
f 206 207 222
f 207 223 222
f 207 208 223
f 208 224 223
f 209 210 225
f 210 226 225
f 210 211 226
f 211 227 226
f 211 212 227
f 212 228 227
f 212 213 228
f 213 229 228
f 213 214 229
f 214 230 229
f 214 215 230
f 215 231 230
f 215 216 231
f 216 232 231
f 216 217 232
f 217 233 232
f 217 218 233
f 218 234 233
f 218 219 234
f 219 235 234
f 219 220 235
f 220 236 235
f 220 221 236
f 221 237 236
f 221 222 237
f 222 238 237
f 222 223 238
f 223 239 238
f 223 224 239
f 224 240 239
f 225 226 241
f 226 242 241
f 226 227 242
f 227 243 242
f 227 228 243
f 228 244 243
f 228 229 244
f 229 245 244
f 229 230 245
f 230 246 245
f 230 231 246
f 231 247 246
f 231 232 247
f 232 248 247
f 232 233 248
f 233 249 248
f 233 234 249
f 234 250 249
f 234 235 250
f 235 251 250
f 235 236 251
f 236 252 251
f 236 237 252
f 237 253 252
f 237 238 253
f 238 254 253
f 238 239 254
f 239 255 254
f 239 240 255
f 240 256 255
f 241 242 257
f 242 258 257
f 242 243 258
f 243 259 258
f 243 244 259
f 244 260 259
f 244 245 260
f 245 261 260
f 245 246 261
f 246 262 261
f 246 247 262
f 247 263 262
f 247 248 263
f 248 264 263
f 248 249 264
f 249 265 264
f 249 250 265
f 250 266 265
f 250 251 266
f 251 267 266
f 251 252 267
f 252 268 267
f 252 253 268
f 253 269 268
f 253 254 269
f 254 270 269
f 254 255 270
f 255 271 270
f 255 256 271
f 256 272 271
f 257 258 273
f 258 274 273
f 258 259 274
f 259 275 274
f 259 260 275
f 260 276 275
f 260 261 276
f 261 277 276
f 261 262 277
f 262 278 277
f 262 263 278
f 263 279 278
f 263 264 279
f 264 280 279
f 264 265 280
f 265 281 280
f 265 266 281
f 266 282 281
f 266 267 282
f 267 283 282
f 267 268 283
f 268 284 283
f 268 269 284
f 269 285 284
f 269 270 285
f 270 286 285
f 270 271 286
f 271 287 286
f 271 272 287
f 272 288 287
f 273 274 289
f 274 290 289
f 274 275 290
f 275 291 290
f 275 276 291
f 276 292 291
f 276 277 292
f 277 293 292
f 277 278 293
f 278 294 293
f 278 279 294
f 279 295 294
f 279 280 295
f 280 296 295
f 280 281 296
f 281 297 296
f 281 282 297
f 282 298 297
f 282 283 298
f 283 299 298
f 283 284 299
f 284 300 299
f 284 285 300
f 285 301 300
f 285 286 301
f 286 302 301
f 286 287 302
f 287 303 302
f 287 288 303
f 288 304 303
f 289 290 305
f 290 306 305
f 290 291 306
f 291 307 306
f 291 292 307
f 292 308 307
f 292 293 308
f 293 309 308
f 293 294 309
f 294 310 309
f 294 295 310
f 295 311 310
f 295 296 311
f 296 312 311
f 296 297 312
f 297 313 312
f 297 298 313
f 298 314 313
f 298 299 314
f 299 315 314
f 299 300 315
f 300 316 315
f 300 301 316
f 301 317 316
f 301 302 317
f 302 318 317
f 302 303 318
f 303 319 318
f 303 304 319
f 304 320 319
f 305 306 321
f 306 322 321
f 306 307 322
f 307 323 322
f 307 308 323
f 308 324 323
f 308 309 324
f 309 325 324
f 309 310 325
f 310 326 325
f 310 311 326
f 311 327 326
f 311 312 327
f 312 328 327
f 312 313 328
f 313 329 328
f 313 314 329
f 314 330 329
f 314 315 330
f 315 331 330
f 315 316 331
f 316 332 331
f 316 317 332
f 317 333 332
f 317 318 333
f 318 334 333
f 318 319 334
f 319 335 334
f 319 320 335
f 320 336 335
f 321 322 337
f 322 338 337
f 322 323 338
f 323 339 338
f 323 324 339
f 324 340 339
f 324 325 340
f 325 341 340
f 325 326 341
f 326 342 341
f 326 327 342
f 327 343 342
f 327 328 343
f 328 344 343
f 328 329 344
f 329 345 344
f 329 330 345
f 330 346 345
f 330 331 346
f 331 347 346
f 331 332 347
f 332 348 347
f 332 333 348
f 333 349 348
f 333 334 349
f 334 350 349
f 334 335 350
f 335 351 350
f 335 336 351
f 336 352 351
f 337 338 353
f 338 354 353
f 338 339 354
f 339 355 354
f 339 340 355
f 340 356 355
f 340 341 356
f 341 357 356
f 341 342 357
f 342 358 357
f 342 343 358
f 343 359 358
f 343 344 359
f 344 360 359
f 344 345 360
f 345 361 360
f 345 346 361
f 346 362 361
f 346 347 362
f 347 363 362
f 347 348 363
f 348 364 363
f 348 349 364
f 349 365 364
f 349 350 365
f 350 366 365
f 350 351 366
f 351 367 366
f 351 352 367
f 352 368 367
f 353 354 369
f 354 370 369
f 354 355 370
f 355 371 370
f 355 356 371
f 356 372 371
f 356 357 372
f 357 373 372
f 357 358 373
f 358 374 373
f 358 359 374
f 359 375 374
f 359 360 375
f 360 376 375
f 360 361 376
f 361 377 376
f 361 362 377
f 362 378 377
f 362 363 378
f 363 379 378
f 363 364 379
f 364 380 379
f 364 365 380
f 365 381 380
f 365 366 381
f 366 382 381
f 366 367 382
f 367 383 382
f 367 368 383
f 368 384 383
f 369 370 385
f 370 386 385
f 370 371 386
f 371 387 386
f 371 372 387
f 372 388 387
f 372 373 388
f 373 389 388
f 373 374 389
f 374 390 389
f 374 375 390
f 375 391 390
f 375 376 391
f 376 392 391
f 376 377 392
f 377 393 392
f 377 378 393
f 378 394 393
f 378 379 394
f 379 395 394
f 379 380 395
f 380 396 395
f 380 381 396
f 381 397 396
f 381 382 397
f 382 398 397
f 382 383 398
f 383 399 398
f 383 384 399
f 384 400 399
f 385 386 401
f 386 402 401
f 386 387 402
f 387 403 402
f 387 388 403
f 388 404 403
f 388 389 404
f 389 405 404
f 389 390 405
f 390 406 405
f 390 391 406
f 391 407 406
f 391 392 407
f 392 408 407
f 392 393 408
f 393 409 408
f 393 394 409
f 394 410 409
f 394 395 410
f 395 411 410
f 395 396 411
f 396 412 411
f 396 397 412
f 397 413 412
f 397 398 413
f 398 414 413
f 398 399 414
f 399 415 414
f 399 400 415
f 400 416 415
f 401 402 417
f 402 418 417
f 402 403 418
f 403 419 418
f 403 404 419
f 404 420 419
f 404 405 420
f 405 421 420
f 405 406 421
f 406 422 421
f 406 407 422
f 407 423 422
f 407 408 423
f 408 424 423
f 408 409 424
f 409 425 424
f 409 410 425
f 410 426 425
f 410 411 426
f 411 427 426
f 411 412 427
f 412 428 427
f 412 413 428
f 413 429 428
f 413 414 429
f 414 430 429
f 414 415 430
f 415 431 430
f 415 416 431
f 416 432 431
f 417 418 433
f 418 434 433
f 418 419 434
f 419 435 434
f 419 420 435
f 420 436 435
f 420 421 436
f 421 437 436
f 421 422 437
f 422 438 437
f 422 423 438
f 423 439 438
f 423 424 439
f 424 440 439
f 424 425 440
f 425 441 440
f 425 426 441
f 426 442 441
f 426 427 442
f 427 443 442
f 427 428 443
f 428 444 443
f 428 429 444
f 429 445 444
f 429 430 445
f 430 446 445
f 430 431 446
f 431 447 446
f 431 432 447
f 432 448 447
f 433 434 449
f 434 450 449
f 434 435 450
f 435 451 450
f 435 436 451
f 436 452 451
f 436 437 452
f 437 453 452
f 437 438 453
f 438 454 453
f 438 439 454
f 439 455 454
f 439 440 455
f 440 456 455
f 440 441 456
f 441 457 456
f 441 442 457
f 442 458 457
f 442 443 458
f 443 459 458
f 443 444 459
f 444 460 459
f 444 445 460
f 445 461 460
f 445 446 461
f 446 462 461
f 446 447 462
f 447 463 462
f 447 448 463
f 448 464 463
f 449 450 465
f 450 466 465
f 450 451 466
f 451 467 466
f 451 452 467
f 452 468 467
f 452 453 468
f 453 469 468
f 453 454 469
f 454 470 469
f 454 455 470
f 455 471 470
f 455 456 471
f 456 472 471
f 456 457 472
f 457 473 472
f 457 458 473
f 458 474 473
f 458 459 474
f 459 475 474
f 459 460 475
f 460 476 475
f 460 461 476
f 461 477 476
f 461 462 477
f 462 478 477
f 462 463 478
f 463 479 478
f 463 464 479
f 464 480 479
f 465 466 481
f 466 482 481
f 466 467 482
f 467 483 482
f 467 468 483
f 468 484 483
f 468 469 484
f 469 485 484
f 469 470 485
f 470 486 485
f 470 471 486
f 471 487 486
f 471 472 487
f 472 488 487
f 472 473 488
f 473 489 488
f 473 474 489
f 474 490 489
f 474 475 490
f 475 491 490
f 475 476 491
f 476 492 491
f 476 477 492
f 477 493 492
f 477 478 493
f 478 494 493
f 478 479 494
f 479 495 494
f 479 480 495
f 480 496 495
f 481 482 497
f 482 498 497
f 482 483 498
f 483 499 498
f 483 484 499
f 484 500 499
f 484 485 500
f 485 501 500
f 485 486 501
f 486 502 501
f 486 487 502
f 487 503 502
f 487 488 503
f 488 504 503
f 488 489 504
f 489 505 504
f 489 490 505
f 490 506 505
f 490 491 506
f 491 507 506
f 491 492 507
f 492 508 507
f 492 493 508
f 493 509 508
f 493 494 509
f 494 510 509
f 494 495 510
f 495 511 510
f 495 496 511
f 496 512 511
f 497 498 513
f 498 514 513
f 498 499 514
f 499 515 514
f 499 500 515
f 500 516 515
f 500 501 516
f 501 517 516
f 501 502 517
f 502 518 517
f 502 503 518
f 503 519 518
f 503 504 519
f 504 520 519
f 504 505 520
f 505 521 520
f 505 506 521
f 506 522 521
f 506 507 522
f 507 523 522
f 507 508 523
f 508 524 523
f 508 509 524
f 509 525 524
f 509 510 525
f 510 526 525
f 510 511 526
f 511 527 526
f 511 512 527
f 512 528 527
f 513 514 529
f 514 530 529
f 514 515 530
f 515 531 530
f 515 516 531
f 516 532 531
f 516 517 532
f 517 533 532
f 517 518 533
f 518 534 533
f 518 519 534
f 519 535 534
f 519 520 535
f 520 536 535
f 520 521 536
f 521 537 536
f 521 522 537
f 522 538 537
f 522 523 538
f 523 539 538
f 523 524 539
f 524 540 539
f 524 525 540
f 525 541 540
f 525 526 541
f 526 542 541
f 526 527 542
f 527 543 542
f 527 528 543
f 528 544 543
f 529 530 545
f 530 546 545
f 530 531 546
f 531 547 546
f 531 532 547
f 532 548 547
f 532 533 548
f 533 549 548
f 533 534 549
f 534 550 549
f 534 535 550
f 535 551 550
f 535 536 551
f 536 552 551
f 536 537 552
f 537 553 552
f 537 538 553
f 538 554 553
f 538 539 554
f 539 555 554
f 539 540 555
f 540 556 555
f 540 541 556
f 541 557 556
f 541 542 557
f 542 558 557
f 542 543 558
f 543 559 558
f 543 544 559
f 544 560 559
f 545 546 561
f 546 562 561
f 546 547 562
f 547 563 562
f 547 548 563
f 548 564 563
f 548 549 564
f 549 565 564
f 549 550 565
f 550 566 565
f 550 551 566
f 551 567 566
f 551 552 567
f 552 568 567
f 552 553 568
f 553 569 568
f 553 554 569
f 554 570 569
f 554 555 570
f 555 571 570
f 555 556 571
f 556 572 571
f 556 557 572
f 557 573 572
f 557 558 573
f 558 574 573
f 558 559 574
f 559 575 574
f 559 560 575
f 560 576 575
f 561 562 577
f 562 578 577
f 562 563 578
f 563 579 578
f 563 564 579
f 564 580 579
f 564 565 580
f 565 581 580
f 565 566 581
f 566 582 581
f 566 567 582
f 567 583 582
f 567 568 583
f 568 584 583
f 568 569 584
f 569 585 584
f 569 570 585
f 570 586 585
f 570 571 586
f 571 587 586
f 571 572 587
f 572 588 587
f 572 573 588
f 573 589 588
f 573 574 589
f 574 590 589
f 574 575 590
f 575 591 590
f 575 576 591
f 576 592 591
f 577 578 593
f 578 594 593
f 578 579 594
f 579 595 594
f 579 580 595
f 580 596 595
f 580 581 596
f 581 597 596
f 581 582 597
f 582 598 597
f 582 583 598
f 583 599 598
f 583 584 599
f 584 600 599
f 584 585 600
f 585 601 600
f 585 586 601
f 586 602 601
f 586 587 602
f 587 603 602
f 587 588 603
f 588 604 603
f 588 589 604
f 589 605 604
f 589 590 605
f 590 606 605
f 590 591 606
f 591 607 606
f 591 592 607
f 592 608 607
f 593 594 609
f 594 610 609
f 594 595 610
f 595 611 610
f 595 596 611
f 596 612 611
f 596 597 612
f 597 613 612
f 597 598 613
f 598 614 613
f 598 599 614
f 599 615 614
f 599 600 615
f 600 616 615
f 600 601 616
f 601 617 616
f 601 602 617
f 602 618 617
f 602 603 618
f 603 619 618
f 603 604 619
f 604 620 619
f 604 605 620
f 605 621 620
f 605 606 621
f 606 622 621
f 606 607 622
f 607 623 622
f 607 608 623
f 608 624 623
f 609 610 625
f 610 626 625
f 610 611 626
f 611 627 626
f 611 612 627
f 612 628 627
f 612 613 628
f 613 629 628
f 613 614 629
f 614 630 629
f 614 615 630
f 615 631 630
f 615 616 631
f 616 632 631
f 616 617 632
f 617 633 632
f 617 618 633
f 618 634 633
f 618 619 634
f 619 635 634
f 619 620 635
f 620 636 635
f 620 621 636
f 621 637 636
f 621 622 637
f 622 638 637
f 622 623 638
f 623 639 638
f 623 624 639
f 624 640 639
f 625 626 641
f 626 642 641
f 626 627 642
f 627 643 642
f 627 628 643
f 628 644 643
f 628 629 644
f 629 645 644
f 629 630 645
f 630 646 645
f 630 631 646
f 631 647 646
f 631 632 647
f 632 648 647
f 632 633 648
f 633 649 648
f 633 634 649
f 634 650 649
f 634 635 650
f 635 651 650
f 635 636 651
f 636 652 651
f 636 637 652
f 637 653 652
f 637 638 653
f 638 654 653
f 638 639 654
f 639 655 654
f 639 640 655
f 640 656 655
f 641 642 657
f 642 658 657
f 642 643 658
f 643 659 658
f 643 644 659
f 644 660 659
f 644 645 660
f 645 661 660
f 645 646 661
f 646 662 661
f 646 647 662
f 647 663 662
f 647 648 663
f 648 664 663
f 648 649 664
f 649 665 664
f 649 650 665
f 650 666 665
f 650 651 666
f 651 667 666
f 651 652 667
f 652 668 667
f 652 653 668
f 653 669 668
f 653 654 669
f 654 670 669
f 654 655 670
f 655 671 670
f 655 656 671
f 656 672 671
f 657 658 673
f 658 674 673
f 658 659 674
f 659 675 674
f 659 660 675
f 660 676 675
f 660 661 676
f 661 677 676
f 661 662 677
f 662 678 677
f 662 663 678
f 663 679 678
f 663 664 679
f 664 680 679
f 664 665 680
f 665 681 680
f 665 666 681
f 666 682 681
f 666 667 682
f 667 683 682
f 667 668 683
f 668 684 683
f 668 669 684
f 669 685 684
f 669 670 685
f 670 686 685
f 670 671 686
f 671 687 686
f 671 672 687
f 672 688 687
f 673 674 689
f 674 690 689
f 674 675 690
f 675 691 690
f 675 676 691
f 676 692 691
f 676 677 692
f 677 693 692
f 677 678 693
f 678 694 693
f 678 679 694
f 679 695 694
f 679 680 695
f 680 696 695
f 680 681 696
f 681 697 696
f 681 682 697
f 682 698 697
f 682 683 698
f 683 699 698
f 683 684 699
f 684 700 699
f 684 685 700
f 685 701 700
f 685 686 701
f 686 702 701
f 686 687 702
f 687 703 702
f 687 688 703
f 688 704 703
f 689 690 705
f 690 706 705
f 690 691 706
f 691 707 706
f 691 692 707
f 692 708 707
f 692 693 708
f 693 709 708
f 693 694 709
f 694 710 709
f 694 695 710
f 695 711 710
f 695 696 711
f 696 712 711
f 696 697 712
f 697 713 712
f 697 698 713
f 698 714 713
f 698 699 714
f 699 715 714
f 699 700 715
f 700 716 715
f 700 701 716
f 701 717 716
f 701 702 717
f 702 718 717
f 702 703 718
f 703 719 718
f 703 704 719
f 704 720 719
f 705 706 721
f 706 722 721
f 706 707 722
f 707 723 722
f 707 708 723
f 708 724 723
f 708 709 724
f 709 725 724
f 709 710 725
f 710 726 725
f 710 711 726
f 711 727 726
f 711 712 727
f 712 728 727
f 712 713 728
f 713 729 728
f 713 714 729
f 714 730 729
f 714 715 730
f 715 731 730
f 715 716 731
f 716 732 731
f 716 717 732
f 717 733 732
f 717 718 733
f 718 734 733
f 718 719 734
f 719 735 734
f 719 720 735
f 720 736 735
f 721 722 737
f 722 738 737
f 722 723 738
f 723 739 738
f 723 724 739
f 724 740 739
f 724 725 740
f 725 741 740
f 725 726 741
f 726 742 741
f 726 727 742
f 727 743 742
f 727 728 743
f 728 744 743
f 728 729 744
f 729 745 744
f 729 730 745
f 730 746 745
f 730 731 746
f 731 747 746
f 731 732 747
f 732 748 747
f 732 733 748
f 733 749 748
f 733 734 749
f 734 750 749
f 734 735 750
f 735 751 750
f 735 736 751
f 736 752 751
f 737 738 753
f 738 754 753
f 738 739 754
f 739 755 754
f 739 740 755
f 740 756 755
f 740 741 756
f 741 757 756
f 741 742 757
f 742 758 757
f 742 743 758
f 743 759 758
f 743 744 759
f 744 760 759
f 744 745 760
f 745 761 760
f 745 746 761
f 746 762 761
f 746 747 762
f 747 763 762
f 747 748 763
f 748 764 763
f 748 749 764
f 749 765 764
f 749 750 765
f 750 766 765
f 750 751 766
f 751 767 766
f 751 752 767
f 752 768 767
f 753 754 769
f 754 770 769
f 754 755 770
f 755 771 770
f 755 756 771
f 756 772 771
f 756 757 772
f 757 773 772
f 757 758 773
f 758 774 773
f 758 759 774
f 759 775 774
f 759 760 775
f 760 776 775
f 760 761 776
f 761 777 776
f 761 762 777
f 762 778 777
f 762 763 778
f 763 779 778
f 763 764 779
f 764 780 779
f 764 765 780
f 765 781 780
f 765 766 781
f 766 782 781
f 766 767 782
f 767 783 782
f 767 768 783
f 768 784 783
f 769 770 785
f 770 786 785
f 770 771 786
f 771 787 786
f 771 772 787
f 772 788 787
f 772 773 788
f 773 789 788
f 773 774 789
f 774 790 789
f 774 775 790
f 775 791 790
f 775 776 791
f 776 792 791
f 776 777 792
f 777 793 792
f 777 778 793
f 778 794 793
f 778 779 794
f 779 795 794
f 779 780 795
f 780 796 795
f 780 781 796
f 781 797 796
f 781 782 797
f 782 798 797
f 782 783 798
f 783 799 798
f 783 784 799
f 784 800 799
f 785 786 801
f 786 802 801
f 786 787 802
f 787 803 802
f 787 788 803
f 788 804 803
f 788 789 804
f 789 805 804
f 789 790 805
f 790 806 805
f 790 791 806
f 791 807 806
f 791 792 807
f 792 808 807
f 792 793 808
f 793 809 808
f 793 794 809
f 794 810 809
f 794 795 810
f 795 811 810
f 795 796 811
f 796 812 811
f 796 797 812
f 797 813 812
f 797 798 813
f 798 814 813
f 798 799 814
f 799 815 814
f 799 800 815
f 800 816 815
f 801 802 817
f 802 818 817
f 802 803 818
f 803 819 818
f 803 804 819
f 804 820 819
f 804 805 820
f 805 821 820
f 805 806 821
f 806 822 821
f 806 807 822
f 807 823 822
f 807 808 823
f 808 824 823
f 808 809 824
f 809 825 824
f 809 810 825
f 810 826 825
f 810 811 826
f 811 827 826
f 811 812 827
f 812 828 827
f 812 813 828
f 813 829 828
f 813 814 829
f 814 830 829
f 814 815 830
f 815 831 830
f 815 816 831
f 816 832 831
f 817 818 833
f 818 834 833
f 818 819 834
f 819 835 834
f 819 820 835
f 820 836 835
f 820 821 836
f 821 837 836
f 821 822 837
f 822 838 837
f 822 823 838
f 823 839 838
f 823 824 839
f 824 840 839
f 824 825 840
f 825 841 840
f 825 826 841
f 826 842 841
f 826 827 842
f 827 843 842
f 827 828 843
f 828 844 843
f 828 829 844
f 829 845 844
f 829 830 845
f 830 846 845
f 830 831 846
f 831 847 846
f 831 832 847
f 832 848 847
f 833 834 849
f 834 850 849
f 834 835 850
f 835 851 850
f 835 836 851
f 836 852 851
f 836 837 852
f 837 853 852
f 837 838 853
f 838 854 853
f 838 839 854
f 839 855 854
f 839 840 855
f 840 856 855
f 840 841 856
f 841 857 856
f 841 842 857
f 842 858 857
f 842 843 858
f 843 859 858
f 843 844 859
f 844 860 859
f 844 845 860
f 845 861 860
f 845 846 861
f 846 862 861
f 846 847 862
f 847 863 862
f 847 848 863
f 848 864 863
f 849 850 865
f 850 866 865
f 850 851 866
f 851 867 866
f 851 852 867
f 852 868 867
f 852 853 868
f 853 869 868
f 853 854 869
f 854 870 869
f 854 855 870
f 855 871 870
f 855 856 871
f 856 872 871
f 856 857 872
f 857 873 872
f 857 858 873
f 858 874 873
f 858 859 874
f 859 875 874
f 859 860 875
f 860 876 875
f 860 861 876
f 861 877 876
f 861 862 877
f 862 878 877
f 862 863 878
f 863 879 878
f 863 864 879
f 864 880 879
f 865 866 881
f 866 882 881
f 866 867 882
f 867 883 882
f 867 868 883
f 868 884 883
f 868 869 884
f 869 885 884
f 869 870 885
f 870 886 885
f 870 871 886
f 871 887 886
f 871 872 887
f 872 888 887
f 872 873 888
f 873 889 888
f 873 874 889
f 874 890 889
f 874 875 890
f 875 891 890
f 875 876 891
f 876 892 891
f 876 877 892
f 877 893 892
f 877 878 893
f 878 894 893
f 878 879 894
f 879 895 894
f 879 880 895
f 880 896 895
f 881 882 897
f 882 898 897
f 882 883 898
f 883 899 898
f 883 884 899
f 884 900 899
f 884 885 900
f 885 901 900
f 885 886 901
f 886 902 901
f 886 887 902
f 887 903 902
f 887 888 903
f 888 904 903
f 888 889 904
f 889 905 904
f 889 890 905
f 890 906 905
f 890 891 906
f 891 907 906
f 891 892 907
f 892 908 907
f 892 893 908
f 893 909 908
f 893 894 909
f 894 910 909
f 894 895 910
f 895 911 910
f 895 896 911
f 896 912 911
f 897 898 913
f 898 914 913
f 898 899 914
f 899 915 914
f 899 900 915
f 900 916 915
f 900 901 916
f 901 917 916
f 901 902 917
f 902 918 917
f 902 903 918
f 903 919 918
f 903 904 919
f 904 920 919
f 904 905 920
f 905 921 920
f 905 906 921
f 906 922 921
f 906 907 922
f 907 923 922
f 907 908 923
f 908 924 923
f 908 909 924
f 909 925 924
f 909 910 925
f 910 926 925
f 910 911 926
f 911 927 926
f 911 912 927
f 912 928 927
f 913 914 929
f 914 930 929
f 914 915 930
f 915 931 930
f 915 916 931
f 916 932 931
f 916 917 932
f 917 933 932
f 917 918 933
f 918 934 933
f 918 919 934
f 919 935 934
f 919 920 935
f 920 936 935
f 920 921 936
f 921 937 936
f 921 922 937
f 922 938 937
f 922 923 938
f 923 939 938
f 923 924 939
f 924 940 939
f 924 925 940
f 925 941 940
f 925 926 941
f 926 942 941
f 926 927 942
f 927 943 942
f 927 928 943
f 928 944 943
f 929 930 945
f 930 946 945
f 930 931 946
f 931 947 946
f 931 932 947
f 932 948 947
f 932 933 948
f 933 949 948
f 933 934 949
f 934 950 949
f 934 935 950
f 935 951 950
f 935 936 951
f 936 952 951
f 936 937 952
f 937 953 952
f 937 938 953
f 938 954 953
f 938 939 954
f 939 955 954
f 939 940 955
f 940 956 955
f 940 941 956
f 941 957 956
f 941 942 957
f 942 958 957
f 942 943 958
f 943 959 958
f 943 944 959
f 944 960 959
f 945 946 961
f 946 962 961
f 946 947 962
f 947 963 962
f 947 948 963
f 948 964 963
f 948 949 964
f 949 965 964
f 949 950 965
f 950 966 965
f 950 951 966
f 951 967 966
f 951 952 967
f 952 968 967
f 952 953 968
f 953 969 968
f 953 954 969
f 954 970 969
f 954 955 970
f 955 971 970
f 955 956 971
f 956 972 971
f 956 957 972
f 957 973 972
f 957 958 973
f 958 974 973
f 958 959 974
f 959 975 974
f 959 960 975
f 960 976 975
f 961 962 977
f 962 978 977
f 962 963 978
f 963 979 978
f 963 964 979
f 964 980 979
f 964 965 980
f 965 981 980
f 965 966 981
f 966 982 981
f 966 967 982
f 967 983 982
f 967 968 983
f 968 984 983
f 968 969 984
f 969 985 984
f 969 970 985
f 970 986 985
f 970 971 986
f 971 987 986
f 971 972 987
f 972 988 987
f 972 973 988
f 973 989 988
f 973 974 989
f 974 990 989
f 974 975 990
f 975 991 990
f 975 976 991
f 976 992 991
f 977 978 993
f 978 994 993
f 978 979 994
f 979 995 994
f 979 980 995
f 980 996 995
f 980 981 996
f 981 997 996
f 981 982 997
f 982 998 997
f 982 983 998
f 983 999 998
f 983 984 999
f 984 1000 999
f 984 985 1000
f 985 1001 1000
f 985 986 1001
f 986 1002 1001
f 986 987 1002
f 987 1003 1002
f 987 988 1003
f 988 1004 1003
f 988 989 1004
f 989 1005 1004
f 989 990 1005
f 990 1006 1005
f 990 991 1006
f 991 1007 1006
f 991 992 1007
f 992 1008 1007
f 993 994 1009
f 994 1010 1009
f 994 995 1010
f 995 1011 1010
f 995 996 1011
f 996 1012 1011
f 996 997 1012
f 997 1013 1012
f 997 998 1013
f 998 1014 1013
f 998 999 1014
f 999 1015 1014
f 999 1000 1015
f 1000 1016 1015
f 1000 1001 1016
f 1001 1017 1016
f 1001 1002 1017
f 1002 1018 1017
f 1002 1003 1018
f 1003 1019 1018
f 1003 1004 1019
f 1004 1020 1019
f 1004 1005 1020
f 1005 1021 1020
f 1005 1006 1021
f 1006 1022 1021
f 1006 1007 1022
f 1007 1023 1022
f 1007 1008 1023
f 1008 1024 1023
f 1009 1010 1025
f 1010 1026 1025
f 1010 1011 1026
f 1011 1027 1026
f 1011 1012 1027
f 1012 1028 1027
f 1012 1013 1028
f 1013 1029 1028
f 1013 1014 1029
f 1014 1030 1029
f 1014 1015 1030
f 1015 1031 1030
f 1015 1016 1031
f 1016 1032 1031
f 1016 1017 1032
f 1017 1033 1032
f 1017 1018 1033
f 1018 1034 1033
f 1018 1019 1034
f 1019 1035 1034
f 1019 1020 1035
f 1020 1036 1035
f 1020 1021 1036
f 1021 1037 1036
f 1021 1022 1037
f 1022 1038 1037
f 1022 1023 1038
f 1023 1039 1038
f 1023 1024 1039
f 1024 1040 1039
f 1025 1026 1041
f 1026 1042 1041
f 1026 1027 1042
f 1027 1043 1042
f 1027 1028 1043
f 1028 1044 1043
f 1028 1029 1044
f 1029 1045 1044
f 1029 1030 1045
f 1030 1046 1045
f 1030 1031 1046
f 1031 1047 1046
f 1031 1032 1047
f 1032 1048 1047
f 1032 1033 1048
f 1033 1049 1048
f 1033 1034 1049
f 1034 1050 1049
f 1034 1035 1050
f 1035 1051 1050
f 1035 1036 1051
f 1036 1052 1051
f 1036 1037 1052
f 1037 1053 1052
f 1037 1038 1053
f 1038 1054 1053
f 1038 1039 1054
f 1039 1055 1054
f 1039 1040 1055
f 1040 1056 1055
f 1041 1042 1057
f 1042 1058 1057
f 1042 1043 1058
f 1043 1059 1058
f 1043 1044 1059
f 1044 1060 1059
f 1044 1045 1060
f 1045 1061 1060
f 1045 1046 1061
f 1046 1062 1061
f 1046 1047 1062
f 1047 1063 1062
f 1047 1048 1063
f 1048 1064 1063
f 1048 1049 1064
f 1049 1065 1064
f 1049 1050 1065
f 1050 1066 1065
f 1050 1051 1066
f 1051 1067 1066
f 1051 1052 1067
f 1052 1068 1067
f 1052 1053 1068
f 1053 1069 1068
f 1053 1054 1069
f 1054 1070 1069
f 1054 1055 1070
f 1055 1071 1070
f 1055 1056 1071
f 1056 1072 1071
f 1057 1058 1073
f 1058 1074 1073
f 1058 1059 1074
f 1059 1075 1074
f 1059 1060 1075
f 1060 1076 1075
f 1060 1061 1076
f 1061 1077 1076
f 1061 1062 1077
f 1062 1078 1077
f 1062 1063 1078
f 1063 1079 1078
f 1063 1064 1079
f 1064 1080 1079
f 1064 1065 1080
f 1065 1081 1080
f 1065 1066 1081
f 1066 1082 1081
f 1066 1067 1082
f 1067 1083 1082
f 1067 1068 1083
f 1068 1084 1083
f 1068 1069 1084
f 1069 1085 1084
f 1069 1070 1085
f 1070 1086 1085
f 1070 1071 1086
f 1071 1087 1086
f 1071 1072 1087
f 1072 1088 1087
f 1073 1074 1089
f 1074 1090 1089
f 1074 1075 1090
f 1075 1091 1090
f 1075 1076 1091
f 1076 1092 1091
f 1076 1077 1092
f 1077 1093 1092
f 1077 1078 1093
f 1078 1094 1093
f 1078 1079 1094
f 1079 1095 1094
f 1079 1080 1095
f 1080 1096 1095
f 1080 1081 1096
f 1081 1097 1096
f 1081 1082 1097
f 1082 1098 1097
f 1082 1083 1098
f 1083 1099 1098
f 1083 1084 1099
f 1084 1100 1099
f 1084 1085 1100
f 1085 1101 1100
f 1085 1086 1101
f 1086 1102 1101
f 1086 1087 1102
f 1087 1103 1102
f 1087 1088 1103
f 1088 1104 1103
f 1089 1090 1105
f 1090 1106 1105
f 1090 1091 1106
f 1091 1107 1106
f 1091 1092 1107
f 1092 1108 1107
f 1092 1093 1108
f 1093 1109 1108
f 1093 1094 1109
f 1094 1110 1109
f 1094 1095 1110
f 1095 1111 1110
f 1095 1096 1111
f 1096 1112 1111
f 1096 1097 1112
f 1097 1113 1112
f 1097 1098 1113
f 1098 1114 1113
f 1098 1099 1114
f 1099 1115 1114
f 1099 1100 1115
f 1100 1116 1115
f 1100 1101 1116
f 1101 1117 1116
f 1101 1102 1117
f 1102 1118 1117
f 1102 1103 1118
f 1103 1119 1118
f 1103 1104 1119
f 1104 1120 1119
f 1105 1106 1121
f 1106 1122 1121
f 1106 1107 1122
f 1107 1123 1122
f 1107 1108 1123
f 1108 1124 1123
f 1108 1109 1124
f 1109 1125 1124
f 1109 1110 1125
f 1110 1126 1125
f 1110 1111 1126
f 1111 1127 1126
f 1111 1112 1127
f 1112 1128 1127
f 1112 1113 1128
f 1113 1129 1128
f 1113 1114 1129
f 1114 1130 1129
f 1114 1115 1130
f 1115 1131 1130
f 1115 1116 1131
f 1116 1132 1131
f 1116 1117 1132
f 1117 1133 1132
f 1117 1118 1133
f 1118 1134 1133
f 1118 1119 1134
f 1119 1135 1134
f 1119 1120 1135
f 1120 1136 1135
f 1121 1122 1137
f 1122 1138 1137
f 1122 1123 1138
f 1123 1139 1138
f 1123 1124 1139
f 1124 1140 1139
f 1124 1125 1140
f 1125 1141 1140
f 1125 1126 1141
f 1126 1142 1141
f 1126 1127 1142
f 1127 1143 1142
f 1127 1128 1143
f 1128 1144 1143
f 1128 1129 1144
f 1129 1145 1144
f 1129 1130 1145
f 1130 1146 1145
f 1130 1131 1146
f 1131 1147 1146
f 1131 1132 1147
f 1132 1148 1147
f 1132 1133 1148
f 1133 1149 1148
f 1133 1134 1149
f 1134 1150 1149
f 1134 1135 1150
f 1135 1151 1150
f 1135 1136 1151
f 1136 1152 1151
f 1137 1138 1153
f 1138 1154 1153
f 1138 1139 1154
f 1139 1155 1154
f 1139 1140 1155
f 1140 1156 1155
f 1140 1141 1156
f 1141 1157 1156
f 1141 1142 1157
f 1142 1158 1157
f 1142 1143 1158
f 1143 1159 1158
f 1143 1144 1159
f 1144 1160 1159
f 1144 1145 1160
f 1145 1161 1160
f 1145 1146 1161
f 1146 1162 1161
f 1146 1147 1162
f 1147 1163 1162
f 1147 1148 1163
f 1148 1164 1163
f 1148 1149 1164
f 1149 1165 1164
f 1149 1150 1165
f 1150 1166 1165
f 1150 1151 1166
f 1151 1167 1166
f 1151 1152 1167
f 1152 1168 1167
f 1153 1154 1169
f 1154 1170 1169
f 1154 1155 1170
f 1155 1171 1170
f 1155 1156 1171
f 1156 1172 1171
f 1156 1157 1172
f 1157 1173 1172
f 1157 1158 1173
f 1158 1174 1173
f 1158 1159 1174
f 1159 1175 1174
f 1159 1160 1175
f 1160 1176 1175
f 1160 1161 1176
f 1161 1177 1176
f 1161 1162 1177
f 1162 1178 1177
f 1162 1163 1178
f 1163 1179 1178
f 1163 1164 1179
f 1164 1180 1179
f 1164 1165 1180
f 1165 1181 1180
f 1165 1166 1181
f 1166 1182 1181
f 1166 1167 1182
f 1167 1183 1182
f 1167 1168 1183
f 1168 1184 1183
f 1169 1170 1185
f 1170 1186 1185
f 1170 1171 1186
f 1171 1187 1186
f 1171 1172 1187
f 1172 1188 1187
f 1172 1173 1188
f 1173 1189 1188
f 1173 1174 1189
f 1174 1190 1189
f 1174 1175 1190
f 1175 1191 1190
f 1175 1176 1191
f 1176 1192 1191
f 1176 1177 1192
f 1177 1193 1192
f 1177 1178 1193
f 1178 1194 1193
f 1178 1179 1194
f 1179 1195 1194
f 1179 1180 1195
f 1180 1196 1195
f 1180 1181 1196
f 1181 1197 1196
f 1181 1182 1197
f 1182 1198 1197
f 1182 1183 1198
f 1183 1199 1198
f 1183 1184 1199
f 1184 1200 1199
f 1185 1186 1201
f 1186 1202 1201
f 1186 1187 1202
f 1187 1203 1202
f 1187 1188 1203
f 1188 1204 1203
f 1188 1189 1204
f 1189 1205 1204
f 1189 1190 1205
f 1190 1206 1205
f 1190 1191 1206
f 1191 1207 1206
f 1191 1192 1207
f 1192 1208 1207
f 1192 1193 1208
f 1193 1209 1208
f 1193 1194 1209
f 1194 1210 1209
f 1194 1195 1210
f 1195 1211 1210
f 1195 1196 1211
f 1196 1212 1211
f 1196 1197 1212
f 1197 1213 1212
f 1197 1198 1213
f 1198 1214 1213
f 1198 1199 1214
f 1199 1215 1214
f 1199 1200 1215
f 1200 1216 1215
f 1201 1202 1217
f 1202 1218 1217
f 1202 1203 1218
f 1203 1219 1218
f 1203 1204 1219
f 1204 1220 1219
f 1204 1205 1220
f 1205 1221 1220
f 1205 1206 1221
f 1206 1222 1221
f 1206 1207 1222
f 1207 1223 1222
f 1207 1208 1223
f 1208 1224 1223
f 1208 1209 1224
f 1209 1225 1224
f 1209 1210 1225
f 1210 1226 1225
f 1210 1211 1226
f 1211 1227 1226
f 1211 1212 1227
f 1212 1228 1227
f 1212 1213 1228
f 1213 1229 1228
f 1213 1214 1229
f 1214 1230 1229
f 1214 1215 1230
f 1215 1231 1230
f 1215 1216 1231
f 1216 1232 1231
f 1217 1218 1233
f 1218 1234 1233
f 1218 1219 1234
f 1219 1235 1234
f 1219 1220 1235
f 1220 1236 1235
f 1220 1221 1236
f 1221 1237 1236
f 1221 1222 1237
f 1222 1238 1237
f 1222 1223 1238
f 1223 1239 1238
f 1223 1224 1239
f 1224 1240 1239
f 1224 1225 1240
f 1225 1241 1240
f 1225 1226 1241
f 1226 1242 1241
f 1226 1227 1242
f 1227 1243 1242
f 1227 1228 1243
f 1228 1244 1243
f 1228 1229 1244
f 1229 1245 1244
f 1229 1230 1245
f 1230 1246 1245
f 1230 1231 1246
f 1231 1247 1246
f 1231 1232 1247
f 1232 1248 1247
f 1233 1234 1249
f 1234 1250 1249
f 1234 1235 1250
f 1235 1251 1250
f 1235 1236 1251
f 1236 1252 1251
f 1236 1237 1252
f 1237 1253 1252
f 1237 1238 1253
f 1238 1254 1253
f 1238 1239 1254
f 1239 1255 1254
f 1239 1240 1255
f 1240 1256 1255
f 1240 1241 1256
f 1241 1257 1256
f 1241 1242 1257
f 1242 1258 1257
f 1242 1243 1258
f 1243 1259 1258
f 1243 1244 1259
f 1244 1260 1259
f 1244 1245 1260
f 1245 1261 1260
f 1245 1246 1261
f 1246 1262 1261
f 1246 1247 1262
f 1247 1263 1262
f 1247 1248 1263
f 1248 1264 1263
f 1249 1250 1265
f 1250 1266 1265
f 1250 1251 1266
f 1251 1267 1266
f 1251 1252 1267
f 1252 1268 1267
f 1252 1253 1268
f 1253 1269 1268
f 1253 1254 1269
f 1254 1270 1269
f 1254 1255 1270
f 1255 1271 1270
f 1255 1256 1271
f 1256 1272 1271
f 1256 1257 1272
f 1257 1273 1272
f 1257 1258 1273
f 1258 1274 1273
f 1258 1259 1274
f 1259 1275 1274
f 1259 1260 1275
f 1260 1276 1275
f 1260 1261 1276
f 1261 1277 1276
f 1261 1262 1277
f 1262 1278 1277
f 1262 1263 1278
f 1263 1279 1278
f 1263 1264 1279
f 1264 1280 1279
f 1265 1266 1281
f 1266 1282 1281
f 1266 1267 1282
f 1267 1283 1282
f 1267 1268 1283
f 1268 1284 1283
f 1268 1269 1284
f 1269 1285 1284
f 1269 1270 1285
f 1270 1286 1285
f 1270 1271 1286
f 1271 1287 1286
f 1271 1272 1287
f 1272 1288 1287
f 1272 1273 1288
f 1273 1289 1288
f 1273 1274 1289
f 1274 1290 1289
f 1274 1275 1290
f 1275 1291 1290
f 1275 1276 1291
f 1276 1292 1291
f 1276 1277 1292
f 1277 1293 1292
f 1277 1278 1293
f 1278 1294 1293
f 1278 1279 1294
f 1279 1295 1294
f 1279 1280 1295
f 1280 1296 1295
f 1281 1282 1297
f 1282 1298 1297
f 1282 1283 1298
f 1283 1299 1298
f 1283 1284 1299
f 1284 1300 1299
f 1284 1285 1300
f 1285 1301 1300
f 1285 1286 1301
f 1286 1302 1301
f 1286 1287 1302
f 1287 1303 1302
f 1287 1288 1303
f 1288 1304 1303
f 1288 1289 1304
f 1289 1305 1304
f 1289 1290 1305
f 1290 1306 1305
f 1290 1291 1306
f 1291 1307 1306
f 1291 1292 1307
f 1292 1308 1307
f 1292 1293 1308
f 1293 1309 1308
f 1293 1294 1309
f 1294 1310 1309
f 1294 1295 1310
f 1295 1311 1310
f 1295 1296 1311
f 1296 1312 1311
f 1297 1298 1313
f 1298 1314 1313
f 1298 1299 1314
f 1299 1315 1314
f 1299 1300 1315
f 1300 1316 1315
f 1300 1301 1316
f 1301 1317 1316
f 1301 1302 1317
f 1302 1318 1317
f 1302 1303 1318
f 1303 1319 1318
f 1303 1304 1319
f 1304 1320 1319
f 1304 1305 1320
f 1305 1321 1320
f 1305 1306 1321
f 1306 1322 1321
f 1306 1307 1322
f 1307 1323 1322
f 1307 1308 1323
f 1308 1324 1323
f 1308 1309 1324
f 1309 1325 1324
f 1309 1310 1325
f 1310 1326 1325
f 1310 1311 1326
f 1311 1327 1326
f 1311 1312 1327
f 1312 1328 1327
f 1313 1314 1329
f 1314 1330 1329
f 1314 1315 1330
f 1315 1331 1330
f 1315 1316 1331
f 1316 1332 1331
f 1316 1317 1332
f 1317 1333 1332
f 1317 1318 1333
f 1318 1334 1333
f 1318 1319 1334
f 1319 1335 1334
f 1319 1320 1335
f 1320 1336 1335
f 1320 1321 1336
f 1321 1337 1336
f 1321 1322 1337
f 1322 1338 1337
f 1322 1323 1338
f 1323 1339 1338
f 1323 1324 1339
f 1324 1340 1339
f 1324 1325 1340
f 1325 1341 1340
f 1325 1326 1341
f 1326 1342 1341
f 1326 1327 1342
f 1327 1343 1342
f 1327 1328 1343
f 1328 1344 1343
f 1329 1330 1345
f 1330 1346 1345
f 1330 1331 1346
f 1331 1347 1346
f 1331 1332 1347
f 1332 1348 1347
f 1332 1333 1348
f 1333 1349 1348
f 1333 1334 1349
f 1334 1350 1349
f 1334 1335 1350
f 1335 1351 1350
f 1335 1336 1351
f 1336 1352 1351
f 1336 1337 1352
f 1337 1353 1352
f 1337 1338 1353
f 1338 1354 1353
f 1338 1339 1354
f 1339 1355 1354
f 1339 1340 1355
f 1340 1356 1355
f 1340 1341 1356
f 1341 1357 1356
f 1341 1342 1357
f 1342 1358 1357
f 1342 1343 1358
f 1343 1359 1358
f 1343 1344 1359
f 1344 1360 1359
f 1345 1346 1361
f 1346 1362 1361
f 1346 1347 1362
f 1347 1363 1362
f 1347 1348 1363
f 1348 1364 1363
f 1348 1349 1364
f 1349 1365 1364
f 1349 1350 1365
f 1350 1366 1365
f 1350 1351 1366
f 1351 1367 1366
f 1351 1352 1367
f 1352 1368 1367
f 1352 1353 1368
f 1353 1369 1368
f 1353 1354 1369
f 1354 1370 1369
f 1354 1355 1370
f 1355 1371 1370
f 1355 1356 1371
f 1356 1372 1371
f 1356 1357 1372
f 1357 1373 1372
f 1357 1358 1373
f 1358 1374 1373
f 1358 1359 1374
f 1359 1375 1374
f 1359 1360 1375
f 1360 1376 1375
f 1361 1362 1377
f 1362 1378 1377
f 1362 1363 1378
f 1363 1379 1378
f 1363 1364 1379
f 1364 1380 1379
f 1364 1365 1380
f 1365 1381 1380
f 1365 1366 1381
f 1366 1382 1381
f 1366 1367 1382
f 1367 1383 1382
f 1367 1368 1383
f 1368 1384 1383
f 1368 1369 1384
f 1369 1385 1384
f 1369 1370 1385
f 1370 1386 1385
f 1370 1371 1386
f 1371 1387 1386
f 1371 1372 1387
f 1372 1388 1387
f 1372 1373 1388
f 1373 1389 1388
f 1373 1374 1389
f 1374 1390 1389
f 1374 1375 1390
f 1375 1391 1390
f 1375 1376 1391
f 1376 1392 1391
f 1377 1378 1393
f 1378 1394 1393
f 1378 1379 1394
f 1379 1395 1394
f 1379 1380 1395
f 1380 1396 1395
f 1380 1381 1396
f 1381 1397 1396
f 1381 1382 1397
f 1382 1398 1397
f 1382 1383 1398
f 1383 1399 1398
f 1383 1384 1399
f 1384 1400 1399
f 1384 1385 1400
f 1385 1401 1400
f 1385 1386 1401
f 1386 1402 1401
f 1386 1387 1402
f 1387 1403 1402
f 1387 1388 1403
f 1388 1404 1403
f 1388 1389 1404
f 1389 1405 1404
f 1389 1390 1405
f 1390 1406 1405
f 1390 1391 1406
f 1391 1407 1406
f 1391 1392 1407
f 1392 1408 1407
f 1393 1394 1409
f 1394 1410 1409
f 1394 1395 1410
f 1395 1411 1410
f 1395 1396 1411
f 1396 1412 1411
f 1396 1397 1412
f 1397 1413 1412
f 1397 1398 1413
f 1398 1414 1413
f 1398 1399 1414
f 1399 1415 1414
f 1399 1400 1415
f 1400 1416 1415
f 1400 1401 1416
f 1401 1417 1416
f 1401 1402 1417
f 1402 1418 1417
f 1402 1403 1418
f 1403 1419 1418
f 1403 1404 1419
f 1404 1420 1419
f 1404 1405 1420
f 1405 1421 1420
f 1405 1406 1421
f 1406 1422 1421
f 1406 1407 1422
f 1407 1423 1422
f 1407 1408 1423
f 1408 1424 1423
f 1409 1410 1425
f 1410 1426 1425
f 1410 1411 1426
f 1411 1427 1426
f 1411 1412 1427
f 1412 1428 1427
f 1412 1413 1428
f 1413 1429 1428
f 1413 1414 1429
f 1414 1430 1429
f 1414 1415 1430
f 1415 1431 1430
f 1415 1416 1431
f 1416 1432 1431
f 1416 1417 1432
f 1417 1433 1432
f 1417 1418 1433
f 1418 1434 1433
f 1418 1419 1434
f 1419 1435 1434
f 1419 1420 1435
f 1420 1436 1435
f 1420 1421 1436
f 1421 1437 1436
f 1421 1422 1437
f 1422 1438 1437
f 1422 1423 1438
f 1423 1439 1438
f 1423 1424 1439
f 1424 1440 1439
f 1425 1426 1441
f 1426 1442 1441
f 1426 1427 1442
f 1427 1443 1442
f 1427 1428 1443
f 1428 1444 1443
f 1428 1429 1444
f 1429 1445 1444
f 1429 1430 1445
f 1430 1446 1445
f 1430 1431 1446
f 1431 1447 1446
f 1431 1432 1447
f 1432 1448 1447
f 1432 1433 1448
f 1433 1449 1448
f 1433 1434 1449
f 1434 1450 1449
f 1434 1435 1450
f 1435 1451 1450
f 1435 1436 1451
f 1436 1452 1451
f 1436 1437 1452
f 1437 1453 1452
f 1437 1438 1453
f 1438 1454 1453
f 1438 1439 1454
f 1439 1455 1454
f 1439 1440 1455
f 1440 1456 1455
f 1441 1442 1457
f 1442 1458 1457
f 1442 1443 1458
f 1443 1459 1458
f 1443 1444 1459
f 1444 1460 1459
f 1444 1445 1460
f 1445 1461 1460
f 1445 1446 1461
f 1446 1462 1461
f 1446 1447 1462
f 1447 1463 1462
f 1447 1448 1463
f 1448 1464 1463
f 1448 1449 1464
f 1449 1465 1464
f 1449 1450 1465
f 1450 1466 1465
f 1450 1451 1466
f 1451 1467 1466
f 1451 1452 1467
f 1452 1468 1467
f 1452 1453 1468
f 1453 1469 1468
f 1453 1454 1469
f 1454 1470 1469
f 1454 1455 1470
f 1455 1471 1470
f 1455 1456 1471
f 1456 1472 1471
f 1457 1458 1473
f 1458 1474 1473
f 1458 1459 1474
f 1459 1475 1474
f 1459 1460 1475
f 1460 1476 1475
f 1460 1461 1476
f 1461 1477 1476
f 1461 1462 1477
f 1462 1478 1477
f 1462 1463 1478
f 1463 1479 1478
f 1463 1464 1479
f 1464 1480 1479
f 1464 1465 1480
f 1465 1481 1480
f 1465 1466 1481
f 1466 1482 1481
f 1466 1467 1482
f 1467 1483 1482
f 1467 1468 1483
f 1468 1484 1483
f 1468 1469 1484
f 1469 1485 1484
f 1469 1470 1485
f 1470 1486 1485
f 1470 1471 1486
f 1471 1487 1486
f 1471 1472 1487
f 1472 1488 1487
f 1473 1474 1489
f 1474 1490 1489
f 1474 1475 1490
f 1475 1491 1490
f 1475 1476 1491
f 1476 1492 1491
f 1476 1477 1492
f 1477 1493 1492
f 1477 1478 1493
f 1478 1494 1493
f 1478 1479 1494
f 1479 1495 1494
f 1479 1480 1495
f 1480 1496 1495
f 1480 1481 1496
f 1481 1497 1496
f 1481 1482 1497
f 1482 1498 1497
f 1482 1483 1498
f 1483 1499 1498
f 1483 1484 1499
f 1484 1500 1499
f 1484 1485 1500
f 1485 1501 1500
f 1485 1486 1501
f 1486 1502 1501
f 1486 1487 1502
f 1487 1503 1502
f 1487 1488 1503
f 1488 1504 1503
f 1489 1490 1505
f 1490 1506 1505
f 1490 1491 1506
f 1491 1507 1506
f 1491 1492 1507
f 1492 1508 1507
f 1492 1493 1508
f 1493 1509 1508
f 1493 1494 1509
f 1494 1510 1509
f 1494 1495 1510
f 1495 1511 1510
f 1495 1496 1511
f 1496 1512 1511
f 1496 1497 1512
f 1497 1513 1512
f 1497 1498 1513
f 1498 1514 1513
f 1498 1499 1514
f 1499 1515 1514
f 1499 1500 1515
f 1500 1516 1515
f 1500 1501 1516
f 1501 1517 1516
f 1501 1502 1517
f 1502 1518 1517
f 1502 1503 1518
f 1503 1519 1518
f 1503 1504 1519
f 1504 1520 1519
f 1505 1506 1521
f 1506 1522 1521
f 1506 1507 1522
f 1507 1523 1522
f 1507 1508 1523
f 1508 1524 1523
f 1508 1509 1524
f 1509 1525 1524
f 1509 1510 1525
f 1510 1526 1525
f 1510 1511 1526
f 1511 1527 1526
f 1511 1512 1527
f 1512 1528 1527
f 1512 1513 1528
f 1513 1529 1528
f 1513 1514 1529
f 1514 1530 1529
f 1514 1515 1530
f 1515 1531 1530
f 1515 1516 1531
f 1516 1532 1531
f 1516 1517 1532
f 1517 1533 1532
f 1517 1518 1533
f 1518 1534 1533
f 1518 1519 1534
f 1519 1535 1534
f 1519 1520 1535
f 1520 1536 1535
f 1537 1553 1538
f 1538 1553 1554
f 1538 1554 1539
f 1539 1554 1555
f 1539 1555 1540
f 1540 1555 1556
f 1540 1556 1541
f 1541 1556 1557
f 1541 1557 1542
f 1542 1557 1558
f 1542 1558 1543
f 1543 1558 1559
f 1543 1559 1544
f 1544 1559 1560
f 1544 1560 1545
f 1545 1560 1561
f 1545 1561 1546
f 1546 1561 1562
f 1546 1562 1547
f 1547 1562 1563
f 1547 1563 1548
f 1548 1563 1564
f 1548 1564 1549
f 1549 1564 1565
f 1549 1565 1550
f 1550 1565 1566
f 1550 1566 1551
f 1551 1566 1567
f 1551 1567 1552
f 1552 1567 1568
f 1553 1569 1554
f 1554 1569 1570
f 1554 1570 1555
f 1555 1570 1571
f 1555 1571 1556
f 1556 1571 1572
f 1556 1572 1557
f 1557 1572 1573
f 1557 1573 1558
f 1558 1573 1574
f 1558 1574 1559
f 1559 1574 1575
f 1559 1575 1560
f 1560 1575 1576
f 1560 1576 1561
f 1561 1576 1577
f 1561 1577 1562
f 1562 1577 1578
f 1562 1578 1563
f 1563 1578 1579
f 1563 1579 1564
f 1564 1579 1580
f 1564 1580 1565
f 1565 1580 1581
f 1565 1581 1566
f 1566 1581 1582
f 1566 1582 1567
f 1567 1582 1583
f 1567 1583 1568
f 1568 1583 1584
f 1569 1585 1570
f 1570 1585 1586
f 1570 1586 1571
f 1571 1586 1587
f 1571 1587 1572
f 1572 1587 1588
f 1572 1588 1573
f 1573 1588 1589
f 1573 1589 1574
f 1574 1589 1590
f 1574 1590 1575
f 1575 1590 1591
f 1575 1591 1576
f 1576 1591 1592
f 1576 1592 1577
f 1577 1592 1593
f 1577 1593 1578
f 1578 1593 1594
f 1578 1594 1579
f 1579 1594 1595
f 1579 1595 1580
f 1580 1595 1596
f 1580 1596 1581
f 1581 1596 1597
f 1581 1597 1582
f 1582 1597 1598
f 1582 1598 1583
f 1583 1598 1599
f 1583 1599 1584
f 1584 1599 1600
f 1585 1601 1586
f 1586 1601 1602
f 1586 1602 1587
f 1587 1602 1603
f 1587 1603 1588
f 1588 1603 1604
f 1588 1604 1589
f 1589 1604 1605
f 1589 1605 1590
f 1590 1605 1606
f 1590 1606 1591
f 1591 1606 1607
f 1591 1607 1592
f 1592 1607 1608
f 1592 1608 1593
f 1593 1608 1609
f 1593 1609 1594
f 1594 1609 1610
f 1594 1610 1595
f 1595 1610 1611
f 1595 1611 1596
f 1596 1611 1612
f 1596 1612 1597
f 1597 1612 1613
f 1597 1613 1598
f 1598 1613 1614
f 1598 1614 1599
f 1599 1614 1615
f 1599 1615 1600
f 1600 1615 1616
f 1601 1617 1602
f 1602 1617 1618
f 1602 1618 1603
f 1603 1618 1619
f 1603 1619 1604
f 1604 1619 1620
f 1604 1620 1605
f 1605 1620 1621
f 1605 1621 1606
f 1606 1621 1622
f 1606 1622 1607
f 1607 1622 1623
f 1607 1623 1608
f 1608 1623 1624
f 1608 1624 1609
f 1609 1624 1625
f 1609 1625 1610
f 1610 1625 1626
f 1610 1626 1611
f 1611 1626 1627
f 1611 1627 1612
f 1612 1627 1628
f 1612 1628 1613
f 1613 1628 1629
f 1613 1629 1614
f 1614 1629 1630
f 1614 1630 1615
f 1615 1630 1631
f 1615 1631 1616
f 1616 1631 1632
f 1617 1633 1618
f 1618 1633 1634
f 1618 1634 1619
f 1619 1634 1635
f 1619 1635 1620
f 1620 1635 1636
f 1620 1636 1621
f 1621 1636 1637
f 1621 1637 1622
f 1622 1637 1638
f 1622 1638 1623
f 1623 1638 1639
f 1623 1639 1624
f 1624 1639 1640
f 1624 1640 1625
f 1625 1640 1641
f 1625 1641 1626
f 1626 1641 1642
f 1626 1642 1627
f 1627 1642 1643
f 1627 1643 1628
f 1628 1643 1644
f 1628 1644 1629
f 1629 1644 1645
f 1629 1645 1630
f 1630 1645 1646
f 1630 1646 1631
f 1631 1646 1647
f 1631 1647 1632
f 1632 1647 1648
f 1633 1649 1634
f 1634 1649 1650
f 1634 1650 1635
f 1635 1650 1651
f 1635 1651 1636
f 1636 1651 1652
f 1636 1652 1637
f 1637 1652 1653
f 1637 1653 1638
f 1638 1653 1654
f 1638 1654 1639
f 1639 1654 1655
f 1639 1655 1640
f 1640 1655 1656
f 1640 1656 1641
f 1641 1656 1657
f 1641 1657 1642
f 1642 1657 1658
f 1642 1658 1643
f 1643 1658 1659
f 1643 1659 1644
f 1644 1659 1660
f 1644 1660 1645
f 1645 1660 1661
f 1645 1661 1646
f 1646 1661 1662
f 1646 1662 1647
f 1647 1662 1663
f 1647 1663 1648
f 1648 1663 1664
f 1649 1665 1650
f 1650 1665 1666
f 1650 1666 1651
f 1651 1666 1667
f 1651 1667 1652
f 1652 1667 1668
f 1652 1668 1653
f 1653 1668 1669
f 1653 1669 1654
f 1654 1669 1670
f 1654 1670 1655
f 1655 1670 1671
f 1655 1671 1656
f 1656 1671 1672
f 1656 1672 1657
f 1657 1672 1673
f 1657 1673 1658
f 1658 1673 1674
f 1658 1674 1659
f 1659 1674 1675
f 1659 1675 1660
f 1660 1675 1676
f 1660 1676 1661
f 1661 1676 1677
f 1661 1677 1662
f 1662 1677 1678
f 1662 1678 1663
f 1663 1678 1679
f 1663 1679 1664
f 1664 1679 1680
f 1665 1681 1666
f 1666 1681 1682
f 1666 1682 1667
f 1667 1682 1683
f 1667 1683 1668
f 1668 1683 1684
f 1668 1684 1669
f 1669 1684 1685
f 1669 1685 1670
f 1670 1685 1686
f 1670 1686 1671
f 1671 1686 1687
f 1671 1687 1672
f 1672 1687 1688
f 1672 1688 1673
f 1673 1688 1689
f 1673 1689 1674
f 1674 1689 1690
f 1674 1690 1675
f 1675 1690 1691
f 1675 1691 1676
f 1676 1691 1692
f 1676 1692 1677
f 1677 1692 1693
f 1677 1693 1678
f 1678 1693 1694
f 1678 1694 1679
f 1679 1694 1695
f 1679 1695 1680
f 1680 1695 1696
f 1681 1697 1682
f 1682 1697 1698
f 1682 1698 1683
f 1683 1698 1699
f 1683 1699 1684
f 1684 1699 1700
f 1684 1700 1685
f 1685 1700 1701
f 1685 1701 1686
f 1686 1701 1702
f 1686 1702 1687
f 1687 1702 1703
f 1687 1703 1688
f 1688 1703 1704
f 1688 1704 1689
f 1689 1704 1705
f 1689 1705 1690
f 1690 1705 1706
f 1690 1706 1691
f 1691 1706 1707
f 1691 1707 1692
f 1692 1707 1708
f 1692 1708 1693
f 1693 1708 1709
f 1693 1709 1694
f 1694 1709 1710
f 1694 1710 1695
f 1695 1710 1711
f 1695 1711 1696
f 1696 1711 1712
f 1697 1713 1698
f 1698 1713 1714
f 1698 1714 1699
f 1699 1714 1715
f 1699 1715 1700
f 1700 1715 1716
f 1700 1716 1701
f 1701 1716 1717
f 1701 1717 1702
f 1702 1717 1718
f 1702 1718 1703
f 1703 1718 1719
f 1703 1719 1704
f 1704 1719 1720
f 1704 1720 1705
f 1705 1720 1721
f 1705 1721 1706
f 1706 1721 1722
f 1706 1722 1707
f 1707 1722 1723
f 1707 1723 1708
f 1708 1723 1724
f 1708 1724 1709
f 1709 1724 1725
f 1709 1725 1710
f 1710 1725 1726
f 1710 1726 1711
f 1711 1726 1727
f 1711 1727 1712
f 1712 1727 1728
f 1713 1729 1714
f 1714 1729 1730
f 1714 1730 1715
f 1715 1730 1731
f 1715 1731 1716
f 1716 1731 1732
f 1716 1732 1717
f 1717 1732 1733
f 1717 1733 1718
f 1718 1733 1734
f 1718 1734 1719
f 1719 1734 1735
f 1719 1735 1720
f 1720 1735 1736
f 1720 1736 1721
f 1721 1736 1737
f 1721 1737 1722
f 1722 1737 1738
f 1722 1738 1723
f 1723 1738 1739
f 1723 1739 1724
f 1724 1739 1740
f 1724 1740 1725
f 1725 1740 1741
f 1725 1741 1726
f 1726 1741 1742
f 1726 1742 1727
f 1727 1742 1743
f 1727 1743 1728
f 1728 1743 1744
f 1729 1745 1730
f 1730 1745 1746
f 1730 1746 1731
f 1731 1746 1747
f 1731 1747 1732
f 1732 1747 1748
f 1732 1748 1733
f 1733 1748 1749
f 1733 1749 1734
f 1734 1749 1750
f 1734 1750 1735
f 1735 1750 1751
f 1735 1751 1736
f 1736 1751 1752
f 1736 1752 1737
f 1737 1752 1753
f 1737 1753 1738
f 1738 1753 1754
f 1738 1754 1739
f 1739 1754 1755
f 1739 1755 1740
f 1740 1755 1756
f 1740 1756 1741
f 1741 1756 1757
f 1741 1757 1742
f 1742 1757 1758
f 1742 1758 1743
f 1743 1758 1759
f 1743 1759 1744
f 1744 1759 1760
f 1745 1761 1746
f 1746 1761 1762
f 1746 1762 1747
f 1747 1762 1763
f 1747 1763 1748
f 1748 1763 1764
f 1748 1764 1749
f 1749 1764 1765
f 1749 1765 1750
f 1750 1765 1766
f 1750 1766 1751
f 1751 1766 1767
f 1751 1767 1752
f 1752 1767 1768
f 1752 1768 1753
f 1753 1768 1769
f 1753 1769 1754
f 1754 1769 1770
f 1754 1770 1755
f 1755 1770 1771
f 1755 1771 1756
f 1756 1771 1772
f 1756 1772 1757
f 1757 1772 1773
f 1757 1773 1758
f 1758 1773 1774
f 1758 1774 1759
f 1759 1774 1775
f 1759 1775 1760
f 1760 1775 1776
f 1761 1777 1762
f 1762 1777 1778
f 1762 1778 1763
f 1763 1778 1779
f 1763 1779 1764
f 1764 1779 1780
f 1764 1780 1765
f 1765 1780 1781
f 1765 1781 1766
f 1766 1781 1782
f 1766 1782 1767
f 1767 1782 1783
f 1767 1783 1768
f 1768 1783 1784
f 1768 1784 1769
f 1769 1784 1785
f 1769 1785 1770
f 1770 1785 1786
f 1770 1786 1771
f 1771 1786 1787
f 1771 1787 1772
f 1772 1787 1788
f 1772 1788 1773
f 1773 1788 1789
f 1773 1789 1774
f 1774 1789 1790
f 1774 1790 1775
f 1775 1790 1791
f 1775 1791 1776
f 1776 1791 1792
f 1777 1793 1778
f 1778 1793 1794
f 1778 1794 1779
f 1779 1794 1795
f 1779 1795 1780
f 1780 1795 1796
f 1780 1796 1781
f 1781 1796 1797
f 1781 1797 1782
f 1782 1797 1798
f 1782 1798 1783
f 1783 1798 1799
f 1783 1799 1784
f 1784 1799 1800
f 1784 1800 1785
f 1785 1800 1801
f 1785 1801 1786
f 1786 1801 1802
f 1786 1802 1787
f 1787 1802 1803
f 1787 1803 1788
f 1788 1803 1804
f 1788 1804 1789
f 1789 1804 1805
f 1789 1805 1790
f 1790 1805 1806
f 1790 1806 1791
f 1791 1806 1807
f 1791 1807 1792
f 1792 1807 1808
f 1793 1809 1794
f 1794 1809 1810
f 1794 1810 1795
f 1795 1810 1811
f 1795 1811 1796
f 1796 1811 1812
f 1796 1812 1797
f 1797 1812 1813
f 1797 1813 1798
f 1798 1813 1814
f 1798 1814 1799
f 1799 1814 1815
f 1799 1815 1800
f 1800 1815 1816
f 1800 1816 1801
f 1801 1816 1817
f 1801 1817 1802
f 1802 1817 1818
f 1802 1818 1803
f 1803 1818 1819
f 1803 1819 1804
f 1804 1819 1820
f 1804 1820 1805
f 1805 1820 1821
f 1805 1821 1806
f 1806 1821 1822
f 1806 1822 1807
f 1807 1822 1823
f 1807 1823 1808
f 1808 1823 1824
f 1809 1825 1810
f 1810 1825 1826
f 1810 1826 1811
f 1811 1826 1827
f 1811 1827 1812
f 1812 1827 1828
f 1812 1828 1813
f 1813 1828 1829
f 1813 1829 1814
f 1814 1829 1830
f 1814 1830 1815
f 1815 1830 1831
f 1815 1831 1816
f 1816 1831 1832
f 1816 1832 1817
f 1817 1832 1833
f 1817 1833 1818
f 1818 1833 1834
f 1818 1834 1819
f 1819 1834 1835
f 1819 1835 1820
f 1820 1835 1836
f 1820 1836 1821
f 1821 1836 1837
f 1821 1837 1822
f 1822 1837 1838
f 1822 1838 1823
f 1823 1838 1839
f 1823 1839 1824
f 1824 1839 1840
f 1825 1841 1826
f 1826 1841 1842
f 1826 1842 1827
f 1827 1842 1843
f 1827 1843 1828
f 1828 1843 1844
f 1828 1844 1829
f 1829 1844 1845
f 1829 1845 1830
f 1830 1845 1846
f 1830 1846 1831
f 1831 1846 1847
f 1831 1847 1832
f 1832 1847 1848
f 1832 1848 1833
f 1833 1848 1849
f 1833 1849 1834
f 1834 1849 1850
f 1834 1850 1835
f 1835 1850 1851
f 1835 1851 1836
f 1836 1851 1852
f 1836 1852 1837
f 1837 1852 1853
f 1837 1853 1838
f 1838 1853 1854
f 1838 1854 1839
f 1839 1854 1855
f 1839 1855 1840
f 1840 1855 1856
f 1841 1857 1842
f 1842 1857 1858
f 1842 1858 1843
f 1843 1858 1859
f 1843 1859 1844
f 1844 1859 1860
f 1844 1860 1845
f 1845 1860 1861
f 1845 1861 1846
f 1846 1861 1862
f 1846 1862 1847
f 1847 1862 1863
f 1847 1863 1848
f 1848 1863 1864
f 1848 1864 1849
f 1849 1864 1865
f 1849 1865 1850
f 1850 1865 1866
f 1850 1866 1851
f 1851 1866 1867
f 1851 1867 1852
f 1852 1867 1868
f 1852 1868 1853
f 1853 1868 1869
f 1853 1869 1854
f 1854 1869 1870
f 1854 1870 1855
f 1855 1870 1871
f 1855 1871 1856
f 1856 1871 1872
f 1857 1873 1858
f 1858 1873 1874
f 1858 1874 1859
f 1859 1874 1875
f 1859 1875 1860
f 1860 1875 1876
f 1860 1876 1861
f 1861 1876 1877
f 1861 1877 1862
f 1862 1877 1878
f 1862 1878 1863
f 1863 1878 1879
f 1863 1879 1864
f 1864 1879 1880
f 1864 1880 1865
f 1865 1880 1881
f 1865 1881 1866
f 1866 1881 1882
f 1866 1882 1867
f 1867 1882 1883
f 1867 1883 1868
f 1868 1883 1884
f 1868 1884 1869
f 1869 1884 1885
f 1869 1885 1870
f 1870 1885 1886
f 1870 1886 1871
f 1871 1886 1887
f 1871 1887 1872
f 1872 1887 1888
f 1873 1889 1874
f 1874 1889 1890
f 1874 1890 1875
f 1875 1890 1891
f 1875 1891 1876
f 1876 1891 1892
f 1876 1892 1877
f 1877 1892 1893
f 1877 1893 1878
f 1878 1893 1894
f 1878 1894 1879
f 1879 1894 1895
f 1879 1895 1880
f 1880 1895 1896
f 1880 1896 1881
f 1881 1896 1897
f 1881 1897 1882
f 1882 1897 1898
f 1882 1898 1883
f 1883 1898 1899
f 1883 1899 1884
f 1884 1899 1900
f 1884 1900 1885
f 1885 1900 1901
f 1885 1901 1886
f 1886 1901 1902
f 1886 1902 1887
f 1887 1902 1903
f 1887 1903 1888
f 1888 1903 1904
f 1889 1905 1890
f 1890 1905 1906
f 1890 1906 1891
f 1891 1906 1907
f 1891 1907 1892
f 1892 1907 1908
f 1892 1908 1893
f 1893 1908 1909
f 1893 1909 1894
f 1894 1909 1910
f 1894 1910 1895
f 1895 1910 1911
f 1895 1911 1896
f 1896 1911 1912
f 1896 1912 1897
f 1897 1912 1913
f 1897 1913 1898
f 1898 1913 1914
f 1898 1914 1899
f 1899 1914 1915
f 1899 1915 1900
f 1900 1915 1916
f 1900 1916 1901
f 1901 1916 1917
f 1901 1917 1902
f 1902 1917 1918
f 1902 1918 1903
f 1903 1918 1919
f 1903 1919 1904
f 1904 1919 1920
f 1905 1921 1906
f 1906 1921 1922
f 1906 1922 1907
f 1907 1922 1923
f 1907 1923 1908
f 1908 1923 1924
f 1908 1924 1909
f 1909 1924 1925
f 1909 1925 1910
f 1910 1925 1926
f 1910 1926 1911
f 1911 1926 1927
f 1911 1927 1912
f 1912 1927 1928
f 1912 1928 1913
f 1913 1928 1929
f 1913 1929 1914
f 1914 1929 1930
f 1914 1930 1915
f 1915 1930 1931
f 1915 1931 1916
f 1916 1931 1932
f 1916 1932 1917
f 1917 1932 1933
f 1917 1933 1918
f 1918 1933 1934
f 1918 1934 1919
f 1919 1934 1935
f 1919 1935 1920
f 1920 1935 1936
f 1921 1937 1922
f 1922 1937 1938
f 1922 1938 1923
f 1923 1938 1939
f 1923 1939 1924
f 1924 1939 1940
f 1924 1940 1925
f 1925 1940 1941
f 1925 1941 1926
f 1926 1941 1942
f 1926 1942 1927
f 1927 1942 1943
f 1927 1943 1928
f 1928 1943 1944
f 1928 1944 1929
f 1929 1944 1945
f 1929 1945 1930
f 1930 1945 1946
f 1930 1946 1931
f 1931 1946 1947
f 1931 1947 1932
f 1932 1947 1948
f 1932 1948 1933
f 1933 1948 1949
f 1933 1949 1934
f 1934 1949 1950
f 1934 1950 1935
f 1935 1950 1951
f 1935 1951 1936
f 1936 1951 1952
f 1937 1953 1938
f 1938 1953 1954
f 1938 1954 1939
f 1939 1954 1955
f 1939 1955 1940
f 1940 1955 1956
f 1940 1956 1941
f 1941 1956 1957
f 1941 1957 1942
f 1942 1957 1958
f 1942 1958 1943
f 1943 1958 1959
f 1943 1959 1944
f 1944 1959 1960
f 1944 1960 1945
f 1945 1960 1961
f 1945 1961 1946
f 1946 1961 1962
f 1946 1962 1947
f 1947 1962 1963
f 1947 1963 1948
f 1948 1963 1964
f 1948 1964 1949
f 1949 1964 1965
f 1949 1965 1950
f 1950 1965 1966
f 1950 1966 1951
f 1951 1966 1967
f 1951 1967 1952
f 1952 1967 1968
f 1953 1969 1954
f 1954 1969 1970
f 1954 1970 1955
f 1955 1970 1971
f 1955 1971 1956
f 1956 1971 1972
f 1956 1972 1957
f 1957 1972 1973
f 1957 1973 1958
f 1958 1973 1974
f 1958 1974 1959
f 1959 1974 1975
f 1959 1975 1960
f 1960 1975 1976
f 1960 1976 1961
f 1961 1976 1977
f 1961 1977 1962
f 1962 1977 1978
f 1962 1978 1963
f 1963 1978 1979
f 1963 1979 1964
f 1964 1979 1980
f 1964 1980 1965
f 1965 1980 1981
f 1965 1981 1966
f 1966 1981 1982
f 1966 1982 1967
f 1967 1982 1983
f 1967 1983 1968
f 1968 1983 1984
f 1969 1985 1970
f 1970 1985 1986
f 1970 1986 1971
f 1971 1986 1987
f 1971 1987 1972
f 1972 1987 1988
f 1972 1988 1973
f 1973 1988 1989
f 1973 1989 1974
f 1974 1989 1990
f 1974 1990 1975
f 1975 1990 1991
f 1975 1991 1976
f 1976 1991 1992
f 1976 1992 1977
f 1977 1992 1993
f 1977 1993 1978
f 1978 1993 1994
f 1978 1994 1979
f 1979 1994 1995
f 1979 1995 1980
f 1980 1995 1996
f 1980 1996 1981
f 1981 1996 1997
f 1981 1997 1982
f 1982 1997 1998
f 1982 1998 1983
f 1983 1998 1999
f 1983 1999 1984
f 1984 1999 2000
f 1985 2001 1986
f 1986 2001 2002
f 1986 2002 1987
f 1987 2002 2003
f 1987 2003 1988
f 1988 2003 2004
f 1988 2004 1989
f 1989 2004 2005
f 1989 2005 1990
f 1990 2005 2006
f 1990 2006 1991
f 1991 2006 2007
f 1991 2007 1992
f 1992 2007 2008
f 1992 2008 1993
f 1993 2008 2009
f 1993 2009 1994
f 1994 2009 2010
f 1994 2010 1995
f 1995 2010 2011
f 1995 2011 1996
f 1996 2011 2012
f 1996 2012 1997
f 1997 2012 2013
f 1997 2013 1998
f 1998 2013 2014
f 1998 2014 1999
f 1999 2014 2015
f 1999 2015 2000
f 2000 2015 2016
f 2001 2017 2002
f 2002 2017 2018
f 2002 2018 2003
f 2003 2018 2019
f 2003 2019 2004
f 2004 2019 2020
f 2004 2020 2005
f 2005 2020 2021
f 2005 2021 2006
f 2006 2021 2022
f 2006 2022 2007
f 2007 2022 2023
f 2007 2023 2008
f 2008 2023 2024
f 2008 2024 2009
f 2009 2024 2025
f 2009 2025 2010
f 2010 2025 2026
f 2010 2026 2011
f 2011 2026 2027
f 2011 2027 2012
f 2012 2027 2028
f 2012 2028 2013
f 2013 2028 2029
f 2013 2029 2014
f 2014 2029 2030
f 2014 2030 2015
f 2015 2030 2031
f 2015 2031 2016
f 2016 2031 2032
f 2017 2033 2018
f 2018 2033 2034
f 2018 2034 2019
f 2019 2034 2035
f 2019 2035 2020
f 2020 2035 2036
f 2020 2036 2021
f 2021 2036 2037
f 2021 2037 2022
f 2022 2037 2038
f 2022 2038 2023
f 2023 2038 2039
f 2023 2039 2024
f 2024 2039 2040
f 2024 2040 2025
f 2025 2040 2041
f 2025 2041 2026
f 2026 2041 2042
f 2026 2042 2027
f 2027 2042 2043
f 2027 2043 2028
f 2028 2043 2044
f 2028 2044 2029
f 2029 2044 2045
f 2029 2045 2030
f 2030 2045 2046
f 2030 2046 2031
f 2031 2046 2047
f 2031 2047 2032
f 2032 2047 2048
f 2033 2049 2034
f 2034 2049 2050
f 2034 2050 2035
f 2035 2050 2051
f 2035 2051 2036
f 2036 2051 2052
f 2036 2052 2037
f 2037 2052 2053
f 2037 2053 2038
f 2038 2053 2054
f 2038 2054 2039
f 2039 2054 2055
f 2039 2055 2040
f 2040 2055 2056
f 2040 2056 2041
f 2041 2056 2057
f 2041 2057 2042
f 2042 2057 2058
f 2042 2058 2043
f 2043 2058 2059
f 2043 2059 2044
f 2044 2059 2060
f 2044 2060 2045
f 2045 2060 2061
f 2045 2061 2046
f 2046 2061 2062
f 2046 2062 2047
f 2047 2062 2063
f 2047 2063 2048
f 2048 2063 2064
f 2049 2065 2050
f 2050 2065 2066
f 2050 2066 2051
f 2051 2066 2067
f 2051 2067 2052
f 2052 2067 2068
f 2052 2068 2053
f 2053 2068 2069
f 2053 2069 2054
f 2054 2069 2070
f 2054 2070 2055
f 2055 2070 2071
f 2055 2071 2056
f 2056 2071 2072
f 2056 2072 2057
f 2057 2072 2073
f 2057 2073 2058
f 2058 2073 2074
f 2058 2074 2059
f 2059 2074 2075
f 2059 2075 2060
f 2060 2075 2076
f 2060 2076 2061
f 2061 2076 2077
f 2061 2077 2062
f 2062 2077 2078
f 2062 2078 2063
f 2063 2078 2079
f 2063 2079 2064
f 2064 2079 2080
f 2065 2081 2066
f 2066 2081 2082
f 2066 2082 2067
f 2067 2082 2083
f 2067 2083 2068
f 2068 2083 2084
f 2068 2084 2069
f 2069 2084 2085
f 2069 2085 2070
f 2070 2085 2086
f 2070 2086 2071
f 2071 2086 2087
f 2071 2087 2072
f 2072 2087 2088
f 2072 2088 2073
f 2073 2088 2089
f 2073 2089 2074
f 2074 2089 2090
f 2074 2090 2075
f 2075 2090 2091
f 2075 2091 2076
f 2076 2091 2092
f 2076 2092 2077
f 2077 2092 2093
f 2077 2093 2078
f 2078 2093 2094
f 2078 2094 2079
f 2079 2094 2095
f 2079 2095 2080
f 2080 2095 2096
f 2081 2097 2082
f 2082 2097 2098
f 2082 2098 2083
f 2083 2098 2099
f 2083 2099 2084
f 2084 2099 2100
f 2084 2100 2085
f 2085 2100 2101
f 2085 2101 2086
f 2086 2101 2102
f 2086 2102 2087
f 2087 2102 2103
f 2087 2103 2088
f 2088 2103 2104
f 2088 2104 2089
f 2089 2104 2105
f 2089 2105 2090
f 2090 2105 2106
f 2090 2106 2091
f 2091 2106 2107
f 2091 2107 2092
f 2092 2107 2108
f 2092 2108 2093
f 2093 2108 2109
f 2093 2109 2094
f 2094 2109 2110
f 2094 2110 2095
f 2095 2110 2111
f 2095 2111 2096
f 2096 2111 2112
f 2097 2113 2098
f 2098 2113 2114
f 2098 2114 2099
f 2099 2114 2115
f 2099 2115 2100
f 2100 2115 2116
f 2100 2116 2101
f 2101 2116 2117
f 2101 2117 2102
f 2102 2117 2118
f 2102 2118 2103
f 2103 2118 2119
f 2103 2119 2104
f 2104 2119 2120
f 2104 2120 2105
f 2105 2120 2121
f 2105 2121 2106
f 2106 2121 2122
f 2106 2122 2107
f 2107 2122 2123
f 2107 2123 2108
f 2108 2123 2124
f 2108 2124 2109
f 2109 2124 2125
f 2109 2125 2110
f 2110 2125 2126
f 2110 2126 2111
f 2111 2126 2127
f 2111 2127 2112
f 2112 2127 2128
f 2113 2129 2114
f 2114 2129 2130
f 2114 2130 2115
f 2115 2130 2131
f 2115 2131 2116
f 2116 2131 2132
f 2116 2132 2117
f 2117 2132 2133
f 2117 2133 2118
f 2118 2133 2134
f 2118 2134 2119
f 2119 2134 2135
f 2119 2135 2120
f 2120 2135 2136
f 2120 2136 2121
f 2121 2136 2137
f 2121 2137 2122
f 2122 2137 2138
f 2122 2138 2123
f 2123 2138 2139
f 2123 2139 2124
f 2124 2139 2140
f 2124 2140 2125
f 2125 2140 2141
f 2125 2141 2126
f 2126 2141 2142
f 2126 2142 2127
f 2127 2142 2143
f 2127 2143 2128
f 2128 2143 2144
f 2129 2145 2130
f 2130 2145 2146
f 2130 2146 2131
f 2131 2146 2147
f 2131 2147 2132
f 2132 2147 2148
f 2132 2148 2133
f 2133 2148 2149
f 2133 2149 2134
f 2134 2149 2150
f 2134 2150 2135
f 2135 2150 2151
f 2135 2151 2136
f 2136 2151 2152
f 2136 2152 2137
f 2137 2152 2153
f 2137 2153 2138
f 2138 2153 2154
f 2138 2154 2139
f 2139 2154 2155
f 2139 2155 2140
f 2140 2155 2156
f 2140 2156 2141
f 2141 2156 2157
f 2141 2157 2142
f 2142 2157 2158
f 2142 2158 2143
f 2143 2158 2159
f 2143 2159 2144
f 2144 2159 2160
f 2145 2161 2146
f 2146 2161 2162
f 2146 2162 2147
f 2147 2162 2163
f 2147 2163 2148
f 2148 2163 2164
f 2148 2164 2149
f 2149 2164 2165
f 2149 2165 2150
f 2150 2165 2166
f 2150 2166 2151
f 2151 2166 2167
f 2151 2167 2152
f 2152 2167 2168
f 2152 2168 2153
f 2153 2168 2169
f 2153 2169 2154
f 2154 2169 2170
f 2154 2170 2155
f 2155 2170 2171
f 2155 2171 2156
f 2156 2171 2172
f 2156 2172 2157
f 2157 2172 2173
f 2157 2173 2158
f 2158 2173 2174
f 2158 2174 2159
f 2159 2174 2175
f 2159 2175 2160
f 2160 2175 2176
f 2161 2177 2162
f 2162 2177 2178
f 2162 2178 2163
f 2163 2178 2179
f 2163 2179 2164
f 2164 2179 2180
f 2164 2180 2165
f 2165 2180 2181
f 2165 2181 2166
f 2166 2181 2182
f 2166 2182 2167
f 2167 2182 2183
f 2167 2183 2168
f 2168 2183 2184
f 2168 2184 2169
f 2169 2184 2185
f 2169 2185 2170
f 2170 2185 2186
f 2170 2186 2171
f 2171 2186 2187
f 2171 2187 2172
f 2172 2187 2188
f 2172 2188 2173
f 2173 2188 2189
f 2173 2189 2174
f 2174 2189 2190
f 2174 2190 2175
f 2175 2190 2191
f 2175 2191 2176
f 2176 2191 2192
f 2177 2193 2178
f 2178 2193 2194
f 2178 2194 2179
f 2179 2194 2195
f 2179 2195 2180
f 2180 2195 2196
f 2180 2196 2181
f 2181 2196 2197
f 2181 2197 2182
f 2182 2197 2198
f 2182 2198 2183
f 2183 2198 2199
f 2183 2199 2184
f 2184 2199 2200
f 2184 2200 2185
f 2185 2200 2201
f 2185 2201 2186
f 2186 2201 2202
f 2186 2202 2187
f 2187 2202 2203
f 2187 2203 2188
f 2188 2203 2204
f 2188 2204 2189
f 2189 2204 2205
f 2189 2205 2190
f 2190 2205 2206
f 2190 2206 2191
f 2191 2206 2207
f 2191 2207 2192
f 2192 2207 2208
f 2193 2209 2194
f 2194 2209 2210
f 2194 2210 2195
f 2195 2210 2211
f 2195 2211 2196
f 2196 2211 2212
f 2196 2212 2197
f 2197 2212 2213
f 2197 2213 2198
f 2198 2213 2214
f 2198 2214 2199
f 2199 2214 2215
f 2199 2215 2200
f 2200 2215 2216
f 2200 2216 2201
f 2201 2216 2217
f 2201 2217 2202
f 2202 2217 2218
f 2202 2218 2203
f 2203 2218 2219
f 2203 2219 2204
f 2204 2219 2220
f 2204 2220 2205
f 2205 2220 2221
f 2205 2221 2206
f 2206 2221 2222
f 2206 2222 2207
f 2207 2222 2223
f 2207 2223 2208
f 2208 2223 2224
f 2209 2225 2210
f 2210 2225 2226
f 2210 2226 2211
f 2211 2226 2227
f 2211 2227 2212
f 2212 2227 2228
f 2212 2228 2213
f 2213 2228 2229
f 2213 2229 2214
f 2214 2229 2230
f 2214 2230 2215
f 2215 2230 2231
f 2215 2231 2216
f 2216 2231 2232
f 2216 2232 2217
f 2217 2232 2233
f 2217 2233 2218
f 2218 2233 2234
f 2218 2234 2219
f 2219 2234 2235
f 2219 2235 2220
f 2220 2235 2236
f 2220 2236 2221
f 2221 2236 2237
f 2221 2237 2222
f 2222 2237 2238
f 2222 2238 2223
f 2223 2238 2239
f 2223 2239 2224
f 2224 2239 2240
f 2225 2241 2226
f 2226 2241 2242
f 2226 2242 2227
f 2227 2242 2243
f 2227 2243 2228
f 2228 2243 2244
f 2228 2244 2229
f 2229 2244 2245
f 2229 2245 2230
f 2230 2245 2246
f 2230 2246 2231
f 2231 2246 2247
f 2231 2247 2232
f 2232 2247 2248
f 2232 2248 2233
f 2233 2248 2249
f 2233 2249 2234
f 2234 2249 2250
f 2234 2250 2235
f 2235 2250 2251
f 2235 2251 2236
f 2236 2251 2252
f 2236 2252 2237
f 2237 2252 2253
f 2237 2253 2238
f 2238 2253 2254
f 2238 2254 2239
f 2239 2254 2255
f 2239 2255 2240
f 2240 2255 2256
f 2241 2257 2242
f 2242 2257 2258
f 2242 2258 2243
f 2243 2258 2259
f 2243 2259 2244
f 2244 2259 2260
f 2244 2260 2245
f 2245 2260 2261
f 2245 2261 2246
f 2246 2261 2262
f 2246 2262 2247
f 2247 2262 2263
f 2247 2263 2248
f 2248 2263 2264
f 2248 2264 2249
f 2249 2264 2265
f 2249 2265 2250
f 2250 2265 2266
f 2250 2266 2251
f 2251 2266 2267
f 2251 2267 2252
f 2252 2267 2268
f 2252 2268 2253
f 2253 2268 2269
f 2253 2269 2254
f 2254 2269 2270
f 2254 2270 2255
f 2255 2270 2271
f 2255 2271 2256
f 2256 2271 2272
f 2257 2273 2258
f 2258 2273 2274
f 2258 2274 2259
f 2259 2274 2275
f 2259 2275 2260
f 2260 2275 2276
f 2260 2276 2261
f 2261 2276 2277
f 2261 2277 2262
f 2262 2277 2278
f 2262 2278 2263
f 2263 2278 2279
f 2263 2279 2264
f 2264 2279 2280
f 2264 2280 2265
f 2265 2280 2281
f 2265 2281 2266
f 2266 2281 2282
f 2266 2282 2267
f 2267 2282 2283
f 2267 2283 2268
f 2268 2283 2284
f 2268 2284 2269
f 2269 2284 2285
f 2269 2285 2270
f 2270 2285 2286
f 2270 2286 2271
f 2271 2286 2287
f 2271 2287 2272
f 2272 2287 2288
f 2273 2289 2274
f 2274 2289 2290
f 2274 2290 2275
f 2275 2290 2291
f 2275 2291 2276
f 2276 2291 2292
f 2276 2292 2277
f 2277 2292 2293
f 2277 2293 2278
f 2278 2293 2294
f 2278 2294 2279
f 2279 2294 2295
f 2279 2295 2280
f 2280 2295 2296
f 2280 2296 2281
f 2281 2296 2297
f 2281 2297 2282
f 2282 2297 2298
f 2282 2298 2283
f 2283 2298 2299
f 2283 2299 2284
f 2284 2299 2300
f 2284 2300 2285
f 2285 2300 2301
f 2285 2301 2286
f 2286 2301 2302
f 2286 2302 2287
f 2287 2302 2303
f 2287 2303 2288
f 2288 2303 2304
f 2289 2305 2290
f 2290 2305 2306
f 2290 2306 2291
f 2291 2306 2307
f 2291 2307 2292
f 2292 2307 2308
f 2292 2308 2293
f 2293 2308 2309
f 2293 2309 2294
f 2294 2309 2310
f 2294 2310 2295
f 2295 2310 2311
f 2295 2311 2296
f 2296 2311 2312
f 2296 2312 2297
f 2297 2312 2313
f 2297 2313 2298
f 2298 2313 2314
f 2298 2314 2299
f 2299 2314 2315
f 2299 2315 2300
f 2300 2315 2316
f 2300 2316 2301
f 2301 2316 2317
f 2301 2317 2302
f 2302 2317 2318
f 2302 2318 2303
f 2303 2318 2319
f 2303 2319 2304
f 2304 2319 2320
f 2305 2321 2306
f 2306 2321 2322
f 2306 2322 2307
f 2307 2322 2323
f 2307 2323 2308
f 2308 2323 2324
f 2308 2324 2309
f 2309 2324 2325
f 2309 2325 2310
f 2310 2325 2326
f 2310 2326 2311
f 2311 2326 2327
f 2311 2327 2312
f 2312 2327 2328
f 2312 2328 2313
f 2313 2328 2329
f 2313 2329 2314
f 2314 2329 2330
f 2314 2330 2315
f 2315 2330 2331
f 2315 2331 2316
f 2316 2331 2332
f 2316 2332 2317
f 2317 2332 2333
f 2317 2333 2318
f 2318 2333 2334
f 2318 2334 2319
f 2319 2334 2335
f 2319 2335 2320
f 2320 2335 2336
f 2321 2337 2322
f 2322 2337 2338
f 2322 2338 2323
f 2323 2338 2339
f 2323 2339 2324
f 2324 2339 2340
f 2324 2340 2325
f 2325 2340 2341
f 2325 2341 2326
f 2326 2341 2342
f 2326 2342 2327
f 2327 2342 2343
f 2327 2343 2328
f 2328 2343 2344
f 2328 2344 2329
f 2329 2344 2345
f 2329 2345 2330
f 2330 2345 2346
f 2330 2346 2331
f 2331 2346 2347
f 2331 2347 2332
f 2332 2347 2348
f 2332 2348 2333
f 2333 2348 2349
f 2333 2349 2334
f 2334 2349 2350
f 2334 2350 2335
f 2335 2350 2351
f 2335 2351 2336
f 2336 2351 2352
f 2337 2353 2338
f 2338 2353 2354
f 2338 2354 2339
f 2339 2354 2355
f 2339 2355 2340
f 2340 2355 2356
f 2340 2356 2341
f 2341 2356 2357
f 2341 2357 2342
f 2342 2357 2358
f 2342 2358 2343
f 2343 2358 2359
f 2343 2359 2344
f 2344 2359 2360
f 2344 2360 2345
f 2345 2360 2361
f 2345 2361 2346
f 2346 2361 2362
f 2346 2362 2347
f 2347 2362 2363
f 2347 2363 2348
f 2348 2363 2364
f 2348 2364 2349
f 2349 2364 2365
f 2349 2365 2350
f 2350 2365 2366
f 2350 2366 2351
f 2351 2366 2367
f 2351 2367 2352
f 2352 2367 2368
f 2353 2369 2354
f 2354 2369 2370
f 2354 2370 2355
f 2355 2370 2371
f 2355 2371 2356
f 2356 2371 2372
f 2356 2372 2357
f 2357 2372 2373
f 2357 2373 2358
f 2358 2373 2374
f 2358 2374 2359
f 2359 2374 2375
f 2359 2375 2360
f 2360 2375 2376
f 2360 2376 2361
f 2361 2376 2377
f 2361 2377 2362
f 2362 2377 2378
f 2362 2378 2363
f 2363 2378 2379
f 2363 2379 2364
f 2364 2379 2380
f 2364 2380 2365
f 2365 2380 2381
f 2365 2381 2366
f 2366 2381 2382
f 2366 2382 2367
f 2367 2382 2383
f 2367 2383 2368
f 2368 2383 2384
f 2369 2385 2370
f 2370 2385 2386
f 2370 2386 2371
f 2371 2386 2387
f 2371 2387 2372
f 2372 2387 2388
f 2372 2388 2373
f 2373 2388 2389
f 2373 2389 2374
f 2374 2389 2390
f 2374 2390 2375
f 2375 2390 2391
f 2375 2391 2376
f 2376 2391 2392
f 2376 2392 2377
f 2377 2392 2393
f 2377 2393 2378
f 2378 2393 2394
f 2378 2394 2379
f 2379 2394 2395
f 2379 2395 2380
f 2380 2395 2396
f 2380 2396 2381
f 2381 2396 2397
f 2381 2397 2382
f 2382 2397 2398
f 2382 2398 2383
f 2383 2398 2399
f 2383 2399 2384
f 2384 2399 2400
f 2385 2401 2386
f 2386 2401 2402
f 2386 2402 2387
f 2387 2402 2403
f 2387 2403 2388
f 2388 2403 2404
f 2388 2404 2389
f 2389 2404 2405
f 2389 2405 2390
f 2390 2405 2406
f 2390 2406 2391
f 2391 2406 2407
f 2391 2407 2392
f 2392 2407 2408
f 2392 2408 2393
f 2393 2408 2409
f 2393 2409 2394
f 2394 2409 2410
f 2394 2410 2395
f 2395 2410 2411
f 2395 2411 2396
f 2396 2411 2412
f 2396 2412 2397
f 2397 2412 2413
f 2397 2413 2398
f 2398 2413 2414
f 2398 2414 2399
f 2399 2414 2415
f 2399 2415 2400
f 2400 2415 2416
f 2401 2417 2402
f 2402 2417 2418
f 2402 2418 2403
f 2403 2418 2419
f 2403 2419 2404
f 2404 2419 2420
f 2404 2420 2405
f 2405 2420 2421
f 2405 2421 2406
f 2406 2421 2422
f 2406 2422 2407
f 2407 2422 2423
f 2407 2423 2408
f 2408 2423 2424
f 2408 2424 2409
f 2409 2424 2425
f 2409 2425 2410
f 2410 2425 2426
f 2410 2426 2411
f 2411 2426 2427
f 2411 2427 2412
f 2412 2427 2428
f 2412 2428 2413
f 2413 2428 2429
f 2413 2429 2414
f 2414 2429 2430
f 2414 2430 2415
f 2415 2430 2431
f 2415 2431 2416
f 2416 2431 2432
f 2417 2433 2418
f 2418 2433 2434
f 2418 2434 2419
f 2419 2434 2435
f 2419 2435 2420
f 2420 2435 2436
f 2420 2436 2421
f 2421 2436 2437
f 2421 2437 2422
f 2422 2437 2438
f 2422 2438 2423
f 2423 2438 2439
f 2423 2439 2424
f 2424 2439 2440
f 2424 2440 2425
f 2425 2440 2441
f 2425 2441 2426
f 2426 2441 2442
f 2426 2442 2427
f 2427 2442 2443
f 2427 2443 2428
f 2428 2443 2444
f 2428 2444 2429
f 2429 2444 2445
f 2429 2445 2430
f 2430 2445 2446
f 2430 2446 2431
f 2431 2446 2447
f 2431 2447 2432
f 2432 2447 2448
f 2433 2449 2434
f 2434 2449 2450
f 2434 2450 2435
f 2435 2450 2451
f 2435 2451 2436
f 2436 2451 2452
f 2436 2452 2437
f 2437 2452 2453
f 2437 2453 2438
f 2438 2453 2454
f 2438 2454 2439
f 2439 2454 2455
f 2439 2455 2440
f 2440 2455 2456
f 2440 2456 2441
f 2441 2456 2457
f 2441 2457 2442
f 2442 2457 2458
f 2442 2458 2443
f 2443 2458 2459
f 2443 2459 2444
f 2444 2459 2460
f 2444 2460 2445
f 2445 2460 2461
f 2445 2461 2446
f 2446 2461 2462
f 2446 2462 2447
f 2447 2462 2463
f 2447 2463 2448
f 2448 2463 2464
f 2449 2465 2450
f 2450 2465 2466
f 2450 2466 2451
f 2451 2466 2467
f 2451 2467 2452
f 2452 2467 2468
f 2452 2468 2453
f 2453 2468 2469
f 2453 2469 2454
f 2454 2469 2470
f 2454 2470 2455
f 2455 2470 2471
f 2455 2471 2456
f 2456 2471 2472
f 2456 2472 2457
f 2457 2472 2473
f 2457 2473 2458
f 2458 2473 2474
f 2458 2474 2459
f 2459 2474 2475
f 2459 2475 2460
f 2460 2475 2476
f 2460 2476 2461
f 2461 2476 2477
f 2461 2477 2462
f 2462 2477 2478
f 2462 2478 2463
f 2463 2478 2479
f 2463 2479 2464
f 2464 2479 2480
f 2465 2481 2466
f 2466 2481 2482
f 2466 2482 2467
f 2467 2482 2483
f 2467 2483 2468
f 2468 2483 2484
f 2468 2484 2469
f 2469 2484 2485
f 2469 2485 2470
f 2470 2485 2486
f 2470 2486 2471
f 2471 2486 2487
f 2471 2487 2472
f 2472 2487 2488
f 2472 2488 2473
f 2473 2488 2489
f 2473 2489 2474
f 2474 2489 2490
f 2474 2490 2475
f 2475 2490 2491
f 2475 2491 2476
f 2476 2491 2492
f 2476 2492 2477
f 2477 2492 2493
f 2477 2493 2478
f 2478 2493 2494
f 2478 2494 2479
f 2479 2494 2495
f 2479 2495 2480
f 2480 2495 2496
f 2481 2497 2482
f 2482 2497 2498
f 2482 2498 2483
f 2483 2498 2499
f 2483 2499 2484
f 2484 2499 2500
f 2484 2500 2485
f 2485 2500 2501
f 2485 2501 2486
f 2486 2501 2502
f 2486 2502 2487
f 2487 2502 2503
f 2487 2503 2488
f 2488 2503 2504
f 2488 2504 2489
f 2489 2504 2505
f 2489 2505 2490
f 2490 2505 2506
f 2490 2506 2491
f 2491 2506 2507
f 2491 2507 2492
f 2492 2507 2508
f 2492 2508 2493
f 2493 2508 2509
f 2493 2509 2494
f 2494 2509 2510
f 2494 2510 2495
f 2495 2510 2511
f 2495 2511 2496
f 2496 2511 2512
f 2497 2513 2498
f 2498 2513 2514
f 2498 2514 2499
f 2499 2514 2515
f 2499 2515 2500
f 2500 2515 2516
f 2500 2516 2501
f 2501 2516 2517
f 2501 2517 2502
f 2502 2517 2518
f 2502 2518 2503
f 2503 2518 2519
f 2503 2519 2504
f 2504 2519 2520
f 2504 2520 2505
f 2505 2520 2521
f 2505 2521 2506
f 2506 2521 2522
f 2506 2522 2507
f 2507 2522 2523
f 2507 2523 2508
f 2508 2523 2524
f 2508 2524 2509
f 2509 2524 2525
f 2509 2525 2510
f 2510 2525 2526
f 2510 2526 2511
f 2511 2526 2527
f 2511 2527 2512
f 2512 2527 2528
f 2513 2529 2514
f 2514 2529 2530
f 2514 2530 2515
f 2515 2530 2531
f 2515 2531 2516
f 2516 2531 2532
f 2516 2532 2517
f 2517 2532 2533
f 2517 2533 2518
f 2518 2533 2534
f 2518 2534 2519
f 2519 2534 2535
f 2519 2535 2520
f 2520 2535 2536
f 2520 2536 2521
f 2521 2536 2537
f 2521 2537 2522
f 2522 2537 2538
f 2522 2538 2523
f 2523 2538 2539
f 2523 2539 2524
f 2524 2539 2540
f 2524 2540 2525
f 2525 2540 2541
f 2525 2541 2526
f 2526 2541 2542
f 2526 2542 2527
f 2527 2542 2543
f 2527 2543 2528
f 2528 2543 2544
f 2529 2545 2530
f 2530 2545 2546
f 2530 2546 2531
f 2531 2546 2547
f 2531 2547 2532
f 2532 2547 2548
f 2532 2548 2533
f 2533 2548 2549
f 2533 2549 2534
f 2534 2549 2550
f 2534 2550 2535
f 2535 2550 2551
f 2535 2551 2536
f 2536 2551 2552
f 2536 2552 2537
f 2537 2552 2553
f 2537 2553 2538
f 2538 2553 2554
f 2538 2554 2539
f 2539 2554 2555
f 2539 2555 2540
f 2540 2555 2556
f 2540 2556 2541
f 2541 2556 2557
f 2541 2557 2542
f 2542 2557 2558
f 2542 2558 2543
f 2543 2558 2559
f 2543 2559 2544
f 2544 2559 2560
f 2545 2561 2546
f 2546 2561 2562
f 2546 2562 2547
f 2547 2562 2563
f 2547 2563 2548
f 2548 2563 2564
f 2548 2564 2549
f 2549 2564 2565
f 2549 2565 2550
f 2550 2565 2566
f 2550 2566 2551
f 2551 2566 2567
f 2551 2567 2552
f 2552 2567 2568
f 2552 2568 2553
f 2553 2568 2569
f 2553 2569 2554
f 2554 2569 2570
f 2554 2570 2555
f 2555 2570 2571
f 2555 2571 2556
f 2556 2571 2572
f 2556 2572 2557
f 2557 2572 2573
f 2557 2573 2558
f 2558 2573 2574
f 2558 2574 2559
f 2559 2574 2575
f 2559 2575 2560
f 2560 2575 2576
f 2561 2577 2562
f 2562 2577 2578
f 2562 2578 2563
f 2563 2578 2579
f 2563 2579 2564
f 2564 2579 2580
f 2564 2580 2565
f 2565 2580 2581
f 2565 2581 2566
f 2566 2581 2582
f 2566 2582 2567
f 2567 2582 2583
f 2567 2583 2568
f 2568 2583 2584
f 2568 2584 2569
f 2569 2584 2585
f 2569 2585 2570
f 2570 2585 2586
f 2570 2586 2571
f 2571 2586 2587
f 2571 2587 2572
f 2572 2587 2588
f 2572 2588 2573
f 2573 2588 2589
f 2573 2589 2574
f 2574 2589 2590
f 2574 2590 2575
f 2575 2590 2591
f 2575 2591 2576
f 2576 2591 2592
f 2577 2593 2578
f 2578 2593 2594
f 2578 2594 2579
f 2579 2594 2595
f 2579 2595 2580
f 2580 2595 2596
f 2580 2596 2581
f 2581 2596 2597
f 2581 2597 2582
f 2582 2597 2598
f 2582 2598 2583
f 2583 2598 2599
f 2583 2599 2584
f 2584 2599 2600
f 2584 2600 2585
f 2585 2600 2601
f 2585 2601 2586
f 2586 2601 2602
f 2586 2602 2587
f 2587 2602 2603
f 2587 2603 2588
f 2588 2603 2604
f 2588 2604 2589
f 2589 2604 2605
f 2589 2605 2590
f 2590 2605 2606
f 2590 2606 2591
f 2591 2606 2607
f 2591 2607 2592
f 2592 2607 2608
f 2593 2609 2594
f 2594 2609 2610
f 2594 2610 2595
f 2595 2610 2611
f 2595 2611 2596
f 2596 2611 2612
f 2596 2612 2597
f 2597 2612 2613
f 2597 2613 2598
f 2598 2613 2614
f 2598 2614 2599
f 2599 2614 2615
f 2599 2615 2600
f 2600 2615 2616
f 2600 2616 2601
f 2601 2616 2617
f 2601 2617 2602
f 2602 2617 2618
f 2602 2618 2603
f 2603 2618 2619
f 2603 2619 2604
f 2604 2619 2620
f 2604 2620 2605
f 2605 2620 2621
f 2605 2621 2606
f 2606 2621 2622
f 2606 2622 2607
f 2607 2622 2623
f 2607 2623 2608
f 2608 2623 2624
f 2609 2625 2610
f 2610 2625 2626
f 2610 2626 2611
f 2611 2626 2627
f 2611 2627 2612
f 2612 2627 2628
f 2612 2628 2613
f 2613 2628 2629
f 2613 2629 2614
f 2614 2629 2630
f 2614 2630 2615
f 2615 2630 2631
f 2615 2631 2616
f 2616 2631 2632
f 2616 2632 2617
f 2617 2632 2633
f 2617 2633 2618
f 2618 2633 2634
f 2618 2634 2619
f 2619 2634 2635
f 2619 2635 2620
f 2620 2635 2636
f 2620 2636 2621
f 2621 2636 2637
f 2621 2637 2622
f 2622 2637 2638
f 2622 2638 2623
f 2623 2638 2639
f 2623 2639 2624
f 2624 2639 2640
f 2625 2641 2626
f 2626 2641 2642
f 2626 2642 2627
f 2627 2642 2643
f 2627 2643 2628
f 2628 2643 2644
f 2628 2644 2629
f 2629 2644 2645
f 2629 2645 2630
f 2630 2645 2646
f 2630 2646 2631
f 2631 2646 2647
f 2631 2647 2632
f 2632 2647 2648
f 2632 2648 2633
f 2633 2648 2649
f 2633 2649 2634
f 2634 2649 2650
f 2634 2650 2635
f 2635 2650 2651
f 2635 2651 2636
f 2636 2651 2652
f 2636 2652 2637
f 2637 2652 2653
f 2637 2653 2638
f 2638 2653 2654
f 2638 2654 2639
f 2639 2654 2655
f 2639 2655 2640
f 2640 2655 2656
f 2641 2657 2642
f 2642 2657 2658
f 2642 2658 2643
f 2643 2658 2659
f 2643 2659 2644
f 2644 2659 2660
f 2644 2660 2645
f 2645 2660 2661
f 2645 2661 2646
f 2646 2661 2662
f 2646 2662 2647
f 2647 2662 2663
f 2647 2663 2648
f 2648 2663 2664
f 2648 2664 2649
f 2649 2664 2665
f 2649 2665 2650
f 2650 2665 2666
f 2650 2666 2651
f 2651 2666 2667
f 2651 2667 2652
f 2652 2667 2668
f 2652 2668 2653
f 2653 2668 2669
f 2653 2669 2654
f 2654 2669 2670
f 2654 2670 2655
f 2655 2670 2671
f 2655 2671 2656
f 2656 2671 2672
f 2657 2673 2658
f 2658 2673 2674
f 2658 2674 2659
f 2659 2674 2675
f 2659 2675 2660
f 2660 2675 2676
f 2660 2676 2661
f 2661 2676 2677
f 2661 2677 2662
f 2662 2677 2678
f 2662 2678 2663
f 2663 2678 2679
f 2663 2679 2664
f 2664 2679 2680
f 2664 2680 2665
f 2665 2680 2681
f 2665 2681 2666
f 2666 2681 2682
f 2666 2682 2667
f 2667 2682 2683
f 2667 2683 2668
f 2668 2683 2684
f 2668 2684 2669
f 2669 2684 2685
f 2669 2685 2670
f 2670 2685 2686
f 2670 2686 2671
f 2671 2686 2687
f 2671 2687 2672
f 2672 2687 2688
f 2673 2689 2674
f 2674 2689 2690
f 2674 2690 2675
f 2675 2690 2691
f 2675 2691 2676
f 2676 2691 2692
f 2676 2692 2677
f 2677 2692 2693
f 2677 2693 2678
f 2678 2693 2694
f 2678 2694 2679
f 2679 2694 2695
f 2679 2695 2680
f 2680 2695 2696
f 2680 2696 2681
f 2681 2696 2697
f 2681 2697 2682
f 2682 2697 2698
f 2682 2698 2683
f 2683 2698 2699
f 2683 2699 2684
f 2684 2699 2700
f 2684 2700 2685
f 2685 2700 2701
f 2685 2701 2686
f 2686 2701 2702
f 2686 2702 2687
f 2687 2702 2703
f 2687 2703 2688
f 2688 2703 2704
f 2689 2705 2690
f 2690 2705 2706
f 2690 2706 2691
f 2691 2706 2707
f 2691 2707 2692
f 2692 2707 2708
f 2692 2708 2693
f 2693 2708 2709
f 2693 2709 2694
f 2694 2709 2710
f 2694 2710 2695
f 2695 2710 2711
f 2695 2711 2696
f 2696 2711 2712
f 2696 2712 2697
f 2697 2712 2713
f 2697 2713 2698
f 2698 2713 2714
f 2698 2714 2699
f 2699 2714 2715
f 2699 2715 2700
f 2700 2715 2716
f 2700 2716 2701
f 2701 2716 2717
f 2701 2717 2702
f 2702 2717 2718
f 2702 2718 2703
f 2703 2718 2719
f 2703 2719 2704
f 2704 2719 2720
f 2705 2721 2706
f 2706 2721 2722
f 2706 2722 2707
f 2707 2722 2723
f 2707 2723 2708
f 2708 2723 2724
f 2708 2724 2709
f 2709 2724 2725
f 2709 2725 2710
f 2710 2725 2726
f 2710 2726 2711
f 2711 2726 2727
f 2711 2727 2712
f 2712 2727 2728
f 2712 2728 2713
f 2713 2728 2729
f 2713 2729 2714
f 2714 2729 2730
f 2714 2730 2715
f 2715 2730 2731
f 2715 2731 2716
f 2716 2731 2732
f 2716 2732 2717
f 2717 2732 2733
f 2717 2733 2718
f 2718 2733 2734
f 2718 2734 2719
f 2719 2734 2735
f 2719 2735 2720
f 2720 2735 2736
f 2721 2737 2722
f 2722 2737 2738
f 2722 2738 2723
f 2723 2738 2739
f 2723 2739 2724
f 2724 2739 2740
f 2724 2740 2725
f 2725 2740 2741
f 2725 2741 2726
f 2726 2741 2742
f 2726 2742 2727
f 2727 2742 2743
f 2727 2743 2728
f 2728 2743 2744
f 2728 2744 2729
f 2729 2744 2745
f 2729 2745 2730
f 2730 2745 2746
f 2730 2746 2731
f 2731 2746 2747
f 2731 2747 2732
f 2732 2747 2748
f 2732 2748 2733
f 2733 2748 2749
f 2733 2749 2734
f 2734 2749 2750
f 2734 2750 2735
f 2735 2750 2751
f 2735 2751 2736
f 2736 2751 2752
f 2737 2753 2738
f 2738 2753 2754
f 2738 2754 2739
f 2739 2754 2755
f 2739 2755 2740
f 2740 2755 2756
f 2740 2756 2741
f 2741 2756 2757
f 2741 2757 2742
f 2742 2757 2758
f 2742 2758 2743
f 2743 2758 2759
f 2743 2759 2744
f 2744 2759 2760
f 2744 2760 2745
f 2745 2760 2761
f 2745 2761 2746
f 2746 2761 2762
f 2746 2762 2747
f 2747 2762 2763
f 2747 2763 2748
f 2748 2763 2764
f 2748 2764 2749
f 2749 2764 2765
f 2749 2765 2750
f 2750 2765 2766
f 2750 2766 2751
f 2751 2766 2767
f 2751 2767 2752
f 2752 2767 2768
f 2753 2769 2754
f 2754 2769 2770
f 2754 2770 2755
f 2755 2770 2771
f 2755 2771 2756
f 2756 2771 2772
f 2756 2772 2757
f 2757 2772 2773
f 2757 2773 2758
f 2758 2773 2774
f 2758 2774 2759
f 2759 2774 2775
f 2759 2775 2760
f 2760 2775 2776
f 2760 2776 2761
f 2761 2776 2777
f 2761 2777 2762
f 2762 2777 2778
f 2762 2778 2763
f 2763 2778 2779
f 2763 2779 2764
f 2764 2779 2780
f 2764 2780 2765
f 2765 2780 2781
f 2765 2781 2766
f 2766 2781 2782
f 2766 2782 2767
f 2767 2782 2783
f 2767 2783 2768
f 2768 2783 2784
f 2769 2785 2770
f 2770 2785 2786
f 2770 2786 2771
f 2771 2786 2787
f 2771 2787 2772
f 2772 2787 2788
f 2772 2788 2773
f 2773 2788 2789
f 2773 2789 2774
f 2774 2789 2790
f 2774 2790 2775
f 2775 2790 2791
f 2775 2791 2776
f 2776 2791 2792
f 2776 2792 2777
f 2777 2792 2793
f 2777 2793 2778
f 2778 2793 2794
f 2778 2794 2779
f 2779 2794 2795
f 2779 2795 2780
f 2780 2795 2796
f 2780 2796 2781
f 2781 2796 2797
f 2781 2797 2782
f 2782 2797 2798
f 2782 2798 2783
f 2783 2798 2799
f 2783 2799 2784
f 2784 2799 2800
f 2785 2801 2786
f 2786 2801 2802
f 2786 2802 2787
f 2787 2802 2803
f 2787 2803 2788
f 2788 2803 2804
f 2788 2804 2789
f 2789 2804 2805
f 2789 2805 2790
f 2790 2805 2806
f 2790 2806 2791
f 2791 2806 2807
f 2791 2807 2792
f 2792 2807 2808
f 2792 2808 2793
f 2793 2808 2809
f 2793 2809 2794
f 2794 2809 2810
f 2794 2810 2795
f 2795 2810 2811
f 2795 2811 2796
f 2796 2811 2812
f 2796 2812 2797
f 2797 2812 2813
f 2797 2813 2798
f 2798 2813 2814
f 2798 2814 2799
f 2799 2814 2815
f 2799 2815 2800
f 2800 2815 2816
f 2801 2817 2802
f 2802 2817 2818
f 2802 2818 2803
f 2803 2818 2819
f 2803 2819 2804
f 2804 2819 2820
f 2804 2820 2805
f 2805 2820 2821
f 2805 2821 2806
f 2806 2821 2822
f 2806 2822 2807
f 2807 2822 2823
f 2807 2823 2808
f 2808 2823 2824
f 2808 2824 2809
f 2809 2824 2825
f 2809 2825 2810
f 2810 2825 2826
f 2810 2826 2811
f 2811 2826 2827
f 2811 2827 2812
f 2812 2827 2828
f 2812 2828 2813
f 2813 2828 2829
f 2813 2829 2814
f 2814 2829 2830
f 2814 2830 2815
f 2815 2830 2831
f 2815 2831 2816
f 2816 2831 2832
f 2817 2833 2818
f 2818 2833 2834
f 2818 2834 2819
f 2819 2834 2835
f 2819 2835 2820
f 2820 2835 2836
f 2820 2836 2821
f 2821 2836 2837
f 2821 2837 2822
f 2822 2837 2838
f 2822 2838 2823
f 2823 2838 2839
f 2823 2839 2824
f 2824 2839 2840
f 2824 2840 2825
f 2825 2840 2841
f 2825 2841 2826
f 2826 2841 2842
f 2826 2842 2827
f 2827 2842 2843
f 2827 2843 2828
f 2828 2843 2844
f 2828 2844 2829
f 2829 2844 2845
f 2829 2845 2830
f 2830 2845 2846
f 2830 2846 2831
f 2831 2846 2847
f 2831 2847 2832
f 2832 2847 2848
f 2833 2849 2834
f 2834 2849 2850
f 2834 2850 2835
f 2835 2850 2851
f 2835 2851 2836
f 2836 2851 2852
f 2836 2852 2837
f 2837 2852 2853
f 2837 2853 2838
f 2838 2853 2854
f 2838 2854 2839
f 2839 2854 2855
f 2839 2855 2840
f 2840 2855 2856
f 2840 2856 2841
f 2841 2856 2857
f 2841 2857 2842
f 2842 2857 2858
f 2842 2858 2843
f 2843 2858 2859
f 2843 2859 2844
f 2844 2859 2860
f 2844 2860 2845
f 2845 2860 2861
f 2845 2861 2846
f 2846 2861 2862
f 2846 2862 2847
f 2847 2862 2863
f 2847 2863 2848
f 2848 2863 2864
f 2849 2865 2850
f 2850 2865 2866
f 2850 2866 2851
f 2851 2866 2867
f 2851 2867 2852
f 2852 2867 2868
f 2852 2868 2853
f 2853 2868 2869
f 2853 2869 2854
f 2854 2869 2870
f 2854 2870 2855
f 2855 2870 2871
f 2855 2871 2856
f 2856 2871 2872
f 2856 2872 2857
f 2857 2872 2873
f 2857 2873 2858
f 2858 2873 2874
f 2858 2874 2859
f 2859 2874 2875
f 2859 2875 2860
f 2860 2875 2876
f 2860 2876 2861
f 2861 2876 2877
f 2861 2877 2862
f 2862 2877 2878
f 2862 2878 2863
f 2863 2878 2879
f 2863 2879 2864
f 2864 2879 2880
f 2865 2881 2866
f 2866 2881 2882
f 2866 2882 2867
f 2867 2882 2883
f 2867 2883 2868
f 2868 2883 2884
f 2868 2884 2869
f 2869 2884 2885
f 2869 2885 2870
f 2870 2885 2886
f 2870 2886 2871
f 2871 2886 2887
f 2871 2887 2872
f 2872 2887 2888
f 2872 2888 2873
f 2873 2888 2889
f 2873 2889 2874
f 2874 2889 2890
f 2874 2890 2875
f 2875 2890 2891
f 2875 2891 2876
f 2876 2891 2892
f 2876 2892 2877
f 2877 2892 2893
f 2877 2893 2878
f 2878 2893 2894
f 2878 2894 2879
f 2879 2894 2895
f 2879 2895 2880
f 2880 2895 2896
f 2881 2897 2882
f 2882 2897 2898
f 2882 2898 2883
f 2883 2898 2899
f 2883 2899 2884
f 2884 2899 2900
f 2884 2900 2885
f 2885 2900 2901
f 2885 2901 2886
f 2886 2901 2902
f 2886 2902 2887
f 2887 2902 2903
f 2887 2903 2888
f 2888 2903 2904
f 2888 2904 2889
f 2889 2904 2905
f 2889 2905 2890
f 2890 2905 2906
f 2890 2906 2891
f 2891 2906 2907
f 2891 2907 2892
f 2892 2907 2908
f 2892 2908 2893
f 2893 2908 2909
f 2893 2909 2894
f 2894 2909 2910
f 2894 2910 2895
f 2895 2910 2911
f 2895 2911 2896
f 2896 2911 2912
f 2897 2913 2898
f 2898 2913 2914
f 2898 2914 2899
f 2899 2914 2915
f 2899 2915 2900
f 2900 2915 2916
f 2900 2916 2901
f 2901 2916 2917
f 2901 2917 2902
f 2902 2917 2918
f 2902 2918 2903
f 2903 2918 2919
f 2903 2919 2904
f 2904 2919 2920
f 2904 2920 2905
f 2905 2920 2921
f 2905 2921 2906
f 2906 2921 2922
f 2906 2922 2907
f 2907 2922 2923
f 2907 2923 2908
f 2908 2923 2924
f 2908 2924 2909
f 2909 2924 2925
f 2909 2925 2910
f 2910 2925 2926
f 2910 2926 2911
f 2911 2926 2927
f 2911 2927 2912
f 2912 2927 2928
f 2913 2929 2914
f 2914 2929 2930
f 2914 2930 2915
f 2915 2930 2931
f 2915 2931 2916
f 2916 2931 2932
f 2916 2932 2917
f 2917 2932 2933
f 2917 2933 2918
f 2918 2933 2934
f 2918 2934 2919
f 2919 2934 2935
f 2919 2935 2920
f 2920 2935 2936
f 2920 2936 2921
f 2921 2936 2937
f 2921 2937 2922
f 2922 2937 2938
f 2922 2938 2923
f 2923 2938 2939
f 2923 2939 2924
f 2924 2939 2940
f 2924 2940 2925
f 2925 2940 2941
f 2925 2941 2926
f 2926 2941 2942
f 2926 2942 2927
f 2927 2942 2943
f 2927 2943 2928
f 2928 2943 2944
f 2929 2945 2930
f 2930 2945 2946
f 2930 2946 2931
f 2931 2946 2947
f 2931 2947 2932
f 2932 2947 2948
f 2932 2948 2933
f 2933 2948 2949
f 2933 2949 2934
f 2934 2949 2950
f 2934 2950 2935
f 2935 2950 2951
f 2935 2951 2936
f 2936 2951 2952
f 2936 2952 2937
f 2937 2952 2953
f 2937 2953 2938
f 2938 2953 2954
f 2938 2954 2939
f 2939 2954 2955
f 2939 2955 2940
f 2940 2955 2956
f 2940 2956 2941
f 2941 2956 2957
f 2941 2957 2942
f 2942 2957 2958
f 2942 2958 2943
f 2943 2958 2959
f 2943 2959 2944
f 2944 2959 2960
f 2945 2961 2946
f 2946 2961 2962
f 2946 2962 2947
f 2947 2962 2963
f 2947 2963 2948
f 2948 2963 2964
f 2948 2964 2949
f 2949 2964 2965
f 2949 2965 2950
f 2950 2965 2966
f 2950 2966 2951
f 2951 2966 2967
f 2951 2967 2952
f 2952 2967 2968
f 2952 2968 2953
f 2953 2968 2969
f 2953 2969 2954
f 2954 2969 2970
f 2954 2970 2955
f 2955 2970 2971
f 2955 2971 2956
f 2956 2971 2972
f 2956 2972 2957
f 2957 2972 2973
f 2957 2973 2958
f 2958 2973 2974
f 2958 2974 2959
f 2959 2974 2975
f 2959 2975 2960
f 2960 2975 2976
f 2961 2977 2962
f 2962 2977 2978
f 2962 2978 2963
f 2963 2978 2979
f 2963 2979 2964
f 2964 2979 2980
f 2964 2980 2965
f 2965 2980 2981
f 2965 2981 2966
f 2966 2981 2982
f 2966 2982 2967
f 2967 2982 2983
f 2967 2983 2968
f 2968 2983 2984
f 2968 2984 2969
f 2969 2984 2985
f 2969 2985 2970
f 2970 2985 2986
f 2970 2986 2971
f 2971 2986 2987
f 2971 2987 2972
f 2972 2987 2988
f 2972 2988 2973
f 2973 2988 2989
f 2973 2989 2974
f 2974 2989 2990
f 2974 2990 2975
f 2975 2990 2991
f 2975 2991 2976
f 2976 2991 2992
f 2977 2993 2978
f 2978 2993 2994
f 2978 2994 2979
f 2979 2994 2995
f 2979 2995 2980
f 2980 2995 2996
f 2980 2996 2981
f 2981 2996 2997
f 2981 2997 2982
f 2982 2997 2998
f 2982 2998 2983
f 2983 2998 2999
f 2983 2999 2984
f 2984 2999 3000
f 2984 3000 2985
f 2985 3000 3001
f 2985 3001 2986
f 2986 3001 3002
f 2986 3002 2987
f 2987 3002 3003
f 2987 3003 2988
f 2988 3003 3004
f 2988 3004 2989
f 2989 3004 3005
f 2989 3005 2990
f 2990 3005 3006
f 2990 3006 2991
f 2991 3006 3007
f 2991 3007 2992
f 2992 3007 3008
f 2993 3009 2994
f 2994 3009 3010
f 2994 3010 2995
f 2995 3010 3011
f 2995 3011 2996
f 2996 3011 3012
f 2996 3012 2997
f 2997 3012 3013
f 2997 3013 2998
f 2998 3013 3014
f 2998 3014 2999
f 2999 3014 3015
f 2999 3015 3000
f 3000 3015 3016
f 3000 3016 3001
f 3001 3016 3017
f 3001 3017 3002
f 3002 3017 3018
f 3002 3018 3003
f 3003 3018 3019
f 3003 3019 3004
f 3004 3019 3020
f 3004 3020 3005
f 3005 3020 3021
f 3005 3021 3006
f 3006 3021 3022
f 3006 3022 3007
f 3007 3022 3023
f 3007 3023 3008
f 3008 3023 3024
f 3009 3025 3010
f 3010 3025 3026
f 3010 3026 3011
f 3011 3026 3027
f 3011 3027 3012
f 3012 3027 3028
f 3012 3028 3013
f 3013 3028 3029
f 3013 3029 3014
f 3014 3029 3030
f 3014 3030 3015
f 3015 3030 3031
f 3015 3031 3016
f 3016 3031 3032
f 3016 3032 3017
f 3017 3032 3033
f 3017 3033 3018
f 3018 3033 3034
f 3018 3034 3019
f 3019 3034 3035
f 3019 3035 3020
f 3020 3035 3036
f 3020 3036 3021
f 3021 3036 3037
f 3021 3037 3022
f 3022 3037 3038
f 3022 3038 3023
f 3023 3038 3039
f 3023 3039 3024
f 3024 3039 3040
f 3025 3041 3026
f 3026 3041 3042
f 3026 3042 3027
f 3027 3042 3043
f 3027 3043 3028
f 3028 3043 3044
f 3028 3044 3029
f 3029 3044 3045
f 3029 3045 3030
f 3030 3045 3046
f 3030 3046 3031
f 3031 3046 3047
f 3031 3047 3032
f 3032 3047 3048
f 3032 3048 3033
f 3033 3048 3049
f 3033 3049 3034
f 3034 3049 3050
f 3034 3050 3035
f 3035 3050 3051
f 3035 3051 3036
f 3036 3051 3052
f 3036 3052 3037
f 3037 3052 3053
f 3037 3053 3038
f 3038 3053 3054
f 3038 3054 3039
f 3039 3054 3055
f 3039 3055 3040
f 3040 3055 3056
f 3041 3057 3042
f 3042 3057 3058
f 3042 3058 3043
f 3043 3058 3059
f 3043 3059 3044
f 3044 3059 3060
f 3044 3060 3045
f 3045 3060 3061
f 3045 3061 3046
f 3046 3061 3062
f 3046 3062 3047
f 3047 3062 3063
f 3047 3063 3048
f 3048 3063 3064
f 3048 3064 3049
f 3049 3064 3065
f 3049 3065 3050
f 3050 3065 3066
f 3050 3066 3051
f 3051 3066 3067
f 3051 3067 3052
f 3052 3067 3068
f 3052 3068 3053
f 3053 3068 3069
f 3053 3069 3054
f 3054 3069 3070
f 3054 3070 3055
f 3055 3070 3071
f 3055 3071 3056
f 3056 3071 3072
f 1 2 1537
f 2 1538 1537
f 1521 3057 1522
f 1522 3057 3058
f 2 3 1538
f 3 1539 1538
f 1522 3058 1523
f 1523 3058 3059
f 3 4 1539
f 4 1540 1539
f 1523 3059 1524
f 1524 3059 3060
f 4 5 1540
f 5 1541 1540
f 1524 3060 1525
f 1525 3060 3061
f 5 6 1541
f 6 1542 1541
f 1525 3061 1526
f 1526 3061 3062
f 6 7 1542
f 7 1543 1542
f 1526 3062 1527
f 1527 3062 3063
f 7 8 1543
f 8 1544 1543
f 1527 3063 1528
f 1528 3063 3064
f 8 9 1544
f 9 1545 1544
f 1528 3064 1529
f 1529 3064 3065
f 9 10 1545
f 10 1546 1545
f 1529 3065 1530
f 1530 3065 3066
f 10 11 1546
f 11 1547 1546
f 1530 3066 1531
f 1531 3066 3067
f 11 12 1547
f 12 1548 1547
f 1531 3067 1532
f 1532 3067 3068
f 12 13 1548
f 13 1549 1548
f 1532 3068 1533
f 1533 3068 3069
f 13 14 1549
f 14 1550 1549
f 1533 3069 1534
f 1534 3069 3070
f 14 15 1550
f 15 1551 1550
f 1534 3070 1535
f 1535 3070 3071
f 15 16 1551
f 16 1552 1551
f 1535 3071 1536
f 1536 3071 3072
f 1 1537 17
f 17 1537 1553
f 16 32 1552
f 32 1568 1552
f 17 1553 33
f 33 1553 1569
f 32 48 1568
f 48 1584 1568
f 33 1569 49
f 49 1569 1585
f 48 64 1584
f 64 1600 1584
f 49 1585 65
f 65 1585 1601
f 64 80 1600
f 80 1616 1600
f 65 1601 81
f 81 1601 1617
f 80 96 1616
f 96 1632 1616
f 81 1617 97
f 97 1617 1633
f 96 112 1632
f 112 1648 1632
f 97 1633 113
f 113 1633 1649
f 112 128 1648
f 128 1664 1648
f 113 1649 129
f 129 1649 1665
f 128 144 1664
f 144 1680 1664
f 129 1665 145
f 145 1665 1681
f 144 160 1680
f 160 1696 1680
f 145 1681 161
f 161 1681 1697
f 160 176 1696
f 176 1712 1696
f 161 1697 177
f 177 1697 1713
f 176 192 1712
f 192 1728 1712
f 177 1713 193
f 193 1713 1729
f 192 208 1728
f 208 1744 1728
f 193 1729 209
f 209 1729 1745
f 208 224 1744
f 224 1760 1744
f 209 1745 225
f 225 1745 1761
f 224 240 1760
f 240 1776 1760
f 225 1761 241
f 241 1761 1777
f 240 256 1776
f 256 1792 1776
f 241 1777 257
f 257 1777 1793
f 256 272 1792
f 272 1808 1792
f 257 1793 273
f 273 1793 1809
f 272 288 1808
f 288 1824 1808
f 273 1809 289
f 289 1809 1825
f 288 304 1824
f 304 1840 1824
f 289 1825 305
f 305 1825 1841
f 304 320 1840
f 320 1856 1840
f 305 1841 321
f 321 1841 1857
f 320 336 1856
f 336 1872 1856
f 321 1857 337
f 337 1857 1873
f 336 352 1872
f 352 1888 1872
f 337 1873 353
f 353 1873 1889
f 352 368 1888
f 368 1904 1888
f 353 1889 369
f 369 1889 1905
f 368 384 1904
f 384 1920 1904
f 369 1905 385
f 385 1905 1921
f 384 400 1920
f 400 1936 1920
f 385 1921 401
f 401 1921 1937
f 400 416 1936
f 416 1952 1936
f 401 1937 417
f 417 1937 1953
f 416 432 1952
f 432 1968 1952
f 417 1953 433
f 433 1953 1969
f 432 448 1968
f 448 1984 1968
f 433 1969 449
f 449 1969 1985
f 448 464 1984
f 464 2000 1984
f 449 1985 465
f 465 1985 2001
f 464 480 2000
f 480 2016 2000
f 465 2001 481
f 481 2001 2017
f 480 496 2016
f 496 2032 2016
f 481 2017 497
f 497 2017 2033
f 496 512 2032
f 512 2048 2032
f 497 2033 513
f 513 2033 2049
f 512 528 2048
f 528 2064 2048
f 513 2049 529
f 529 2049 2065
f 528 544 2064
f 544 2080 2064
f 529 2065 545
f 545 2065 2081
f 544 560 2080
f 560 2096 2080
f 545 2081 561
f 561 2081 2097
f 560 576 2096
f 576 2112 2096
f 561 2097 577
f 577 2097 2113
f 576 592 2112
f 592 2128 2112
f 577 2113 593
f 593 2113 2129
f 592 608 2128
f 608 2144 2128
f 593 2129 609
f 609 2129 2145
f 608 624 2144
f 624 2160 2144
f 609 2145 625
f 625 2145 2161
f 624 640 2160
f 640 2176 2160
f 625 2161 641
f 641 2161 2177
f 640 656 2176
f 656 2192 2176
f 641 2177 657
f 657 2177 2193
f 656 672 2192
f 672 2208 2192
f 657 2193 673
f 673 2193 2209
f 672 688 2208
f 688 2224 2208
f 673 2209 689
f 689 2209 2225
f 688 704 2224
f 704 2240 2224
f 689 2225 705
f 705 2225 2241
f 704 720 2240
f 720 2256 2240
f 705 2241 721
f 721 2241 2257
f 720 736 2256
f 736 2272 2256
f 721 2257 737
f 737 2257 2273
f 736 752 2272
f 752 2288 2272
f 737 2273 753
f 753 2273 2289
f 752 768 2288
f 768 2304 2288
f 753 2289 769
f 769 2289 2305
f 768 784 2304
f 784 2320 2304
f 769 2305 785
f 785 2305 2321
f 784 800 2320
f 800 2336 2320
f 785 2321 801
f 801 2321 2337
f 800 816 2336
f 816 2352 2336
f 801 2337 817
f 817 2337 2353
f 816 832 2352
f 832 2368 2352
f 817 2353 833
f 833 2353 2369
f 832 848 2368
f 848 2384 2368
f 833 2369 849
f 849 2369 2385
f 848 864 2384
f 864 2400 2384
f 849 2385 865
f 865 2385 2401
f 864 880 2400
f 880 2416 2400
f 865 2401 881
f 881 2401 2417
f 880 896 2416
f 896 2432 2416
f 881 2417 897
f 897 2417 2433
f 896 912 2432
f 912 2448 2432
f 897 2433 913
f 913 2433 2449
f 912 928 2448
f 928 2464 2448
f 913 2449 929
f 929 2449 2465
f 928 944 2464
f 944 2480 2464
f 929 2465 945
f 945 2465 2481
f 944 960 2480
f 960 2496 2480
f 945 2481 961
f 961 2481 2497
f 960 976 2496
f 976 2512 2496
f 961 2497 977
f 977 2497 2513
f 976 992 2512
f 992 2528 2512
f 977 2513 993
f 993 2513 2529
f 992 1008 2528
f 1008 2544 2528
f 993 2529 1009
f 1009 2529 2545
f 1008 1024 2544
f 1024 2560 2544
f 1009 2545 1025
f 1025 2545 2561
f 1024 1040 2560
f 1040 2576 2560
f 1025 2561 1041
f 1041 2561 2577
f 1040 1056 2576
f 1056 2592 2576
f 1041 2577 1057
f 1057 2577 2593
f 1056 1072 2592
f 1072 2608 2592
f 1057 2593 1073
f 1073 2593 2609
f 1072 1088 2608
f 1088 2624 2608
f 1073 2609 1089
f 1089 2609 2625
f 1088 1104 2624
f 1104 2640 2624
f 1089 2625 1105
f 1105 2625 2641
f 1104 1120 2640
f 1120 2656 2640
f 1105 2641 1121
f 1121 2641 2657
f 1120 1136 2656
f 1136 2672 2656
f 1121 2657 1137
f 1137 2657 2673
f 1136 1152 2672
f 1152 2688 2672
f 1137 2673 1153
f 1153 2673 2689
f 1152 1168 2688
f 1168 2704 2688
f 1153 2689 1169
f 1169 2689 2705
f 1168 1184 2704
f 1184 2720 2704
f 1169 2705 1185
f 1185 2705 2721
f 1184 1200 2720
f 1200 2736 2720
f 1185 2721 1201
f 1201 2721 2737
f 1200 1216 2736
f 1216 2752 2736
f 1201 2737 1217
f 1217 2737 2753
f 1216 1232 2752
f 1232 2768 2752
f 1217 2753 1233
f 1233 2753 2769
f 1232 1248 2768
f 1248 2784 2768
f 1233 2769 1249
f 1249 2769 2785
f 1248 1264 2784
f 1264 2800 2784
f 1249 2785 1265
f 1265 2785 2801
f 1264 1280 2800
f 1280 2816 2800
f 1265 2801 1281
f 1281 2801 2817
f 1280 1296 2816
f 1296 2832 2816
f 1281 2817 1297
f 1297 2817 2833
f 1296 1312 2832
f 1312 2848 2832
f 1297 2833 1313
f 1313 2833 2849
f 1312 1328 2848
f 1328 2864 2848
f 1313 2849 1329
f 1329 2849 2865
f 1328 1344 2864
f 1344 2880 2864
f 1329 2865 1345
f 1345 2865 2881
f 1344 1360 2880
f 1360 2896 2880
f 1345 2881 1361
f 1361 2881 2897
f 1360 1376 2896
f 1376 2912 2896
f 1361 2897 1377
f 1377 2897 2913
f 1376 1392 2912
f 1392 2928 2912
f 1377 2913 1393
f 1393 2913 2929
f 1392 1408 2928
f 1408 2944 2928
f 1393 2929 1409
f 1409 2929 2945
f 1408 1424 2944
f 1424 2960 2944
f 1409 2945 1425
f 1425 2945 2961
f 1424 1440 2960
f 1440 2976 2960
f 1425 2961 1441
f 1441 2961 2977
f 1440 1456 2976
f 1456 2992 2976
f 1441 2977 1457
f 1457 2977 2993
f 1456 1472 2992
f 1472 3008 2992
f 1457 2993 1473
f 1473 2993 3009
f 1472 1488 3008
f 1488 3024 3008
f 1473 3009 1489
f 1489 3009 3025
f 1488 1504 3024
f 1504 3040 3024
f 1489 3025 1505
f 1505 3025 3041
f 1504 1520 3040
f 1520 3056 3040
f 1505 3041 1521
f 1521 3041 3057
f 1520 1536 3056
f 1536 3072 3056
